2025-11-05 00:17:45,589 [INFO] LogOutputStream:77 - [STDOUT_REDIRECT] 1 : Invalid condition id : UX_CORESTACK_Condition cause : null
2025-11-05 00:17:45,612 [INFO] LogOutputStream:77 - [STDOUT_REDIRECT] 1 : Invalid condition id : UX_CORESTACK_Condition cause : null
2025-11-05 00:17:45,614 [INFO] LogOutputStream:77 - [STDOUT_REDIRECT] 1 : Invalid condition id : UX_CORESTACK_Condition cause : null
2025-11-05 00:17:45,619 [INFO] LogOutputStream:77 - [STDOUT_REDIRECT] 1 : Invalid condition id : UX_CORESTACK_Condition cause : null
2025-11-05 00:17:45,621 [INFO] LogOutputStream:77 - [STDOUT_REDIRECT] 1 : Invalid condition id : UX_CORESTACK_Condition cause : null
2025-11-05 00:17:45,625 [WARN] PackLoader:240 - Cannot read IP mode file for STMicroelectronics.X-CUBE-AZRTOS-WL.2.0.0
2025-11-05 00:17:45,635 [WARN] PackLoader:240 - Cannot read IP mode file for STMicroelectronics.FP-SNS-MOTENV1.5.0.0
2025-11-05 00:17:45,661 [WARN] PackLoader:240 - Cannot read IP mode file for WES.I-CUBE-Cesium.1.3.0
2025-11-05 00:17:45,670 [WARN] PackLoader:240 - Cannot read IP mode file for STMicroelectronics.X-CUBE-BLE2.3.3.0
2025-11-05 00:17:45,679 [WARN] PackLoader:240 - Cannot read IP mode file for STMicroelectronics.X-CUBE-NFC9.1.0.0
2025-11-05 00:17:45,699 [WARN] PackLoader:240 - Cannot read IP mode file for wolfSSL.I-CUBE-wolfSSL.5.8.2
2025-11-05 00:17:45,707 [WARN] PackLoader:240 - Cannot read IP mode file for STMicroelectronics.X-CUBE-BLE1.7.1.0
2025-11-05 00:17:45,713 [WARN] PackLoader:240 - Cannot read IP mode file for wolfSSL.I-CUBE-wolfMQTT.1.19.2
2025-11-05 00:17:45,723 [WARN] PackLoader:240 - Cannot read IP mode file for STMicroelectronics.X-CUBE-EEPRMA1.5.2.0
2025-11-05 00:17:45,730 [ERROR] Engine:466 - C:\Users\user\.stm32cubemx\thirdparties\pdsc\STMicroelectronics.X-CUBE-ST67W61.1.1.0.pdsc: PDSC version is not supported
2025-11-05 00:17:45,738 [WARN] PackLoader:240 - Cannot read IP mode file for STMicroelectronics.X-CUBE-AI.10.1.0
2025-11-05 00:17:45,772 [WARN] PackLoader:240 - Cannot read IP mode file for STMicroelectronics.X-CUBE-AZRTOS-G0.1.1.0
2025-11-05 00:17:45,787 [WARN] PackLoader:240 - Cannot read IP mode file for STMicroelectronics.X-CUBE-SAFEA1.1.2.2
2025-11-05 00:17:45,799 [WARN] PackLoader:240 - Cannot read IP mode file for STMicroelectronics.X-CUBE-NFC4.3.0.0
2025-11-05 00:17:45,812 [WARN] PackLoader:240 - Cannot read IP mode file for EmbeddedOffice.I-CUBE-FS-RTOS.1.0.1
2025-11-05 00:17:45,820 [WARN] PackLoader:240 - Cannot read IP mode file for STMicroelectronics.X-CUBE-WB05N.2.0.0
2025-11-05 00:17:45,826 [WARN] PackLoader:240 - Cannot read IP mode file for wolfSSL.I-CUBE-wolfTPM.3.8.0
2025-11-05 00:17:45,839 [WARN] PackLoader:240 - Cannot read IP mode file for STMicroelectronics.X-CUBE-TCPP.4.2.0
2025-11-05 00:17:45,848 [WARN] PackLoader:240 - Cannot read IP mode file for RealThread.X-CUBE-RT-Thread_Nano.4.1.1
2025-11-05 00:17:45,855 [WARN] PackLoader:240 - Cannot read IP mode file for STMicroelectronics.FP-ATR-SIGFOX1.3.2.0
2025-11-05 00:17:45,862 [WARN] PackLoader:240 - Cannot read IP mode file for ITTIA_DB.I-CUBE-ITTIADB.8.9.0
2025-11-05 00:17:45,870 [WARN] PackLoader:240 - Cannot read IP mode file for STMicroelectronics.X-CUBE-ST67W61.1.0.0
2025-11-05 00:17:45,874 [WARN] PackLoader:240 - Cannot read IP mode file for STMicroelectronics.X-CUBE-AI.10.2.0
2025-11-05 00:17:45,911 [WARN] PackLoader:240 - Cannot read IP mode file for SEGGER.I-CUBE-embOS.1.3.1
2025-11-05 00:17:46,096 [WARN] PackLoader:240 - Cannot read IP mode file for STMicroelectronics.X-CUBE-ALGOBUILD.1.4.0
2025-11-05 00:17:46,173 [WARN] PackLoader:240 - Cannot read IP mode file for STMicroelectronics.X-CUBE-MEMS1.11.3.0
2025-11-05 00:17:46,426 [WARN] PackLoader:240 - Cannot read IP mode file for STMicroelectronics.X-CUBE-PM33A1.1.0.0
2025-11-05 00:17:46,456 [WARN] PackLoader:240 - Cannot read IP mode file for STMicroelectronics.X-CUBE-AZRTOS-F4.1.1.0
2025-11-05 00:17:46,661 [WARN] PackLoader:240 - Cannot read IP mode file for STMicroelectronics.X-CUBE-ISPU.2.1.0
2025-11-05 00:17:46,670 [ERROR] Engine:466 - C:\Users\user\.stm32cubemx\thirdparties\pdsc\STMicroelectronics.X-CUBE-IPS.3.2.0.pdsc: PDSC version is not supported
2025-11-05 00:17:46,686 [WARN] PackLoader:240 - Cannot read IP mode file for STMicroelectronics.X-CUBE-NFC12.1.0.0
2025-11-05 00:17:46,719 [WARN] PackLoader:240 - Cannot read IP mode file for STMicroelectronics.X-CUBE-AZRTOS-L5.2.0.0
2025-11-05 00:17:46,737 [WARN] PackLoader:240 - Cannot read IP mode file for STMicroelectronics.X-CUBE-NFC6.3.1.0
2025-11-05 00:17:46,747 [WARN] PackLoader:240 - Cannot read IP mode file for STMicroelectronics.X-CUBE-FREERTOS.1.3.1
2025-11-05 00:17:46,754 [WARN] PackLoader:240 - Cannot read IP mode file for STMicroelectronics.X-CUBE-TOUCHGFX.4.26.0
2025-11-05 00:17:46,761 [WARN] PackLoader:240 - Cannot read IP mode file for STMicroelectronics.FP-SNS-STAIOTCFT.1.0.0
2025-11-05 00:17:46,773 [WARN] PackLoader:240 - Cannot read IP mode file for STMicroelectronics.X-CUBE-DPower.1.3.0
2025-11-05 00:17:46,940 [WARN] ConditionMgr:438 - getConditionDescription Invalid condition id : LAN8742 Phy interface Condition cause : null
2025-11-05 00:17:46,942 [WARN] PackLoader:240 - Cannot read IP mode file for STMicroelectronics.X-CUBE-AZRTOS-L4.2.0.0
2025-11-05 00:17:46,943 [WARN] ConditionMgr:1044 - genDependencies : Invalid condition id : LAN8742 Phy interface Condition cause : null
2025-11-05 00:17:46,943 [WARN] ConditionMgr:1044 - genDependencies : Invalid condition id : LAN8742 Phy interface Condition cause : null
2025-11-05 00:17:46,944 [WARN] ConditionMgr:1044 - genDependencies : Invalid condition id : LAN8742 Phy interface Condition cause : null
2025-11-05 00:17:46,957 [WARN] PackLoader:240 - Cannot read IP mode file for STMicroelectronics.X-CUBE-SFXS2LP1.4.0.0
2025-11-05 00:17:46,971 [WARN] PackLoader:240 - Cannot read IP mode file for STMicroelectronics.X-CUBE-BLEMGR.4.1.0
2025-11-05 00:17:46,990 [WARN] ConditionMgr:438 - getConditionDescription Invalid condition id : UX DEVICE CLASS RTOS Condition cause : null
2025-11-05 00:17:46,990 [WARN] ConditionMgr:438 - getConditionDescription Invalid condition id : UX DEVICE CLASS RTOS Condition cause : null
2025-11-05 00:17:46,993 [WARN] PackLoader:240 - Cannot read IP mode file for STMicroelectronics.X-CUBE-AZRTOS-WB.2.0.0
2025-11-05 00:17:46,994 [WARN] ConditionMgr:1044 - genDependencies : Invalid condition id : UX DEVICE CLASS RTOS Condition cause : null
2025-11-05 00:17:46,994 [WARN] ConditionMgr:1044 - genDependencies : Invalid condition id : UX DEVICE CLASS RTOS Condition cause : null
2025-11-05 00:17:46,994 [WARN] ConditionMgr:1044 - genDependencies : Invalid condition id : UX DEVICE CLASS RTOS Condition cause : null
2025-11-05 00:17:46,995 [WARN] ConditionMgr:1044 - genDependencies : Invalid condition id : UX DEVICE CLASS RTOS Condition cause : null
2025-11-05 00:17:46,995 [WARN] ConditionMgr:1044 - genDependencies : Invalid condition id : UX DEVICE CLASS RTOS Condition cause : null
2025-11-05 00:17:47,011 [WARN] PackLoader:240 - Cannot read IP mode file for STMicroelectronics.X-CUBE-GNSS1.7.0.1
2025-11-05 00:17:47,025 [WARN] PackLoader:240 - Cannot read IP mode file for STMicroelectronics.X-CUBE-TOUCHGFX.4.25.0
2025-11-05 00:17:47,031 [WARN] PackLoader:240 - Cannot read IP mode file for STMicroelectronics.FP-SNS-STBOX1.2.0.0
2025-11-05 00:17:47,042 [WARN] ConditionMgr:438 - getConditionDescription Invalid condition id : Cortex-A Device cause : null
2025-11-05 00:17:47,060 [WARN] ConditionMgr:1044 - genDependencies : Invalid condition id : Cortex-A Device cause : null
2025-11-05 00:17:47,060 [WARN] ConditionMgr:1044 - genDependencies : Invalid condition id : Cortex-A Device cause : null
2025-11-05 00:17:47,060 [WARN] ConditionMgr:1044 - genDependencies : Invalid condition id : Cortex-A Device cause : null
2025-11-05 00:17:47,077 [WARN] PackLoader:240 - Cannot read IP mode file for STMicroelectronics.X-CUBE-SUBG2.5.0.0
2025-11-05 00:17:47,108 [WARN] PackLoader:240 - Cannot read IP mode file for STMicroelectronics.X-CUBE-AZRTOS-H7RS.1.1.0
2025-11-05 00:17:47,117 [WARN] PackLoader:240 - Cannot read IP mode file for Cesanta.I-CUBE-Mongoose.7.13.0
2025-11-05 00:17:47,132 [WARN] PackLoader:240 - Cannot read IP mode file for STMicroelectronics.X-CUBE-AZRTOS-G4.2.0.0
2025-11-05 00:17:47,143 [WARN] PackLoader:240 - Cannot read IP mode file for wolfSSL.I-CUBE-wolfSSH.1.4.20
2025-11-05 00:17:47,149 [WARN] PackLoader:240 - Cannot read IP mode file for STMicroelectronics.X-CUBE-NFC7.2.0.0
2025-11-05 00:17:47,168 [WARN] PackLoader:240 - Cannot read IP mode file for STMicroelectronics.X-CUBE-IPS.3.1.0
2025-11-05 00:17:47,181 [WARN] PackLoader:240 - Cannot read IP mode file for STMicroelectronics.X-CUBE-ALS.1.0.2
2025-11-05 00:17:47,188 [WARN] PackLoader:240 - Cannot read IP mode file for STMicroelectronics.X-CUBE-STSE01.1.0.0
2025-11-05 00:17:47,201 [WARN] PackLoader:240 - Cannot read IP mode file for portGmbH.I-Cube-SoM-uGOAL.1.1.0
2025-11-05 00:17:47,223 [WARN] PackLoader:240 - Cannot read IP mode file for STMicroelectronics.X-CUBE-TOF1.3.4.3
2025-11-05 00:17:47,235 [INFO] ThirdParty:978 - Integrity check success = true
2025-11-05 00:17:47,235 [INFO] IntegrityCheckThread:100 - exiting critical section [integrity check]
2025-11-05 00:17:47,235 [INFO] IntegrityCheckThread:103 - End integrity checks thread
2025-11-05 00:17:47,418 [INFO] Mcu:2011 - Initializing MCU STM32G030K(6-8)Tx STM32G030K6Tx STM32G030K6T6TR
2025-11-05 00:17:49,932 [INFO] Context:756 - Trying to add GPIOservice into a context  which must be forbidden
2025-11-05 00:17:50,955 [INFO] ImportTextPane:218 - (OptionalMessage_ERROR) Pin15 (VP_RIF_VS_RIF1) cannot be retrieved for this MCU
2025-11-05 00:17:51,231 [INFO] RtosManager:558 - Registered RTOS mode: class=CMSIS, group=RTOS, mode=CMSIS_V1, owner=FREERTOS
2025-11-05 00:17:51,231 [INFO] RtosManager:558 - Registered RTOS mode: class=CMSIS, group=RTOS2, mode=CMSIS_V2, owner=FREERTOS
2025-11-05 00:17:51,231 [INFO] RtosManager:558 - Registered RTOS mode: class=RTOS, group=Core, mode=CMSIS_V1, owner=FREERTOS
2025-11-05 00:17:51,232 [INFO] RtosManager:558 - Registered RTOS mode: class=RTOS, group=Core, mode=CMSIS_V2, owner=FREERTOS
2025-11-05 00:17:51,232 [WARN] ModelIntegratedComponent:184 - Missing modes for component STMicroelectronics:FreeRTOS:0.0.1:STMicroelectronics:RTOS:FreeRTOS:Core:::10.2.0:
2025-11-05 00:17:51,261 [WARN] ModelIntegratedComponent:63 - No mode defined for component null
2025-11-05 00:17:51,261 [WARN] ModelIntegratedComponent:63 - No mode defined for component null
2025-11-05 00:17:51,261 [WARN] ModelIntegratedComponent:63 - No mode defined for component null
2025-11-05 00:17:51,261 [WARN] ModelIntegratedComponent:63 - No mode defined for component null
2025-11-05 00:17:51,261 [WARN] ModelIntegratedComponent:63 - No mode defined for component null
2025-11-05 00:17:51,261 [WARN] ModelIntegratedComponent:63 - No mode defined for component null
2025-11-05 00:17:51,261 [WARN] ModelIntegratedComponent:63 - No mode defined for component null
2025-11-05 00:17:51,261 [WARN] ModelIntegratedComponent:63 - No mode defined for component null
2025-11-05 00:17:51,261 [WARN] ModelIntegratedComponent:63 - No mode defined for component null
2025-11-05 00:17:51,262 [WARN] ModelIntegratedComponent:63 - No mode defined for component null
2025-11-05 00:17:51,262 [WARN] ModelIntegratedComponent:63 - No mode defined for component null
2025-11-05 00:17:51,262 [WARN] ModelIntegratedComponent:63 - No mode defined for component null
2025-11-05 00:17:51,262 [WARN] ModelIntegratedComponent:63 - No mode defined for component null
2025-11-05 00:17:51,262 [WARN] ModelIntegratedComponent:63 - No mode defined for component null
2025-11-05 00:17:51,262 [WARN] ModelIntegratedComponent:63 - No mode defined for component null
2025-11-05 00:17:51,262 [WARN] ModelIntegratedComponent:63 - No mode defined for component null
2025-11-05 00:17:51,262 [WARN] ModelIntegratedComponent:63 - No mode defined for component null
2025-11-05 00:17:51,262 [WARN] ModelIntegratedComponent:63 - No mode defined for component null
2025-11-05 00:17:51,262 [WARN] ModelIntegratedComponent:63 - No mode defined for component null
2025-11-05 00:17:51,262 [WARN] ModelIntegratedComponent:63 - No mode defined for component null
2025-11-05 00:17:51,262 [WARN] ModelIntegratedComponent:63 - No mode defined for component null
2025-11-05 00:17:51,262 [WARN] ModelIntegratedComponent:63 - No mode defined for component null
2025-11-05 00:17:51,263 [WARN] ModelIntegratedComponent:63 - No mode defined for component null
2025-11-05 00:17:51,263 [WARN] ModelIntegratedComponent:63 - No mode defined for component null
2025-11-05 00:17:51,263 [WARN] ModelIntegratedComponent:63 - No mode defined for component null
2025-11-05 00:17:51,263 [WARN] ModelIntegratedComponent:63 - No mode defined for component null
2025-11-05 00:17:51,263 [WARN] ModelIntegratedComponent:63 - No mode defined for component null
2025-11-05 00:17:51,263 [WARN] ModelIntegratedComponent:63 - No mode defined for component null
2025-11-05 00:17:51,263 [WARN] ModelIntegratedComponent:63 - No mode defined for component null
2025-11-05 00:17:51,263 [WARN] ModelIntegratedComponent:63 - No mode defined for component null
2025-11-05 00:17:51,263 [WARN] ModelIntegratedComponent:63 - No mode defined for component null
2025-11-05 00:17:51,263 [WARN] ModelIntegratedComponent:63 - No mode defined for component null
2025-11-05 00:17:51,264 [WARN] ModelIntegratedComponent:63 - No mode defined for component null
2025-11-05 00:17:51,265 [WARN] ModelIntegratedComponent:63 - No mode defined for component null
2025-11-05 00:17:51,265 [WARN] ModelIntegratedComponent:63 - No mode defined for component null
2025-11-05 00:17:51,265 [WARN] ModelPack:524 - Component already loaded: STMicroelectronics:HAL Drivers:0.0.0:STMicroelectronics:Device:STMicro_Driver:XSPI:HAL::0.0.1:HAL_XSPI
2025-11-05 00:17:51,425 [INFO] ThirdPartyModel:298 - Start build external matchings
2025-11-05 00:17:52,045 [INFO] ThirdPartyModel:316 - End build external matchings
2025-11-05 00:17:52,658 [INFO] ApiDb:581 - Connected to CubeFinder SQLite database (C:\Users\user\.stmcufinder\plugins\mcufinder\mcu\cube-finder-db.db)
2025-11-05 00:17:53,190 [INFO] ApiDb:668 - CubeFinder database Data Model version=2.1
2025-11-05 00:17:53,190 [INFO] ApiDb:669 - CubeFinder database Configuration version=3.0.39
2025-11-05 00:17:53,191 [INFO] ApiDb:670 - CubeFinder database generation date=2025-10-27 (1761571959)
2025-11-05 00:17:53,191 [INFO] ApiDb:671 - CubeFinder database FW Pack versions=[FP-ATR-ASTRA1_V2.0.0, FP-SNS-FLIGHT1_V5.1.0, FP-SNS-MOTENV1_V5.0.0, FP-SNS-MOTENVWB1_V1.4.0, FP-SNS-SMARTAG2_V1.2.0, FP-SNS-STBOX1_V2.1.0, STM32Cube_FW_C0_V1.4.0, STM32Cube_FW_F4_V1.28.3, STM32Cube_FW_F7_V1.17.4, STM32Cube_FW_G0_V1.6.2, STM32Cube_FW_G4_V1.6.1, STM32Cube_FW_H5_V1.5.0, STM32Cube_FW_H7RS_V1.2.0, STM32Cube_FW_H7_V1.12.1, STM32Cube_FW_L0_V1.12.2, STM32Cube_FW_L4_V1.18.1, STM32Cube_FW_L5_V1.5.1, STM32Cube_FW_N6_V1.2.0, STM32Cube_FW_U0_V1.3.0, STM32Cube_FW_U3_V1.2.1, STM32Cube_FW_U5_V1.8.0, STM32Cube_FW_WB0_V1.3.0, STM32Cube_FW_WBA_V1.7.0, STM32Cube_FW_WB_V1.23.0, STM32Cube_FW_WL3_V1.2.0, STM32Cube_FW_WL_V1.3.1, X-CUBE-ALGOBUILD_V1.4.0, X-CUBE-ALS_V1.0.2, X-CUBE-AZRTOS-F4_V1.1.0, X-CUBE-AZRTOS-F7_V1.1.0, X-CUBE-AZRTOS-G0_V1.1.0, X-CUBE-AZRTOS-G4_V2.0.0, X-CUBE-AZRTOS-H7RS_V1.1.0, X-CUBE-AZRTOS-H7_V3.4.0, X-CUBE-AZRTOS-L4_V2.0.0, X-CUBE-AZRTOS-L5_V2.0.0, X-CUBE-AZRTOS-WB_V2.0.0, X-CUBE-AZRTOS-WL_V2.0.0, X-CUBE-BLE1_V7.1.0, X-CUBE-BLE2_V3.3.0, X-CUBE-BLEMGR_V4.1.0, X-CUBE-EEPRMA1_V5.2.0, X-CUBE-FREERTOS_V1.3.1, X-CUBE-GNSS1_V6.0.0, X-CUBE-MEMS1_V11.3.0, X-CUBE-NFC4_V3.0.0, X-CUBE-NFC7_V2.0.0, X-CUBE-SFXS2LP1_V4.0.0, X-CUBE-ST67W61_V1.1.0, X-CUBE-SUBG2_V5.0.0, X-CUBE-TOF1_V3.4.3]
2025-11-05 00:17:53,610 [INFO] DbBoardsSqlite:226 - include board P-NUCLEO-WB55-NUCLEO as a kit item of type 'Nucleo-64'
2025-11-05 00:17:53,610 [INFO] DbBoardsSqlite:226 - include board P-NUCLEO-WB55-USBDONGLE as a kit item of type 'Nucleo USB Dongle'
2025-11-05 00:17:53,614 [INFO] DbBoardsSqlite:226 - include board STEVAL-IDP005V1 as a kit item of type 'Evaluation Board'
2025-11-05 00:17:53,616 [INFO] DbBoardsSqlite:226 - include board STEVAL-IDP005V2 as a kit item of type 'Evaluation Board'
2025-11-05 00:17:56,966 [INFO] ApiDb:240 - Found 895 in-development CPN: [B-G473E-ZEST1S, B-WB1M-WPAN1, B-WBA5M-WPAN, B-WL5M-SUBG1, NUCLEO-C031C6, NUCLEO-C051C8, NUCLEO-C071RB, NUCLEO-C092RC, NUCLEO-H503RB, NUCLEO-H533RE, NUCLEO-H563ZI, NUCLEO-H7S3L8, NUCLEO-N657X0-Q, NUCLEO-U031R8, NUCLEO-U083RC, NUCLEO-U385RG-Q, NUCLEO-U545RE-Q, NUCLEO-U5A5ZJ-Q, NUCLEO-WB05KZ, NUCLEO-WB07CC, NUCLEO-WB09KE, NUCLEO-WBA52CG, NUCLEO-WBA55CG, NUCLEO-WBA65RI, NUCLEO-WL33CC1, NUCLEO-WL33CC2, STEVAL-PROTEUS1, STEVAL-SMARTAG2, STEVAL-STWINBX1, STM320518-EVAL, STM32C0116-DK, STM32C011D6Y3TR, STM32C011D6Y6TR, STM32C011F4P3, STM32C011F4P6, STM32C011F4U3, STM32C011F4U6TR, STM32C011F6P3, STM32C011F6P6, STM32C011F6U3, STM32C011F6U6TR, STM32C011J4M3, STM32C011J4M6, STM32C011J6M3, STM32C011J6M6, STM32C0316-DK, STM32C031C4T3, STM32C031C4T6, STM32C031C4U3, STM32C031C4U6, STM32C031C6T3, STM32C031C6T6, STM32C031C6U3, STM32C031C6U6, STM32C031F4P3, STM32C031F4P6, STM32C031F6P3, STM32C031F6P6, STM32C031G4U3, STM32C031G4U6, STM32C031G6U3, STM32C031G6U6, STM32C031K4T3, STM32C031K4T6, STM32C031K4U3, STM32C031K4U6, STM32C031K6T3, STM32C031K6T6, STM32C031K6U3, STM32C031K6U6, STM32C051C6T6, STM32C051C6U6, STM32C051C8T6, STM32C051C8U6, STM32C051D8Y6TR, STM32C051F6P6, STM32C051F8P6, STM32C051G6U6, STM32C051G8U6, STM32C051K6T6, STM32C051K6U6, STM32C051K8T6, STM32C071C8T6, STM32C071C8T6N, STM32C071C8U6, STM32C071C8U6N, STM32C071CBT6, STM32C071CBT6N, STM32C071CBU6, STM32C071CBU6N, STM32C071F8P6, STM32C071F8P6N, STM32C071FBP6, STM32C071FBP6N, STM32C071FBY6TR, STM32C071G8U6, STM32C071G8U6N, STM32C071GBU6, STM32C071GBU6N, STM32C071K8T6, STM32C071K8T6N, STM32C071K8U6, STM32C071K8U6N, STM32C071KBT6, STM32C071KBT6N, STM32C071KBU6, STM32C071KBU6N, STM32C071R8T6, STM32C071R8T6N, STM32C071RBI6N, STM32C071RBT6, STM32C071RBT6N, STM32C091CBT6, STM32C091CBU6, STM32C091CCT6, STM32C091CCU6, STM32C091ECY6TR, STM32C091FBP6, STM32C091FCP6, STM32C091GBU6, STM32C091GCU6, STM32C091KBT6, STM32C091KBU6, STM32C091KCT6, STM32C091KCU6, STM32C091RBT6, STM32C091RCI6, STM32C091RCT6, STM32C092CBT6, STM32C092CBU6, STM32C092CCT6, STM32C092CCU6, STM32C092ECY6TR, STM32C092FBP6, STM32C092FCP6, STM32C092GBU6, STM32C092GCU6, STM32C092KBT6, STM32C092KBU6, STM32C092KCT6, STM32C092KCU6, STM32C092RBT6, STM32C092RCI6, STM32C092RCT6, STM32G071K8TXN, STM32G071K8UXN, STM32G081GBU6N, STM32G081KBT6N, STM32G081KBUXN, STM32G0B1CCT6N, STM32G0B1KCT6, STM32G0B1NEY6TR, STM32G0B1RCT6N, STM32G0C1CCT6, STM32G0C1CCT6N, STM32G0C1CCU6N, STM32G0C1CET6N, STM32G0C1CEU6N, STM32G0C1KCT6, STM32G0C1NEY6TR, STM32G0C1RCI6N, STM32G0C1RCT6N, STM32G0C1REI6N, STM32G0C1RET6N, STM32G0C1VCI6, STM32G0C1VEI6, STM32G411C6T3, STM32G411C6T6, STM32G411C6U3, STM32G411C6U6, STM32G411C8T3, STM32G411C8T6, STM32G411C8U3, STM32G411C8U6, STM32G411CBT3, STM32G411CBT6, STM32G411CBU3, STM32G411CBU6, STM32G411CCT3, STM32G411CCT6, STM32G411CCU3, STM32G411CCU6, STM32G411K6T3, STM32G411K6T6, STM32G411K6U3, STM32G411K6U6, STM32G411K8T3, STM32G411K8T6, STM32G411K8U3, STM32G411K8U6, STM32G411KBT3, STM32G411KBT6, STM32G411KBU3, STM32G411KBU6, STM32G411M6T3, STM32G411M6T6, STM32G411M8T3, STM32G411M8T6, STM32G411MBT3, STM32G411MBT6, STM32G411MCT3, STM32G411MCT6, STM32G411R6T3, STM32G411R6T6, STM32G411R8T3, STM32G411R8T6, STM32G411RBT3, STM32G411RBT6, STM32G411RCT3, STM32G411RCT6, STM32G414CBT3, STM32G414CBT6, STM32G414CBU3, STM32G414CBU6, STM32G414CCT3, STM32G414CCT6, STM32G414CCU3, STM32G414CCU6, STM32G414MBT3, STM32G414MBT6, STM32G414MCT3, STM32G414MCT6, STM32G414RBT3, STM32G414RBT6, STM32G414RCT3, STM32G414RCT6, STM32G414VBT3, STM32G414VBT6, STM32G414VCT3, STM32G414VCT6, STM32G431CBT3Z, STM32G431RBT3Z, STM32G471CCT6, STM32G471CCU6, STM32G471CET3, STM32G471CET6, STM32G471CEU3, STM32G471CEU6, STM32G471MCT6, STM32G471MET3, STM32G471MET6, STM32G471MEY6TR, STM32G471QCT6, STM32G471QET3, STM32G471RCT6, STM32G471RET3, STM32G471RET6, STM32G471VCH6, STM32G471VCI6, STM32G471VCT6, STM32G471VEH3, STM32G471VEH6, STM32G471VEI3, STM32G471VEI6, STM32G471VET3, STM32G471VET6, STM32G473QET3Z, STM32G473RET3Z, STM32G474CCT6, STM32G491RET3Z, STM32H503CBT6, STM32H503CBU6, STM32H503EBY6TR, STM32H503KBU6, STM32H503RBT6, STM32H523CCT6, STM32H523CCU6, STM32H523CET6, STM32H523CEU6, STM32H523HEY6TR, STM32H523RCT6, STM32H523RET6, STM32H523VCI6, STM32H523VCT6, STM32H523VEI6, STM32H523VET6, STM32H523ZCJ6, STM32H523ZCT6, STM32H523ZEJ6, STM32H523ZET6, STM32H533CET6, STM32H533CEU6, STM32H533HEY6TR, STM32H533RET6, STM32H533VEI6, STM32H533VET6, STM32H533ZEJ6, STM32H533ZET6, STM32H562AGI6, STM32H562AII6, STM32H562IGK6, STM32H562IGT6, STM32H562IIK6, STM32H562IIT6, STM32H562RGT6, STM32H562RGV6, STM32H562RIT6, STM32H562RIV6, STM32H562VGT6, STM32H562VIT6, STM32H562ZGT6, STM32H562ZIT6, STM32H563AGI6, STM32H563AII3Q, STM32H563AII6, STM32H563IGK6, STM32H563IGT6, STM32H563IIK3Q, STM32H563IIK6, STM32H563IIT3Q, STM32H563IIT6, STM32H563MIY3QTR, STM32H563RGT6, STM32H563RGV6, STM32H563RIT6, STM32H563RIV6, STM32H563VGT6, STM32H563VIT3Q, STM32H563VIT6, STM32H563ZGT6, STM32H563ZIT3Q, STM32H563ZIT6, STM32H573AII3Q, STM32H573AII6, STM32H573I-DK, STM32H573IIK3Q, STM32H573IIK6, STM32H573IIT3Q, STM32H573IIT6, STM32H573MIY3QTR, STM32H573RIT6, STM32H573RIV6, STM32H573VIT3Q, STM32H573VIT6, STM32H573ZIT3Q, STM32H573ZIT6, STM32H7R3A8I6, STM32H7R3I8K6, STM32H7R3I8T6, STM32H7R3L8H6, STM32H7R3L8H6H, STM32H7R3R8V6, STM32H7R3V8H6, STM32H7R3V8T6, STM32H7R3V8Y6TR, STM32H7R3Z8J6, STM32H7R3Z8T6, STM32H7R7A8I6, STM32H7R7I8K6, STM32H7R7I8T6, STM32H7R7L8H6, STM32H7R7L8H6H, STM32H7R7Z8J6, STM32H7S3A8I6, STM32H7S3I8K6, STM32H7S3I8T6, STM32H7S3L8H6, STM32H7S3L8H6H, STM32H7S3R8V6, STM32H7S3V8H6, STM32H7S3V8T6, STM32H7S3V8Y6TR, STM32H7S3Z8J6, STM32H7S3Z8T6, STM32H7S78-DK, STM32H7S7A8I6, STM32H7S7I8K6, STM32H7S7I8T6, STM32H7S7L8H6, STM32H7S7L8H6H, STM32H7S7Z8J6, STM32L4R5QGI6STR, STM32MP131AAE3, STM32MP131AAF3, STM32MP131AAG3, STM32MP131CAE3, STM32MP131CAF3, STM32MP131CAG3, STM32MP131DAE7, STM32MP131DAF7, STM32MP131DAG7, STM32MP131FAE7, STM32MP131FAF7, STM32MP131FAG7, STM32MP133AAE3, STM32MP133AAF3, STM32MP133AAG3, STM32MP133CAE3, STM32MP133CAF3, STM32MP133CAG3, STM32MP133DAE7, STM32MP133DAF7, STM32MP133DAG7, STM32MP133FAE7, STM32MP133FAF7, STM32MP133FAG7, STM32MP135AAE3, STM32MP135AAF3, STM32MP135AAG3, STM32MP135CAE3, STM32MP135CAF3, STM32MP135CAG3, STM32MP135DAE7, STM32MP135DAF7, STM32MP135DAG7, STM32MP135F-DK, STM32MP135FAE7, STM32MP135FAF7, STM32MP135FAF7T, STM32MP135FAF7U, STM32MP135FAG7, STM32MP231AAJ3, STM32MP231AAK3, STM32MP231AAL3, STM32MP231CAJ3, STM32MP231CAK3, STM32MP231CAL3, STM32MP231DAJ3, STM32MP231DAK3, STM32MP231DAL3, STM32MP231FAJ3, STM32MP231FAK3, STM32MP231FAL3, STM32MP233AAJ3, STM32MP233AAK3, STM32MP233AAL3, STM32MP233CAJ3, STM32MP233CAK3, STM32MP233CAL3, STM32MP233DAJ3, STM32MP233DAK3, STM32MP233DAL3, STM32MP233FAJ3, STM32MP233FAK3, STM32MP233FAL3, STM32MP235AAJ3, STM32MP235AAK3, STM32MP235AAL3, STM32MP235CAJ3, STM32MP235CAK3, STM32MP235CAL3, STM32MP235DAJ3, STM32MP235DAK3, STM32MP235DAL3, STM32MP235FAJ3, STM32MP235FAK3, STM32MP235FAL3, STM32MP251AAI3, STM32MP251AAJ3, STM32MP251AAK3, STM32MP251AAL3, STM32MP251CAI3, STM32MP251CAJ3, STM32MP251CAK3, STM32MP251CAL3, STM32MP251DAI3, STM32MP251DAJ3, STM32MP251DAK3, STM32MP251DAL3, STM32MP251FAI3, STM32MP251FAJ3, STM32MP251FAK3, STM32MP251FAL3, STM32MP253AAI3, STM32MP253AAJ3, STM32MP253AAK3, STM32MP253AAL3, STM32MP253CAI3, STM32MP253CAJ3, STM32MP253CAK3, STM32MP253CAL3, STM32MP253DAI3, STM32MP253DAJ3, STM32MP253DAK3, STM32MP253DAL3, STM32MP253FAI3, STM32MP253FAJ3, STM32MP253FAK3, STM32MP253FAL3, STM32MP255AAI3, STM32MP255AAJ3, STM32MP255AAK3, STM32MP255AAL3, STM32MP255CAI3, STM32MP255CAJ3, STM32MP255CAK3, STM32MP255CAL3, STM32MP255DAI3, STM32MP255DAJ3, STM32MP255DAK3, STM32MP255DAL3, STM32MP255FAI3, STM32MP255FAJ3, STM32MP255FAK3, STM32MP255FAL3, STM32MP257AAI3, STM32MP257AAJ3, STM32MP257AAK3, STM32MP257AAL3, STM32MP257CAI3, STM32MP257CAJ3, STM32MP257CAK3, STM32MP257CAL3, STM32MP257DAI3, STM32MP257DAJ3, STM32MP257DAK3, STM32MP257DAL3, STM32MP257F-DK, STM32MP257F-EV1, STM32MP257FAI3, STM32MP257FAJ3, STM32MP257FAK3, STM32MP257FAL3, STM32N645A0H3Q, STM32N645B0H3Q, STM32N645I0H3Q, STM32N645L0H3Q, STM32N645X0H3Q, STM32N645Z0H3Q, STM32N647A0H3Q, STM32N647B0H3Q, STM32N647I0H3Q, STM32N647L0H3Q, STM32N647X0H3Q, STM32N647Z0H3Q, STM32N655A0H3Q, STM32N655B0H3Q, STM32N655I0H3Q, STM32N655L0H3Q, STM32N655X0H3Q, STM32N655Z0H3Q, STM32N6570-DK, STM32N657A0H3Q, STM32N657B0H3Q, STM32N657I0H3Q, STM32N657L0H3Q, STM32N657X0H3Q, STM32N657Z0H3Q, STM32U031C6T6, STM32U031C6U6, STM32U031C8T6, STM32U031C8U6, STM32U031F4P6, STM32U031F6P6, STM32U031F8P6, STM32U031G6Y6TR, STM32U031G8Y6TR, STM32U031K4U6, STM32U031K6U6, STM32U031K8U6, STM32U031R6I6, STM32U031R6T6, STM32U031R8I6, STM32U031R8T6, STM32U073C8T6, STM32U073C8U6, STM32U073CBT6, STM32U073CBU6, STM32U073CCT6, STM32U073CCU6, STM32U073H8Y6TR, STM32U073HBY6TR, STM32U073HCY6TR, STM32U073K8U6, STM32U073KBU6, STM32U073KCU6, STM32U073M8I6, STM32U073M8T6, STM32U073MBI6, STM32U073MBT6, STM32U073MCI6, STM32U073MCT6, STM32U073R8I6, STM32U073R8T6, STM32U073RBI6, STM32U073RBT6, STM32U073RCI6, STM32U073RCT6, STM32U083C-DK, STM32U083CCT6, STM32U083CCU6, STM32U083HCY6TR, STM32U083KCU6, STM32U083MCI6, STM32U083MCT6, STM32U083RCI6, STM32U083RCT6, STM32U375CET6, STM32U375CET6Q, STM32U375CEU6, STM32U375CEU6Q, STM32U375CEY6QTR, STM32U375CGT6, STM32U375CGT6Q, STM32U375CGU6, STM32U375CGU6Q, STM32U375CGY6QTR, STM32U375KEU6, STM32U375KGU6, STM32U375REI6, STM32U375REI6Q, STM32U375RET6, STM32U375RET6Q, STM32U375REY6GTR, STM32U375REY6QTR, STM32U375RGI6, STM32U375RGI6Q, STM32U375RGT6, STM32U375RGT6Q, STM32U375RGY6GTR, STM32U375RGY6QTR, STM32U375VEI6, STM32U375VEI6Q, STM32U375VET6, STM32U375VET6Q, STM32U375VGI6, STM32U375VGI6Q, STM32U375VGT6, STM32U375VGT6Q, STM32U385CGT6, STM32U385CGT6Q, STM32U385CGU6, STM32U385CGU6Q, STM32U385CGY6QTR, STM32U385KGU6, STM32U385RGI6, STM32U385RGI6Q, STM32U385RGT6, STM32U385RGT6Q, STM32U385RGY6GTR, STM32U385RGY6QTR, STM32U385VGI6, STM32U385VGI6Q, STM32U385VGT6, STM32U385VGT6Q, STM32U535CBT6, STM32U535CBT6Q, STM32U535CBU6, STM32U535CBU6Q, STM32U535CCT6, STM32U535CCT6Q, STM32U535CCU6, STM32U535CCU6Q, STM32U535CET6, STM32U535CET6Q, STM32U535CEU6, STM32U535CEU6Q, STM32U535JEY6QTR, STM32U535NCY6QTR, STM32U535NEY6QTR, STM32U535RBI6, STM32U535RBI6Q, STM32U535RBT6, STM32U535RBT6Q, STM32U535RCI6, STM32U535RCI6Q, STM32U535RCT6, STM32U535RCT6Q, STM32U535REI6, STM32U535REI6Q, STM32U535RET6, STM32U535RET6Q, STM32U535VCI6, STM32U535VCI6Q, STM32U535VCT6, STM32U535VCT6Q, STM32U535VEI6, STM32U535VEI6Q, STM32U535VET6, STM32U535VET6Q, STM32U545CET6, STM32U545CET6Q, STM32U545CEU6, STM32U545CEU6Q, STM32U545JEY6QTR, STM32U545NEY6QTR, STM32U545REI6, STM32U545REI6Q, STM32U545RET6, STM32U545RET6Q, STM32U545VEI6, STM32U545VEI6Q, STM32U545VET6, STM32U545VET6Q, STM32U595AIH6, STM32U595AIH6Q, STM32U595AJH6, STM32U595AJH6Q, STM32U595QII6, STM32U595QII6Q, STM32U595QJI6, STM32U595QJI6Q, STM32U595RIT6, STM32U595RIT6Q, STM32U595RJT6, STM32U595RJT6Q, STM32U595VIT6, STM32U595VIT6Q, STM32U595VJT6, STM32U595VJT6Q, STM32U595ZIT6, STM32U595ZIT6Q, STM32U595ZIY6QTR, STM32U595ZJT6, STM32U595ZJT6Q, STM32U595ZJY6QTR, STM32U599BJY6QTR, STM32U599NIH6Q, STM32U599NJH6Q, STM32U599VIT6Q, STM32U599VJT6, STM32U599VJT6Q, STM32U599ZIT6Q, STM32U599ZIY6QTR, STM32U599ZJT6Q, STM32U599ZJY6QTR, STM32U5A5AJH6, STM32U5A5AJH6Q, STM32U5A5QII3Q , STM32U5A5QJI6, STM32U5A5QJI6Q, STM32U5A5RJT6, STM32U5A5RJT6Q, STM32U5A5VJT6, STM32U5A5VJT6Q, STM32U5A5ZJT6, STM32U5A5ZJT6Q, STM32U5A5ZJY6QTR, STM32U5A9BJY6QTR, STM32U5A9J-DK, STM32U5A9NJH6Q, STM32U5A9VJT6Q, STM32U5A9ZJT6Q, STM32U5A9ZJY6QTR, STM32U5F7VIT6, STM32U5F7VIT6Q, STM32U5F7VJT6, STM32U5F7VJT6Q, STM32U5F9BJY6QTR, STM32U5F9NJH6Q, STM32U5F9VIT6Q, STM32U5F9VJT6Q, STM32U5F9ZIJ6QTR, STM32U5F9ZIT6Q, STM32U5F9ZJJ6QTR, STM32U5F9ZJT6Q, STM32U5G7VJT6, STM32U5G7VJT6Q, STM32U5G9BJY6QTR, STM32U5G9J-DK1, STM32U5G9J-DK2, STM32U5G9NJH6Q, STM32U5G9VJT6Q, STM32U5G9ZJJ6QTR, STM32U5G9ZJT6Q, STM32WB05KZV6TR, STM32WB05KZV7TR, STM32WB05TZF6TR, STM32WB05TZF7TR, STM32WB06CCF6TR, STM32WB06CCF7TR, STM32WB06CCV6TR, STM32WB06CCV7TR, STM32WB06KCV6TR, STM32WB06KCV7TR, STM32WB07CCF6TR, STM32WB07CCF7TR, STM32WB07CCV6TR, STM32WB07CCV7TR, STM32WB07KCV6TR, STM32WB07KCV7TR, STM32WB09KEV6TR, STM32WB09KEV7TR, STM32WB09TEF6TR, STM32WB09TEF7TR, STM32WB1MMCH6, STM32WBA50KGU6, STM32WBA50KGU6TR, STM32WBA52CEU6, STM32WBA52CEU6TR, STM32WBA52CEU7, STM32WBA52CEU7TR, STM32WBA52CGU6, STM32WBA52CGU6TR, STM32WBA52CGU6U, STM32WBA52CGU7, STM32WBA52CGU7TR, STM32WBA52KEU6, STM32WBA52KEU6TR, STM32WBA52KGU6, STM32WBA52KGU6TR, STM32WBA54CEU6, STM32WBA54CEU6TR, STM32WBA54CEU7, STM32WBA54CEU7TR, STM32WBA54CGU6, STM32WBA54CGU6TR, STM32WBA54CGU7, STM32WBA54CGU7TR, STM32WBA54KEU6, STM32WBA54KEU6TR, STM32WBA54KEU7, STM32WBA54KEU7TR, STM32WBA54KGU6, STM32WBA54KGU6TR, STM32WBA54KGU7, STM32WBA54KGU7TR, STM32WBA55CEU6, STM32WBA55CEU6TR, STM32WBA55CEU7, STM32WBA55CEU7TR, STM32WBA55CGU6, STM32WBA55CGU6TR, STM32WBA55CGU6U, STM32WBA55CGU7, STM32WBA55CGU7TR, STM32WBA55G-DK1, STM32WBA55HEF6, STM32WBA55HEF7, STM32WBA55HGF6, STM32WBA55HGF7, STM32WBA55UEI6, STM32WBA55UEI6TR, STM32WBA55UEI7, STM32WBA55UEI7TR, STM32WBA55UGI6, STM32WBA55UGI6TR, STM32WBA55UGI7, STM32WBA55UGI7TR, STM32WBA5MJGH6TR, STM32WBA62CGU6, STM32WBA62CIU6, STM32WBA62MGF6, STM32WBA62MIF6, STM32WBA62PGI6, STM32WBA62PII6, STM32WBA63CGU6, STM32WBA63CGU7, STM32WBA63CIU6, STM32WBA63CIU7, STM32WBA64CGU6, STM32WBA64CGU7, STM32WBA64CIU6, STM32WBA64CIU7, STM32WBA65CGU6, STM32WBA65CGU7, STM32WBA65CIU6, STM32WBA65CIU7, STM32WBA65I-DK1, STM32WBA65MGF6, STM32WBA65MGF7, STM32WBA65MIF6, STM32WBA65MIF7, STM32WBA65PGI6, STM32WBA65PGI7, STM32WBA65PII6, STM32WBA65PII7, STM32WBA65RGV6, STM32WBA65RGV7, STM32WBA65RIV6, STM32WBA65RIV7, STM32WL30K8V6, STM32WL30KBV6, STM32WL31C8V6, STM32WL31CBV6, STM32WL31K8V6, STM32WL31KBV6, STM32WL33C8V6, STM32WL33C8V6TR, STM32WL33C8V7, STM32WL33C8V7TR, STM32WL33CBV6, STM32WL33CBV6TR, STM32WL33CBV7, STM32WL33CBV7TR, STM32WL33CCV6, STM32WL33CCV6TR, STM32WL33CCV7, STM32WL33CCV7A, STM32WL33CCV7ATR, STM32WL33CCV7TR, STM32WL33K8V6, STM32WL33K8V6TR, STM32WL33K8V7, STM32WL33K8V7TR, STM32WL33KBV6, STM32WL33KBV6TR, STM32WL33KBV7, STM32WL33KBV7TR, STM32WL33KCV6, STM32WL33KCV6TR, STM32WL33KCV7, STM32WL33KCV7TR, STM32WL5MOCH6, STM32WL5MOCH6TR]
2025-11-05 00:17:56,971 [INFO] ApiDb:668 - CubeFinder database Data Model version=2.1
2025-11-05 00:17:56,971 [INFO] ApiDb:669 - CubeFinder database Configuration version=3.0.39
2025-11-05 00:17:56,971 [INFO] ApiDb:670 - CubeFinder database generation date=2025-10-27 (1761571959)
2025-11-05 00:17:56,971 [INFO] ApiDb:671 - CubeFinder database FW Pack versions=[FP-ATR-ASTRA1_V2.0.0, FP-SNS-FLIGHT1_V5.1.0, FP-SNS-MOTENV1_V5.0.0, FP-SNS-MOTENVWB1_V1.4.0, FP-SNS-SMARTAG2_V1.2.0, FP-SNS-STBOX1_V2.1.0, STM32Cube_FW_C0_V1.4.0, STM32Cube_FW_F4_V1.28.3, STM32Cube_FW_F7_V1.17.4, STM32Cube_FW_G0_V1.6.2, STM32Cube_FW_G4_V1.6.1, STM32Cube_FW_H5_V1.5.0, STM32Cube_FW_H7RS_V1.2.0, STM32Cube_FW_H7_V1.12.1, STM32Cube_FW_L0_V1.12.2, STM32Cube_FW_L4_V1.18.1, STM32Cube_FW_L5_V1.5.1, STM32Cube_FW_N6_V1.2.0, STM32Cube_FW_U0_V1.3.0, STM32Cube_FW_U3_V1.2.1, STM32Cube_FW_U5_V1.8.0, STM32Cube_FW_WB0_V1.3.0, STM32Cube_FW_WBA_V1.7.0, STM32Cube_FW_WB_V1.23.0, STM32Cube_FW_WL3_V1.2.0, STM32Cube_FW_WL_V1.3.1, X-CUBE-ALGOBUILD_V1.4.0, X-CUBE-ALS_V1.0.2, X-CUBE-AZRTOS-F4_V1.1.0, X-CUBE-AZRTOS-F7_V1.1.0, X-CUBE-AZRTOS-G0_V1.1.0, X-CUBE-AZRTOS-G4_V2.0.0, X-CUBE-AZRTOS-H7RS_V1.1.0, X-CUBE-AZRTOS-H7_V3.4.0, X-CUBE-AZRTOS-L4_V2.0.0, X-CUBE-AZRTOS-L5_V2.0.0, X-CUBE-AZRTOS-WB_V2.0.0, X-CUBE-AZRTOS-WL_V2.0.0, X-CUBE-BLE1_V7.1.0, X-CUBE-BLE2_V3.3.0, X-CUBE-BLEMGR_V4.1.0, X-CUBE-EEPRMA1_V5.2.0, X-CUBE-FREERTOS_V1.3.1, X-CUBE-GNSS1_V6.0.0, X-CUBE-MEMS1_V11.3.0, X-CUBE-NFC4_V3.0.0, X-CUBE-NFC7_V2.0.0, X-CUBE-SFXS2LP1_V4.0.0, X-CUBE-ST67W61_V1.1.0, X-CUBE-SUBG2_V5.0.0, X-CUBE-TOF1_V3.4.3]
2025-11-05 00:18:08,699 [INFO] ApiDb:240 - Found 895 in-development CPN: [B-G473E-ZEST1S, B-WB1M-WPAN1, B-WBA5M-WPAN, B-WL5M-SUBG1, NUCLEO-C031C6, NUCLEO-C051C8, NUCLEO-C071RB, NUCLEO-C092RC, NUCLEO-H503RB, NUCLEO-H533RE, NUCLEO-H563ZI, NUCLEO-H7S3L8, NUCLEO-N657X0-Q, NUCLEO-U031R8, NUCLEO-U083RC, NUCLEO-U385RG-Q, NUCLEO-U545RE-Q, NUCLEO-U5A5ZJ-Q, NUCLEO-WB05KZ, NUCLEO-WB07CC, NUCLEO-WB09KE, NUCLEO-WBA52CG, NUCLEO-WBA55CG, NUCLEO-WBA65RI, NUCLEO-WL33CC1, NUCLEO-WL33CC2, STEVAL-PROTEUS1, STEVAL-SMARTAG2, STEVAL-STWINBX1, STM320518-EVAL, STM32C0116-DK, STM32C011D6Y3TR, STM32C011D6Y6TR, STM32C011F4P3, STM32C011F4P6, STM32C011F4U3, STM32C011F4U6TR, STM32C011F6P3, STM32C011F6P6, STM32C011F6U3, STM32C011F6U6TR, STM32C011J4M3, STM32C011J4M6, STM32C011J6M3, STM32C011J6M6, STM32C0316-DK, STM32C031C4T3, STM32C031C4T6, STM32C031C4U3, STM32C031C4U6, STM32C031C6T3, STM32C031C6T6, STM32C031C6U3, STM32C031C6U6, STM32C031F4P3, STM32C031F4P6, STM32C031F6P3, STM32C031F6P6, STM32C031G4U3, STM32C031G4U6, STM32C031G6U3, STM32C031G6U6, STM32C031K4T3, STM32C031K4T6, STM32C031K4U3, STM32C031K4U6, STM32C031K6T3, STM32C031K6T6, STM32C031K6U3, STM32C031K6U6, STM32C051C6T6, STM32C051C6U6, STM32C051C8T6, STM32C051C8U6, STM32C051D8Y6TR, STM32C051F6P6, STM32C051F8P6, STM32C051G6U6, STM32C051G8U6, STM32C051K6T6, STM32C051K6U6, STM32C051K8T6, STM32C071C8T6, STM32C071C8T6N, STM32C071C8U6, STM32C071C8U6N, STM32C071CBT6, STM32C071CBT6N, STM32C071CBU6, STM32C071CBU6N, STM32C071F8P6, STM32C071F8P6N, STM32C071FBP6, STM32C071FBP6N, STM32C071FBY6TR, STM32C071G8U6, STM32C071G8U6N, STM32C071GBU6, STM32C071GBU6N, STM32C071K8T6, STM32C071K8T6N, STM32C071K8U6, STM32C071K8U6N, STM32C071KBT6, STM32C071KBT6N, STM32C071KBU6, STM32C071KBU6N, STM32C071R8T6, STM32C071R8T6N, STM32C071RBI6N, STM32C071RBT6, STM32C071RBT6N, STM32C091CBT6, STM32C091CBU6, STM32C091CCT6, STM32C091CCU6, STM32C091ECY6TR, STM32C091FBP6, STM32C091FCP6, STM32C091GBU6, STM32C091GCU6, STM32C091KBT6, STM32C091KBU6, STM32C091KCT6, STM32C091KCU6, STM32C091RBT6, STM32C091RCI6, STM32C091RCT6, STM32C092CBT6, STM32C092CBU6, STM32C092CCT6, STM32C092CCU6, STM32C092ECY6TR, STM32C092FBP6, STM32C092FCP6, STM32C092GBU6, STM32C092GCU6, STM32C092KBT6, STM32C092KBU6, STM32C092KCT6, STM32C092KCU6, STM32C092RBT6, STM32C092RCI6, STM32C092RCT6, STM32G071K8TXN, STM32G071K8UXN, STM32G081GBU6N, STM32G081KBT6N, STM32G081KBUXN, STM32G0B1CCT6N, STM32G0B1KCT6, STM32G0B1NEY6TR, STM32G0B1RCT6N, STM32G0C1CCT6, STM32G0C1CCT6N, STM32G0C1CCU6N, STM32G0C1CET6N, STM32G0C1CEU6N, STM32G0C1KCT6, STM32G0C1NEY6TR, STM32G0C1RCI6N, STM32G0C1RCT6N, STM32G0C1REI6N, STM32G0C1RET6N, STM32G0C1VCI6, STM32G0C1VEI6, STM32G411C6T3, STM32G411C6T6, STM32G411C6U3, STM32G411C6U6, STM32G411C8T3, STM32G411C8T6, STM32G411C8U3, STM32G411C8U6, STM32G411CBT3, STM32G411CBT6, STM32G411CBU3, STM32G411CBU6, STM32G411CCT3, STM32G411CCT6, STM32G411CCU3, STM32G411CCU6, STM32G411K6T3, STM32G411K6T6, STM32G411K6U3, STM32G411K6U6, STM32G411K8T3, STM32G411K8T6, STM32G411K8U3, STM32G411K8U6, STM32G411KBT3, STM32G411KBT6, STM32G411KBU3, STM32G411KBU6, STM32G411M6T3, STM32G411M6T6, STM32G411M8T3, STM32G411M8T6, STM32G411MBT3, STM32G411MBT6, STM32G411MCT3, STM32G411MCT6, STM32G411R6T3, STM32G411R6T6, STM32G411R8T3, STM32G411R8T6, STM32G411RBT3, STM32G411RBT6, STM32G411RCT3, STM32G411RCT6, STM32G414CBT3, STM32G414CBT6, STM32G414CBU3, STM32G414CBU6, STM32G414CCT3, STM32G414CCT6, STM32G414CCU3, STM32G414CCU6, STM32G414MBT3, STM32G414MBT6, STM32G414MCT3, STM32G414MCT6, STM32G414RBT3, STM32G414RBT6, STM32G414RCT3, STM32G414RCT6, STM32G414VBT3, STM32G414VBT6, STM32G414VCT3, STM32G414VCT6, STM32G431CBT3Z, STM32G431RBT3Z, STM32G471CCT6, STM32G471CCU6, STM32G471CET3, STM32G471CET6, STM32G471CEU3, STM32G471CEU6, STM32G471MCT6, STM32G471MET3, STM32G471MET6, STM32G471MEY6TR, STM32G471QCT6, STM32G471QET3, STM32G471RCT6, STM32G471RET3, STM32G471RET6, STM32G471VCH6, STM32G471VCI6, STM32G471VCT6, STM32G471VEH3, STM32G471VEH6, STM32G471VEI3, STM32G471VEI6, STM32G471VET3, STM32G471VET6, STM32G473QET3Z, STM32G473RET3Z, STM32G474CCT6, STM32G491RET3Z, STM32H503CBT6, STM32H503CBU6, STM32H503EBY6TR, STM32H503KBU6, STM32H503RBT6, STM32H523CCT6, STM32H523CCU6, STM32H523CET6, STM32H523CEU6, STM32H523HEY6TR, STM32H523RCT6, STM32H523RET6, STM32H523VCI6, STM32H523VCT6, STM32H523VEI6, STM32H523VET6, STM32H523ZCJ6, STM32H523ZCT6, STM32H523ZEJ6, STM32H523ZET6, STM32H533CET6, STM32H533CEU6, STM32H533HEY6TR, STM32H533RET6, STM32H533VEI6, STM32H533VET6, STM32H533ZEJ6, STM32H533ZET6, STM32H562AGI6, STM32H562AII6, STM32H562IGK6, STM32H562IGT6, STM32H562IIK6, STM32H562IIT6, STM32H562RGT6, STM32H562RGV6, STM32H562RIT6, STM32H562RIV6, STM32H562VGT6, STM32H562VIT6, STM32H562ZGT6, STM32H562ZIT6, STM32H563AGI6, STM32H563AII3Q, STM32H563AII6, STM32H563IGK6, STM32H563IGT6, STM32H563IIK3Q, STM32H563IIK6, STM32H563IIT3Q, STM32H563IIT6, STM32H563MIY3QTR, STM32H563RGT6, STM32H563RGV6, STM32H563RIT6, STM32H563RIV6, STM32H563VGT6, STM32H563VIT3Q, STM32H563VIT6, STM32H563ZGT6, STM32H563ZIT3Q, STM32H563ZIT6, STM32H573AII3Q, STM32H573AII6, STM32H573I-DK, STM32H573IIK3Q, STM32H573IIK6, STM32H573IIT3Q, STM32H573IIT6, STM32H573MIY3QTR, STM32H573RIT6, STM32H573RIV6, STM32H573VIT3Q, STM32H573VIT6, STM32H573ZIT3Q, STM32H573ZIT6, STM32H7R3A8I6, STM32H7R3I8K6, STM32H7R3I8T6, STM32H7R3L8H6, STM32H7R3L8H6H, STM32H7R3R8V6, STM32H7R3V8H6, STM32H7R3V8T6, STM32H7R3V8Y6TR, STM32H7R3Z8J6, STM32H7R3Z8T6, STM32H7R7A8I6, STM32H7R7I8K6, STM32H7R7I8T6, STM32H7R7L8H6, STM32H7R7L8H6H, STM32H7R7Z8J6, STM32H7S3A8I6, STM32H7S3I8K6, STM32H7S3I8T6, STM32H7S3L8H6, STM32H7S3L8H6H, STM32H7S3R8V6, STM32H7S3V8H6, STM32H7S3V8T6, STM32H7S3V8Y6TR, STM32H7S3Z8J6, STM32H7S3Z8T6, STM32H7S78-DK, STM32H7S7A8I6, STM32H7S7I8K6, STM32H7S7I8T6, STM32H7S7L8H6, STM32H7S7L8H6H, STM32H7S7Z8J6, STM32L4R5QGI6STR, STM32MP131AAE3, STM32MP131AAF3, STM32MP131AAG3, STM32MP131CAE3, STM32MP131CAF3, STM32MP131CAG3, STM32MP131DAE7, STM32MP131DAF7, STM32MP131DAG7, STM32MP131FAE7, STM32MP131FAF7, STM32MP131FAG7, STM32MP133AAE3, STM32MP133AAF3, STM32MP133AAG3, STM32MP133CAE3, STM32MP133CAF3, STM32MP133CAG3, STM32MP133DAE7, STM32MP133DAF7, STM32MP133DAG7, STM32MP133FAE7, STM32MP133FAF7, STM32MP133FAG7, STM32MP135AAE3, STM32MP135AAF3, STM32MP135AAG3, STM32MP135CAE3, STM32MP135CAF3, STM32MP135CAG3, STM32MP135DAE7, STM32MP135DAF7, STM32MP135DAG7, STM32MP135F-DK, STM32MP135FAE7, STM32MP135FAF7, STM32MP135FAF7T, STM32MP135FAF7U, STM32MP135FAG7, STM32MP231AAJ3, STM32MP231AAK3, STM32MP231AAL3, STM32MP231CAJ3, STM32MP231CAK3, STM32MP231CAL3, STM32MP231DAJ3, STM32MP231DAK3, STM32MP231DAL3, STM32MP231FAJ3, STM32MP231FAK3, STM32MP231FAL3, STM32MP233AAJ3, STM32MP233AAK3, STM32MP233AAL3, STM32MP233CAJ3, STM32MP233CAK3, STM32MP233CAL3, STM32MP233DAJ3, STM32MP233DAK3, STM32MP233DAL3, STM32MP233FAJ3, STM32MP233FAK3, STM32MP233FAL3, STM32MP235AAJ3, STM32MP235AAK3, STM32MP235AAL3, STM32MP235CAJ3, STM32MP235CAK3, STM32MP235CAL3, STM32MP235DAJ3, STM32MP235DAK3, STM32MP235DAL3, STM32MP235FAJ3, STM32MP235FAK3, STM32MP235FAL3, STM32MP251AAI3, STM32MP251AAJ3, STM32MP251AAK3, STM32MP251AAL3, STM32MP251CAI3, STM32MP251CAJ3, STM32MP251CAK3, STM32MP251CAL3, STM32MP251DAI3, STM32MP251DAJ3, STM32MP251DAK3, STM32MP251DAL3, STM32MP251FAI3, STM32MP251FAJ3, STM32MP251FAK3, STM32MP251FAL3, STM32MP253AAI3, STM32MP253AAJ3, STM32MP253AAK3, STM32MP253AAL3, STM32MP253CAI3, STM32MP253CAJ3, STM32MP253CAK3, STM32MP253CAL3, STM32MP253DAI3, STM32MP253DAJ3, STM32MP253DAK3, STM32MP253DAL3, STM32MP253FAI3, STM32MP253FAJ3, STM32MP253FAK3, STM32MP253FAL3, STM32MP255AAI3, STM32MP255AAJ3, STM32MP255AAK3, STM32MP255AAL3, STM32MP255CAI3, STM32MP255CAJ3, STM32MP255CAK3, STM32MP255CAL3, STM32MP255DAI3, STM32MP255DAJ3, STM32MP255DAK3, STM32MP255DAL3, STM32MP255FAI3, STM32MP255FAJ3, STM32MP255FAK3, STM32MP255FAL3, STM32MP257AAI3, STM32MP257AAJ3, STM32MP257AAK3, STM32MP257AAL3, STM32MP257CAI3, STM32MP257CAJ3, STM32MP257CAK3, STM32MP257CAL3, STM32MP257DAI3, STM32MP257DAJ3, STM32MP257DAK3, STM32MP257DAL3, STM32MP257F-DK, STM32MP257F-EV1, STM32MP257FAI3, STM32MP257FAJ3, STM32MP257FAK3, STM32MP257FAL3, STM32N645A0H3Q, STM32N645B0H3Q, STM32N645I0H3Q, STM32N645L0H3Q, STM32N645X0H3Q, STM32N645Z0H3Q, STM32N647A0H3Q, STM32N647B0H3Q, STM32N647I0H3Q, STM32N647L0H3Q, STM32N647X0H3Q, STM32N647Z0H3Q, STM32N655A0H3Q, STM32N655B0H3Q, STM32N655I0H3Q, STM32N655L0H3Q, STM32N655X0H3Q, STM32N655Z0H3Q, STM32N6570-DK, STM32N657A0H3Q, STM32N657B0H3Q, STM32N657I0H3Q, STM32N657L0H3Q, STM32N657X0H3Q, STM32N657Z0H3Q, STM32U031C6T6, STM32U031C6U6, STM32U031C8T6, STM32U031C8U6, STM32U031F4P6, STM32U031F6P6, STM32U031F8P6, STM32U031G6Y6TR, STM32U031G8Y6TR, STM32U031K4U6, STM32U031K6U6, STM32U031K8U6, STM32U031R6I6, STM32U031R6T6, STM32U031R8I6, STM32U031R8T6, STM32U073C8T6, STM32U073C8U6, STM32U073CBT6, STM32U073CBU6, STM32U073CCT6, STM32U073CCU6, STM32U073H8Y6TR, STM32U073HBY6TR, STM32U073HCY6TR, STM32U073K8U6, STM32U073KBU6, STM32U073KCU6, STM32U073M8I6, STM32U073M8T6, STM32U073MBI6, STM32U073MBT6, STM32U073MCI6, STM32U073MCT6, STM32U073R8I6, STM32U073R8T6, STM32U073RBI6, STM32U073RBT6, STM32U073RCI6, STM32U073RCT6, STM32U083C-DK, STM32U083CCT6, STM32U083CCU6, STM32U083HCY6TR, STM32U083KCU6, STM32U083MCI6, STM32U083MCT6, STM32U083RCI6, STM32U083RCT6, STM32U375CET6, STM32U375CET6Q, STM32U375CEU6, STM32U375CEU6Q, STM32U375CEY6QTR, STM32U375CGT6, STM32U375CGT6Q, STM32U375CGU6, STM32U375CGU6Q, STM32U375CGY6QTR, STM32U375KEU6, STM32U375KGU6, STM32U375REI6, STM32U375REI6Q, STM32U375RET6, STM32U375RET6Q, STM32U375REY6GTR, STM32U375REY6QTR, STM32U375RGI6, STM32U375RGI6Q, STM32U375RGT6, STM32U375RGT6Q, STM32U375RGY6GTR, STM32U375RGY6QTR, STM32U375VEI6, STM32U375VEI6Q, STM32U375VET6, STM32U375VET6Q, STM32U375VGI6, STM32U375VGI6Q, STM32U375VGT6, STM32U375VGT6Q, STM32U385CGT6, STM32U385CGT6Q, STM32U385CGU6, STM32U385CGU6Q, STM32U385CGY6QTR, STM32U385KGU6, STM32U385RGI6, STM32U385RGI6Q, STM32U385RGT6, STM32U385RGT6Q, STM32U385RGY6GTR, STM32U385RGY6QTR, STM32U385VGI6, STM32U385VGI6Q, STM32U385VGT6, STM32U385VGT6Q, STM32U535CBT6, STM32U535CBT6Q, STM32U535CBU6, STM32U535CBU6Q, STM32U535CCT6, STM32U535CCT6Q, STM32U535CCU6, STM32U535CCU6Q, STM32U535CET6, STM32U535CET6Q, STM32U535CEU6, STM32U535CEU6Q, STM32U535JEY6QTR, STM32U535NCY6QTR, STM32U535NEY6QTR, STM32U535RBI6, STM32U535RBI6Q, STM32U535RBT6, STM32U535RBT6Q, STM32U535RCI6, STM32U535RCI6Q, STM32U535RCT6, STM32U535RCT6Q, STM32U535REI6, STM32U535REI6Q, STM32U535RET6, STM32U535RET6Q, STM32U535VCI6, STM32U535VCI6Q, STM32U535VCT6, STM32U535VCT6Q, STM32U535VEI6, STM32U535VEI6Q, STM32U535VET6, STM32U535VET6Q, STM32U545CET6, STM32U545CET6Q, STM32U545CEU6, STM32U545CEU6Q, STM32U545JEY6QTR, STM32U545NEY6QTR, STM32U545REI6, STM32U545REI6Q, STM32U545RET6, STM32U545RET6Q, STM32U545VEI6, STM32U545VEI6Q, STM32U545VET6, STM32U545VET6Q, STM32U595AIH6, STM32U595AIH6Q, STM32U595AJH6, STM32U595AJH6Q, STM32U595QII6, STM32U595QII6Q, STM32U595QJI6, STM32U595QJI6Q, STM32U595RIT6, STM32U595RIT6Q, STM32U595RJT6, STM32U595RJT6Q, STM32U595VIT6, STM32U595VIT6Q, STM32U595VJT6, STM32U595VJT6Q, STM32U595ZIT6, STM32U595ZIT6Q, STM32U595ZIY6QTR, STM32U595ZJT6, STM32U595ZJT6Q, STM32U595ZJY6QTR, STM32U599BJY6QTR, STM32U599NIH6Q, STM32U599NJH6Q, STM32U599VIT6Q, STM32U599VJT6, STM32U599VJT6Q, STM32U599ZIT6Q, STM32U599ZIY6QTR, STM32U599ZJT6Q, STM32U599ZJY6QTR, STM32U5A5AJH6, STM32U5A5AJH6Q, STM32U5A5QII3Q , STM32U5A5QJI6, STM32U5A5QJI6Q, STM32U5A5RJT6, STM32U5A5RJT6Q, STM32U5A5VJT6, STM32U5A5VJT6Q, STM32U5A5ZJT6, STM32U5A5ZJT6Q, STM32U5A5ZJY6QTR, STM32U5A9BJY6QTR, STM32U5A9J-DK, STM32U5A9NJH6Q, STM32U5A9VJT6Q, STM32U5A9ZJT6Q, STM32U5A9ZJY6QTR, STM32U5F7VIT6, STM32U5F7VIT6Q, STM32U5F7VJT6, STM32U5F7VJT6Q, STM32U5F9BJY6QTR, STM32U5F9NJH6Q, STM32U5F9VIT6Q, STM32U5F9VJT6Q, STM32U5F9ZIJ6QTR, STM32U5F9ZIT6Q, STM32U5F9ZJJ6QTR, STM32U5F9ZJT6Q, STM32U5G7VJT6, STM32U5G7VJT6Q, STM32U5G9BJY6QTR, STM32U5G9J-DK1, STM32U5G9J-DK2, STM32U5G9NJH6Q, STM32U5G9VJT6Q, STM32U5G9ZJJ6QTR, STM32U5G9ZJT6Q, STM32WB05KZV6TR, STM32WB05KZV7TR, STM32WB05TZF6TR, STM32WB05TZF7TR, STM32WB06CCF6TR, STM32WB06CCF7TR, STM32WB06CCV6TR, STM32WB06CCV7TR, STM32WB06KCV6TR, STM32WB06KCV7TR, STM32WB07CCF6TR, STM32WB07CCF7TR, STM32WB07CCV6TR, STM32WB07CCV7TR, STM32WB07KCV6TR, STM32WB07KCV7TR, STM32WB09KEV6TR, STM32WB09KEV7TR, STM32WB09TEF6TR, STM32WB09TEF7TR, STM32WB1MMCH6, STM32WBA50KGU6, STM32WBA50KGU6TR, STM32WBA52CEU6, STM32WBA52CEU6TR, STM32WBA52CEU7, STM32WBA52CEU7TR, STM32WBA52CGU6, STM32WBA52CGU6TR, STM32WBA52CGU6U, STM32WBA52CGU7, STM32WBA52CGU7TR, STM32WBA52KEU6, STM32WBA52KEU6TR, STM32WBA52KGU6, STM32WBA52KGU6TR, STM32WBA54CEU6, STM32WBA54CEU6TR, STM32WBA54CEU7, STM32WBA54CEU7TR, STM32WBA54CGU6, STM32WBA54CGU6TR, STM32WBA54CGU7, STM32WBA54CGU7TR, STM32WBA54KEU6, STM32WBA54KEU6TR, STM32WBA54KEU7, STM32WBA54KEU7TR, STM32WBA54KGU6, STM32WBA54KGU6TR, STM32WBA54KGU7, STM32WBA54KGU7TR, STM32WBA55CEU6, STM32WBA55CEU6TR, STM32WBA55CEU7, STM32WBA55CEU7TR, STM32WBA55CGU6, STM32WBA55CGU6TR, STM32WBA55CGU6U, STM32WBA55CGU7, STM32WBA55CGU7TR, STM32WBA55G-DK1, STM32WBA55HEF6, STM32WBA55HEF7, STM32WBA55HGF6, STM32WBA55HGF7, STM32WBA55UEI6, STM32WBA55UEI6TR, STM32WBA55UEI7, STM32WBA55UEI7TR, STM32WBA55UGI6, STM32WBA55UGI6TR, STM32WBA55UGI7, STM32WBA55UGI7TR, STM32WBA5MJGH6TR, STM32WBA62CGU6, STM32WBA62CIU6, STM32WBA62MGF6, STM32WBA62MIF6, STM32WBA62PGI6, STM32WBA62PII6, STM32WBA63CGU6, STM32WBA63CGU7, STM32WBA63CIU6, STM32WBA63CIU7, STM32WBA64CGU6, STM32WBA64CGU7, STM32WBA64CIU6, STM32WBA64CIU7, STM32WBA65CGU6, STM32WBA65CGU7, STM32WBA65CIU6, STM32WBA65CIU7, STM32WBA65I-DK1, STM32WBA65MGF6, STM32WBA65MGF7, STM32WBA65MIF6, STM32WBA65MIF7, STM32WBA65PGI6, STM32WBA65PGI7, STM32WBA65PII6, STM32WBA65PII7, STM32WBA65RGV6, STM32WBA65RGV7, STM32WBA65RIV6, STM32WBA65RIV7, STM32WL30K8V6, STM32WL30KBV6, STM32WL31C8V6, STM32WL31CBV6, STM32WL31K8V6, STM32WL31KBV6, STM32WL33C8V6, STM32WL33C8V6TR, STM32WL33C8V7, STM32WL33C8V7TR, STM32WL33CBV6, STM32WL33CBV6TR, STM32WL33CBV7, STM32WL33CBV7TR, STM32WL33CCV6, STM32WL33CCV6TR, STM32WL33CCV7, STM32WL33CCV7A, STM32WL33CCV7ATR, STM32WL33CCV7TR, STM32WL33K8V6, STM32WL33K8V6TR, STM32WL33K8V7, STM32WL33K8V7TR, STM32WL33KBV6, STM32WL33KBV6TR, STM32WL33KBV7, STM32WL33KBV7TR, STM32WL33KCV6, STM32WL33KCV6TR, STM32WL33KCV7, STM32WL33KCV7TR, STM32WL5MOCH6, STM32WL5MOCH6TR]
2025-11-05 00:18:08,704 [INFO] DbMcus:218 - Found 4747 MCUs, 4747 are supported
2025-11-05 00:18:08,705 [INFO] ApiDb:423 - Load user favorites file C:\Users\user/.stm32cubeide/favorites.mcus.txt: 0 item(s)
2025-11-05 00:18:08,705 [INFO] ApiDb:427 - User favorites MCUs=[]
2025-11-05 00:18:08,705 [INFO] DbMcus:224 - Set 0 / 0 favorites MCUs
2025-11-05 00:18:09,976 [INFO] BoardInfo:889 - No configuration file found for board P-NUCLEO-WB55
2025-11-05 00:18:09,978 [INFO] DbBoards:161 - Kit is not supported: P-NUCLEO-WB55
2025-11-05 00:18:09,988 [INFO] BoardInfo:889 - No configuration file found for board STEVAL-BFA001V1B
2025-11-05 00:18:09,990 [INFO] DbBoards:161 - Kit is not supported: STEVAL-BFA001V1B
2025-11-05 00:18:09,992 [INFO] BoardInfo:889 - No configuration file found for board STEVAL-BFA001V2B
2025-11-05 00:18:09,994 [INFO] DbBoards:161 - Kit is not supported: STEVAL-BFA001V2B
2025-11-05 00:18:10,326 [INFO] DbBoards:168 - Found 211 boards, 208 are supported
2025-11-05 00:18:10,327 [INFO] DbBoards:169 - Found 211 boards, 43 of them is supported for  Bsp
2025-11-05 00:18:10,330 [INFO] ApiDb:423 - Load user favorites file C:\Users\user/.stm32cubeide/favorites.boards.txt: 0 item(s)
2025-11-05 00:18:10,330 [INFO] ApiDb:427 - User favorites Boards=[]
2025-11-05 00:18:10,331 [INFO] DbBoards:198 - Set 0 / 0 favorites Boards
2025-11-05 00:18:10,541 [INFO] UtilMem:75 - End LoadConfig() Used Memory: 853555920 Bytes (1073741824)
2025-11-05 00:18:10,890 [WARN] ThirdParty:833 - waiting for thirdparty lock release [change project]
2025-11-05 00:18:10,891 [INFO] ThirdParty:835 - entering critical section [change project]
2025-11-05 00:18:10,892 [INFO] ThirdParty:1030 - CMSIS Pack Vendor :STMicroelectronics X-CUBE-PM33A1 1.0.0
2025-11-05 00:18:10,892 [INFO] ThirdParty:1030 - CMSIS Pack Vendor :STMicroelectronics USBPD 4.1
2025-11-05 00:18:10,892 [INFO] ThirdParty:1030 - CMSIS Pack Vendor :STMicroelectronics X-CUBE-NFC9 1.0.0
2025-11-05 00:18:10,892 [INFO] ThirdParty:1030 - CMSIS Pack Vendor :STMicroelectronics USB_HOST 2.0.0
2025-11-05 00:18:10,892 [INFO] ThirdParty:1030 - CMSIS Pack Vendor :STMicroelectronics FP-SNS-MOTENVWB1 1.4.0
2025-11-05 00:18:10,893 [INFO] ThirdParty:1030 - CMSIS Pack Vendor :STMicroelectronics X-CUBE-AZRTOS-F4 1.1.0
2025-11-05 00:18:10,893 [INFO] ThirdParty:1030 - CMSIS Pack Vendor :STMicroelectronics LIBJPEG 8.0.0
2025-11-05 00:18:10,893 [INFO] ThirdParty:1030 - CMSIS Pack Vendor :STMicroelectronics FP-ATR-ASTRA1 2.0.2
2025-11-05 00:18:10,893 [INFO] ThirdParty:1030 - CMSIS Pack Vendor :wolfSSL I-CUBE-wolfSSL 5.8.2
2025-11-05 00:18:10,893 [INFO] ThirdParty:1030 - CMSIS Pack Vendor :STMicroelectronics X-CUBE-BLE1 7.1.0
2025-11-05 00:18:10,893 [INFO] ThirdParty:1030 - CMSIS Pack Vendor :STMicroelectronics X-CUBE-SMBUS 2.1.0
2025-11-05 00:18:10,893 [INFO] ThirdParty:1030 - CMSIS Pack Vendor :wolfSSL I-CUBE-wolfMQTT 1.19.2
2025-11-05 00:18:10,893 [INFO] ThirdParty:1030 - CMSIS Pack Vendor :STMicroelectronics USB_DEVICE 3.0.0
2025-11-05 00:18:10,893 [INFO] ThirdParty:1030 - CMSIS Pack Vendor :STMicroelectronics X-CUBE-ISPU 2.1.0
2025-11-05 00:18:10,893 [INFO] ThirdParty:1030 - CMSIS Pack Vendor :STMicroelectronics X-CUBE-EEPRMA1 5.2.0
2025-11-05 00:18:10,893 [INFO] ThirdParty:1030 - CMSIS Pack Vendor :STMicroelectronics X-CUBE-BLEMGR 4.1.0
2025-11-05 00:18:10,893 [INFO] ThirdParty:1030 - CMSIS Pack Vendor :STMicroelectronics X-CUBE-AZRTOS-WB 2.0.0
2025-11-05 00:18:10,893 [INFO] ThirdParty:1030 - CMSIS Pack Vendor :STMicroelectronics X-CUBE-ST60 1.0.0
2025-11-05 00:18:10,893 [INFO] ThirdParty:1030 - CMSIS Pack Vendor :STMicroelectronics X-CUBE-GNSS1 7.0.1
2025-11-05 00:18:10,893 [INFO] ThirdParty:1030 - CMSIS Pack Vendor :STMicroelectronics X-CUBE-NFC12 1.0.0
2025-11-05 00:18:10,893 [INFO] ThirdParty:1030 - CMSIS Pack Vendor :STMicroelectronics X-CUBE-AZRTOS-F7 1.1.0
2025-11-05 00:18:10,893 [INFO] ThirdParty:1030 - CMSIS Pack Vendor :STMicroelectronics X-CUBE-AZRTOS-L5 2.0.0
2025-11-05 00:18:10,893 [INFO] ThirdParty:1030 - CMSIS Pack Vendor :STMicroelectronics X-CUBE-TOUCHGFX 4.25.0
2025-11-05 00:18:10,893 [INFO] ThirdParty:1030 - CMSIS Pack Vendor :STMicroelectronics USB_DEVICE 2.0.0
2025-11-05 00:18:10,894 [INFO] ThirdParty:1030 - CMSIS Pack Vendor :STMicroelectronics X-CUBE-NFC6 3.1.0
2025-11-05 00:18:10,894 [INFO] ThirdParty:1030 - CMSIS Pack Vendor :STMicroelectronics X-CUBE-AI 10.1.0
2025-11-05 00:18:10,894 [INFO] ThirdParty:1030 - CMSIS Pack Vendor :STMicroelectronics FP-SNS-STBOX1 2.0.0
2025-11-05 00:18:10,894 [INFO] ThirdParty:1030 - CMSIS Pack Vendor :quantropi X-CUBE-qispace-sdk-base 2.1.0
2025-11-05 00:18:10,894 [INFO] ThirdParty:1030 - CMSIS Pack Vendor :STMicroelectronics FreeRTOS 0.0.1
2025-11-05 00:18:10,894 [INFO] ThirdParty:1030 - CMSIS Pack Vendor :STMicroelectronics X-CUBE-AZRTOS-G0 1.1.0
2025-11-05 00:18:10,894 [INFO] ThirdParty:1030 - CMSIS Pack Vendor :STMicroelectronics X-CUBE-SAFEA1 1.2.2
2025-11-05 00:18:10,894 [INFO] ThirdParty:1030 - CMSIS Pack Vendor :STMicroelectronics X-CUBE-NFC4 3.0.0
2025-11-05 00:18:10,894 [INFO] ThirdParty:1030 - CMSIS Pack Vendor :STMicroelectronics X-CUBE-SUBG2 5.0.0
2025-11-05 00:18:10,894 [INFO] ThirdParty:1030 - CMSIS Pack Vendor :STMicroelectronics X-CUBE-AZRTOS-H7RS 1.1.0
2025-11-05 00:18:10,894 [INFO] ThirdParty:1030 - CMSIS Pack Vendor :STMicroelectronics STM32_WPAN 1.0.0
2025-11-05 00:18:10,894 [INFO] ThirdParty:1030 - CMSIS Pack Vendor :EmbeddedOffice I-CUBE-FS-RTOS 1.0.1
2025-11-05 00:18:10,894 [INFO] ThirdParty:1030 - CMSIS Pack Vendor :STMicroelectronics lwIP 2.0.3
2025-11-05 00:18:10,894 [INFO] ThirdParty:1030 - CMSIS Pack Vendor :Cesanta I-CUBE-Mongoose 7.13.0
2025-11-05 00:18:10,894 [INFO] ThirdParty:1030 - CMSIS Pack Vendor :STMicroelectronics USB_HOST 1.0.0
2025-11-05 00:18:10,894 [INFO] ThirdParty:1030 - CMSIS Pack Vendor :Infineon AIROC-Wi-Fi-Bluetooth-STM32 1.7.1
2025-11-05 00:18:10,894 [INFO] ThirdParty:1030 - CMSIS Pack Vendor :STMicroelectronics X-CUBE-AZRTOS-G4 2.0.0
2025-11-05 00:18:10,894 [INFO] ThirdParty:1030 - CMSIS Pack Vendor :STMicroelectronics X-CUBE-WB05N 2.0.0
2025-11-05 00:18:10,894 [INFO] ThirdParty:1030 - CMSIS Pack Vendor :STMicroelectronics PDM2PCM 3.1.0
2025-11-05 00:18:10,894 [INFO] ThirdParty:1030 - CMSIS Pack Vendor :STMicroelectronics PDM2PCM 3.3.0
2025-11-05 00:18:10,894 [INFO] ThirdParty:1030 - CMSIS Pack Vendor :wolfSSL I-CUBE-wolfTPM 3.8.0
2025-11-05 00:18:10,895 [INFO] ThirdParty:1030 - CMSIS Pack Vendor :STMicroelectronics X-CUBE-AZRTOS-H7 3.4.0
2025-11-05 00:18:10,895 [INFO] ThirdParty:1030 - CMSIS Pack Vendor :STMicroelectronics X-CUBE-DISPLAY 3.0.0
2025-11-05 00:18:10,895 [INFO] ThirdParty:1030 - CMSIS Pack Vendor :wolfSSL I-CUBE-wolfSSH 1.4.20
2025-11-05 00:18:10,895 [INFO] ThirdParty:1030 - CMSIS Pack Vendor :STMicroelectronics X-CUBE-NFC7 2.0.0
2025-11-05 00:18:10,895 [INFO] ThirdParty:1030 - CMSIS Pack Vendor :STMicroelectronics X-CUBE-TCPP 4.2.0
2025-11-05 00:18:10,895 [INFO] ThirdParty:1030 - CMSIS Pack Vendor :RealThread X-CUBE-RT-Thread_Nano 4.1.1
2025-11-05 00:18:10,895 [INFO] ThirdParty:1030 - CMSIS Pack Vendor :STMicroelectronics FP-ATR-SIGFOX1 3.2.0
2025-11-05 00:18:10,895 [INFO] ThirdParty:1030 - CMSIS Pack Vendor :STMicroelectronics X-CUBE-NFC10 1.0.0
2025-11-05 00:18:10,895 [INFO] ThirdParty:1030 - CMSIS Pack Vendor :STMicroelectronics X-CUBE-FREERTOS 1.3.1
2025-11-05 00:18:10,895 [INFO] ThirdParty:1030 - CMSIS Pack Vendor :STMicroelectronics HAL Drivers 0.0.0
2025-11-05 00:18:10,895 [INFO] ThirdParty:1030 - CMSIS Pack Vendor :STMicroelectronics MBEDTLS 2.16.2
2025-11-05 00:18:10,895 [INFO] ThirdParty:1030 - CMSIS Pack Vendor :STMicroelectronics X-CUBE-ST60 1.1.0
2025-11-05 00:18:10,895 [INFO] ThirdParty:1030 - CMSIS Pack Vendor :STMicroelectronics X-CUBE-IPS 3.1.0
2025-11-05 00:18:10,895 [INFO] ThirdParty:1030 - CMSIS Pack Vendor :STMicroelectronics X-CUBE-ALS 1.0.2
2025-11-05 00:18:10,895 [INFO] ThirdParty:1030 - CMSIS Pack Vendor :emotas I-CUBE-CANOPEN 1.3.0
2025-11-05 00:18:10,895 [INFO] ThirdParty:1030 - CMSIS Pack Vendor :STMicroelectronics MBEDTLS 2.14.1
2025-11-05 00:18:10,895 [INFO] ThirdParty:1030 - CMSIS Pack Vendor :STMicroelectronics X-CUBE-GNSS1 7.1.0
2025-11-05 00:18:10,895 [INFO] ThirdParty:1030 - CMSIS Pack Vendor :ITTIA_DB I-CUBE-ITTIADB 8.9.0
2025-11-05 00:18:10,896 [INFO] ThirdParty:1030 - CMSIS Pack Vendor :STMicroelectronics X-CUBE-TOUCHGFX 4.26.0
2025-11-05 00:18:10,896 [INFO] ThirdParty:1030 - CMSIS Pack Vendor :STMicroelectronics X-CUBE-STSE01 1.0.0
2025-11-05 00:18:10,896 [INFO] ThirdParty:1030 - CMSIS Pack Vendor :portGmbH I-Cube-SoM-uGOAL 1.1.0
2025-11-05 00:18:10,896 [INFO] ThirdParty:1030 - CMSIS Pack Vendor :STMicroelectronics X-CUBE-ST67W61 1.0.0
2025-11-05 00:18:10,896 [INFO] ThirdParty:1030 - CMSIS Pack Vendor :STMicroelectronics X-CUBE-AI 10.2.0
2025-11-05 00:18:10,896 [INFO] ThirdParty:1030 - CMSIS Pack Vendor :STMicroelectronics FP-SNS-STAIOTCFT 1.0.0
2025-11-05 00:18:10,896 [INFO] ThirdParty:1030 - CMSIS Pack Vendor :STMicroelectronics ThreadX 1.0.0
2025-11-05 00:18:10,896 [INFO] ThirdParty:1030 - CMSIS Pack Vendor :STMicroelectronics FP-SNS-SMARTAG2 1.2.0
2025-11-05 00:18:10,896 [INFO] ThirdParty:1030 - CMSIS Pack Vendor :STMicroelectronics FP-SNS-FLIGHT1 5.1.0
2025-11-05 00:18:10,896 [INFO] ThirdParty:1030 - CMSIS Pack Vendor :STMicroelectronics X-CUBE-AZRTOS-WL 2.0.0
2025-11-05 00:18:10,896 [INFO] ThirdParty:1030 - CMSIS Pack Vendor :SEGGER I-CUBE-embOS 1.3.1
2025-11-05 00:18:10,896 [INFO] ThirdParty:1030 - CMSIS Pack Vendor :STMicroelectronics X-CUBE-ALGOBUILD 1.4.0
2025-11-05 00:18:10,896 [INFO] ThirdParty:1030 - CMSIS Pack Vendor :STMicroelectronics X-CUBE-DPower 1.3.0
2025-11-05 00:18:10,896 [INFO] ThirdParty:1030 - CMSIS Pack Vendor :STMicroelectronics X-CUBE-MEMS1 11.3.0
2025-11-05 00:18:10,897 [INFO] ThirdParty:1030 - CMSIS Pack Vendor :STMicroelectronics FP-SNS-MOTENV1 5.0.0
2025-11-05 00:18:10,897 [INFO] ThirdParty:1030 - CMSIS Pack Vendor :STMicroelectronics USB_DEVICE 1.0.0
2025-11-05 00:18:10,897 [INFO] ThirdParty:1030 - CMSIS Pack Vendor :STMicroelectronics X-CUBE-AZRTOS-L4 2.0.0
2025-11-05 00:18:10,897 [INFO] ThirdParty:1030 - CMSIS Pack Vendor :STMicroelectronics ThreadX 0.0.2
2025-11-05 00:18:10,897 [INFO] ThirdParty:1030 - CMSIS Pack Vendor :WES I-CUBE-Cesium 1.3.0
2025-11-05 00:18:10,897 [INFO] ThirdParty:1030 - CMSIS Pack Vendor :STMicroelectronics lwIP 2.1.2
2025-11-05 00:18:10,897 [INFO] ThirdParty:1030 - CMSIS Pack Vendor :STMicroelectronics X-CUBE-SFXS2LP1 4.0.0
2025-11-05 00:18:10,897 [INFO] ThirdParty:1030 - CMSIS Pack Vendor :STMicroelectronics X-CUBE-BLE2 3.3.0
2025-11-05 00:18:10,897 [INFO] ThirdParty:1030 - CMSIS Pack Vendor :STMicroelectronics X-CUBE-TOF1 3.4.3
2025-11-05 00:18:10,897 [INFO] ThirdParty:1030 - CMSIS Pack Vendor :STMicroelectronics PDM2PCM 3.2.0
2025-11-05 00:18:10,897 [INFO] ThirdParty:841 - exiting critical section [change project]
2025-11-05 00:18:11,995 [INFO] PinOutPanel:1589 - setPackage(No Configuration,No Configuration)
2025-11-05 00:18:11,998 [INFO] PinOutPanel:1589 - setPackage(STM32G030K6Tx,LQFP32)
2025-11-05 00:18:12,960 [INFO] UtilMem:75 - Before build in PCC Used Memory: 958413520 Bytes (1073741824)
2025-11-05 00:18:15,363 [INFO] UtilMem:75 - After build in PCC Used Memory: 660121528 Bytes (1073741824)
2025-11-05 00:18:15,418 [INFO] IPUIPlugin:80 - create IPUIPlugin
2025-11-05 00:18:15,419 [INFO] IPUIPlugin:80 - create IPUIPlugin
2025-11-05 00:18:15,419 [INFO] IPUIPlugin:80 - create IPUIPlugin
2025-11-05 00:18:15,419 [INFO] IPUIPlugin:80 - create IPUIPlugin
2025-11-05 00:18:15,420 [INFO] IPUIPlugin:80 - create IPUIPlugin
2025-11-05 00:18:15,420 [INFO] IPUIPlugin:80 - create IPUIPlugin
2025-11-05 00:18:15,420 [INFO] IPUIPlugin:80 - create IPUIPlugin
2025-11-05 00:18:15,421 [INFO] IPUIPlugin:80 - create IPUIPlugin
2025-11-05 00:18:15,421 [INFO] IPUIPlugin:80 - create IPUIPlugin
2025-11-05 00:18:15,421 [INFO] IPUIPlugin:80 - create IPUIPlugin
2025-11-05 00:18:15,422 [INFO] IPUIPlugin:80 - create IPUIPlugin
2025-11-05 00:18:15,422 [INFO] IPUIPlugin:80 - create IPUIPlugin
2025-11-05 00:18:15,422 [INFO] IPUIPlugin:80 - create IPUIPlugin
2025-11-05 00:18:15,423 [INFO] IPUIPlugin:80 - create IPUIPlugin
2025-11-05 00:18:15,423 [INFO] IPUIPlugin:80 - create IPUIPlugin
2025-11-05 00:18:15,424 [INFO] IPUIPlugin:80 - create IPUIPlugin
2025-11-05 00:18:15,424 [INFO] IPUIPlugin:80 - create IPUIPlugin
2025-11-05 00:18:15,425 [INFO] IPUIPlugin:80 - create IPUIPlugin
2025-11-05 00:18:15,425 [INFO] IPUIPlugin:80 - create IPUIPlugin
2025-11-05 00:18:15,425 [INFO] IPUIPlugin:80 - create IPUIPlugin
2025-11-05 00:18:15,425 [INFO] IPUIPlugin:80 - create IPUIPlugin
2025-11-05 00:18:15,426 [INFO] IPUIPlugin:80 - create IPUIPlugin
2025-11-05 00:18:15,426 [INFO] IPUIPlugin:80 - create IPUIPlugin
2025-11-05 00:18:15,426 [INFO] IPUIPlugin:80 - create IPUIPlugin
2025-11-05 00:18:15,427 [INFO] IPUIPlugin:80 - create IPUIPlugin
2025-11-05 00:18:16,286 [INFO] CADModel:165 - CPN selected for project levelSTM32G030K6T6TR
2025-11-05 00:18:16,286 [INFO] CADModel:114 - Register for checkConnection events
2025-11-05 00:18:16,341 [INFO] OpenFileManager:385 - Restore cursor
2025-11-05 00:18:27,305 [INFO] Gpio:277 - dependency for GPIO [I2C1, I2C2, SYS]
2025-11-05 00:18:54,337 [INFO] UtilMem:75 - End SaveConfig() Used Memory: 1014560280 Bytes (1073741824)
2025-11-05 00:18:55,620 [INFO] UtilMem:75 - End SaveConfig() Used Memory: 545574432 Bytes (1073741824)
2025-11-05 00:18:59,852 [INFO] UtilMem:75 - End SaveConfig() Used Memory: 694843952 Bytes (1073741824)
2025-11-05 00:19:01,160 [INFO] BlockDiagram:2775 - set Specific Code input for plugin: NVIC
2025-11-05 00:19:01,160 [INFO] BlockDiagram:2775 - set Specific Code input for plugin: SYS
2025-11-05 00:19:01,160 [INFO] BlockDiagram:2775 - set Specific Code input for plugin: GPIO
2025-11-05 00:19:01,160 [INFO] BlockDiagram:2775 - set Specific Code input for plugin: RCC
2025-11-05 00:19:01,160 [INFO] BlockDiagram:2775 - set Specific Code input for plugin: I2C
2025-11-05 00:19:01,160 [INFO] BlockDiagram:2775 - set Specific Code input for plugin: I2C
2025-11-05 00:19:01,160 [INFO] CodeGenerator:882 - code generatio: config db path: C:\ST\STM32CubeIDE_1.18.0\STM32CubeIDE\plugins\com.st.stm32cube.common.mx_6.14.0.202502271554\\db\
2025-11-05 00:19:01,657 [INFO] CodeEngine:263 - oldGeneratedFile, D:\Bootloader_Course\power_supply\MXTmpFiles\license.tmp_save
2025-11-05 00:19:03,228 [INFO] CodeEngine:287 - Generated code: D:\Bootloader_Course\power_supply\MXTmpFiles\license.tmp
2025-11-05 00:19:03,596 [INFO] CodeEngine:263 - oldGeneratedFile, D:\Bootloader_Course\power_supply\MXTmpFiles\gpio.tmp_save
2025-11-05 00:19:03,903 [INFO] CodeEngine:287 - Generated code: D:\Bootloader_Course\power_supply\MXTmpFiles\gpio.tmp
2025-11-05 00:19:04,644 [INFO] CodeEngine:263 - oldGeneratedFile, D:\Bootloader_Course\power_supply\Core\Src\stm32g0xx_it.c_save
2025-11-05 00:19:04,911 [INFO] CodeEngine:287 - Generated code: D:\Bootloader_Course\power_supply\Core\Src\stm32g0xx_it.c
2025-11-05 00:19:04,982 [INFO] CodeEngine:263 - oldGeneratedFile, D:\Bootloader_Course\power_supply\Core\Inc\stm32g0xx_it.h_save
2025-11-05 00:19:05,165 [INFO] CodeEngine:287 - Generated code: D:\Bootloader_Course\power_supply\Core\Inc\stm32g0xx_it.h
2025-11-05 00:19:05,282 [INFO] CodeEngine:263 - oldGeneratedFile, D:\Bootloader_Course\power_supply\Core\Src\stm32g0xx_hal_msp.c_save
2025-11-05 00:19:05,496 [INFO] CodeEngine:287 - Generated code: D:\Bootloader_Course\power_supply\Core\Src\stm32g0xx_hal_msp.c
2025-11-05 00:19:05,624 [INFO] CodeEngine:263 - oldGeneratedFile, D:\Bootloader_Course\power_supply\MXTmpFiles\system.tmp_save
2025-11-05 00:19:05,737 [INFO] CodeEngine:287 - Generated code: D:\Bootloader_Course\power_supply\MXTmpFiles\system.tmp
2025-11-05 00:19:05,796 [INFO] CodeEngine:319 - oldGeneratedFile, D:\Bootloader_Course\power_supply\Core\Inc\stm32g0xx_hal_conf.h_save
2025-11-05 00:19:05,920 [INFO] CodeEngine:343 - Generated code: D:\Bootloader_Course\power_supply\Core\Inc\stm32g0xx_hal_conf.h
2025-11-05 00:19:06,062 [INFO] ApiDbMcu:508 - Load IP Config File for I2C1
2025-11-05 00:19:06,066 [INFO] ApiDbMcu:508 - Load IP Config File for I2C2
2025-11-05 00:19:06,070 [INFO] ApiDbMcu:508 - Load IP Config File for RCC
2025-11-05 00:19:06,236 [INFO] CodeEngine:263 - oldGeneratedFile, D:\Bootloader_Course\power_supply\Core\Inc\main.h_save
2025-11-05 00:19:06,512 [INFO] CodeEngine:287 - Generated code: D:\Bootloader_Course\power_supply\Core\Inc\main.h
2025-11-05 00:19:06,677 [INFO] CodeEngine:263 - oldGeneratedFile, D:\Bootloader_Course\power_supply\Core\Src\main.c_save
2025-11-05 00:19:07,035 [INFO] CodeEngine:287 - Generated code: D:\Bootloader_Course\power_supply\Core\Src\main.c
2025-11-05 00:19:08,452 [INFO] ProjectBuilder:3324 - Time for Copy HAL[1] : 977mS.
2025-11-05 00:19:08,463 [INFO] ProjectBuilder:4912 - Project Generator version: 4.6.0-B36
2025-11-05 00:19:08,619 [INFO] ConfigFileManager:1590 - The Die is : DIE466
2025-11-05 00:19:08,650 [INFO] ApiDbMcu:508 - Load IP Config File for FATFS
2025-11-05 00:19:08,662 [INFO] ApiDbMcu:508 - Load IP Config File for FREERTOS
2025-11-05 00:19:09,698 [INFO] LogOutputStream:77 - [STDOUT_REDIRECT] 
2025-11-05 00:19:14,048 [INFO] ProjectBuilder:5191 - Time for Generating toolchain IDE Files: 5585mS.
2025-11-05 00:19:14,049 [INFO] ProjectBuilder:3181 - Time for Copy CMSIS : 1mS.
2025-11-05 00:19:14,050 [INFO] ProjectBuilder:3181 - Time for Copy CMSIS : 0mS.
2025-11-05 00:26:02,621 [ERROR] LogOutputStream:75 - [STDERR_REDIRECT] 
2025-11-05 00:26:02,624 [ERROR] LogOutputStream:75 - [STDERR_REDIRECT] 
2025-11-05 08:55:06,890 [INFO] Activator:176 - 


2025-11-05 08:55:06,893 [INFO] Activator:177 - !SESSION log4j initialized
2025-11-05 08:55:17,964 [INFO] LogOutputStream:77 - [STDOUT_REDIRECT] 
2025-11-05 08:55:19,900 [INFO] ApplicationProperties:184 - Using Application install path: C:\ST\STM32CubeIDE_1.18.0\STM32CubeIDE\plugins\com.st.stm32cube.common.mx_6.14.0.202502271554
2025-11-05 08:55:19,934 [INFO] DbMcusXml:78 - Set database path to: C:\ST\STM32CubeIDE_1.18.0\STM32CubeIDE\plugins\com.st.stm32cube.common.mx_6.14.0.202502271554\\db\/mcu/
2025-11-05 08:55:19,935 [INFO] ApiDb:274 - Set plugin database path to: C:\ST\STM32CubeIDE_1.18.0\STM32CubeIDE\plugins\com.st.stm32cube.common.mx_6.14.0.202502271554\\db\/plugins/boardmanager/
2025-11-05 08:55:19,935 [WARN] ApiDb:259 - Overriding images path with different value:  => C:\ST\STM32CubeIDE_1.18.0\STM32CubeIDE\plugins\com.st.stm32cube.common.mx_6.14.0.202502271554\\db\/plugins/mcufinder/images/
2025-11-05 08:55:19,946 [INFO] ApiDb:250 - Set database path to: C:\Users\user\.stmcufinder\plugins\mcufinder//mcu/
2025-11-05 08:55:19,948 [INFO] DbMcusAds:125 - Set database path to: C:\Users\user\.stmcufinder\plugins\mcufinder//mcu/
2025-11-05 08:55:19,953 [INFO] CrossReferenceDbSqlite:203 - Set database path to: C:\Users\user\.stmcufinder\plugins\mcufinder//mcu/cs/
2025-11-05 08:55:20,135 [INFO] RulesReader:64 - Compatibility file has been processed (301 Rules)
2025-11-05 08:55:20,368 [INFO] DbMcusXml:78 - Set database path to: C:\ST\STM32CubeIDE_1.18.0\STM32CubeIDE\plugins\com.st.stm32cube.common.mx_6.14.0.202502271554\\db\/mcu/
2025-11-05 08:55:20,369 [INFO] ApiDb:274 - Set plugin database path to: C:\ST\STM32CubeIDE_1.18.0\STM32CubeIDE\plugins\com.st.stm32cube.common.mx_6.14.0.202502271554\\db\/plugins/boardmanager/
2025-11-05 08:55:20,369 [INFO] ApiDb:261 - Set plugin images path to: C:\ST\STM32CubeIDE_1.18.0\STM32CubeIDE\plugins\com.st.stm32cube.common.mx_6.14.0.202502271554\\db\/plugins/mcufinder/images/
2025-11-05 08:55:20,369 [WARN] DbFile:41 - Overriding database path with different value: C:\Users\user\.stmcufinder\plugins\mcufinder/ => C:\Users\user\.stmcufinder\plugins\mcufinder
2025-11-05 08:55:20,369 [INFO] ApiDb:250 - Set database path to: C:\Users\user\.stmcufinder\plugins\mcufinder//mcu/
2025-11-05 08:55:20,369 [WARN] DbFile:41 - Overriding database path with different value: C:\Users\user\.stmcufinder\plugins\mcufinder/ => C:\Users\user\.stmcufinder\plugins\mcufinder
2025-11-05 08:55:20,369 [INFO] DbMcusAds:125 - Set database path to: C:\Users\user\.stmcufinder\plugins\mcufinder//mcu/
2025-11-05 08:55:20,370 [WARN] DbFile:41 - Overriding database path with different value: C:\Users\user\.stmcufinder\plugins\mcufinder/ => C:\Users\user\.stmcufinder\plugins\mcufinder
2025-11-05 08:55:20,370 [WARN] DbFile:41 - Overriding database path with different value: C:\Users\user\.stmcufinder\plugins\mcufinder/ => C:\Users\user\.stmcufinder\plugins\mcufinder
2025-11-05 08:55:20,370 [INFO] CrossReferenceDbSqlite:203 - Set database path to: C:\Users\user\.stmcufinder\plugins\mcufinder//mcu/cs/
2025-11-05 08:55:20,515 [INFO] MainPanel:272 - HeapMemory: 268435456
2025-11-05 08:55:20,691 [INFO] DbMcusXml:78 - Set database path to: C:\ST\STM32CubeIDE_1.18.0\STM32CubeIDE\plugins\com.st.stm32cube.common.mx_6.14.0.202502271554\\db\/mcu/
2025-11-05 08:55:20,692 [INFO] ApiDb:274 - Set plugin database path to: C:\ST\STM32CubeIDE_1.18.0\STM32CubeIDE\plugins\com.st.stm32cube.common.mx_6.14.0.202502271554\\db\/plugins/boardmanager/
2025-11-05 08:55:20,692 [INFO] ApiDb:261 - Set plugin images path to: C:\ST\STM32CubeIDE_1.18.0\STM32CubeIDE\plugins\com.st.stm32cube.common.mx_6.14.0.202502271554\\db\/plugins/mcufinder/images/
2025-11-05 08:55:20,692 [WARN] DbFile:41 - Overriding database path with different value: C:\Users\user\.stmcufinder\plugins\mcufinder/ => C:\Users\user\.stmcufinder\plugins\mcufinder
2025-11-05 08:55:20,693 [INFO] ApiDb:250 - Set database path to: C:\Users\user\.stmcufinder\plugins\mcufinder//mcu/
2025-11-05 08:55:20,693 [WARN] DbFile:41 - Overriding database path with different value: C:\Users\user\.stmcufinder\plugins\mcufinder/ => C:\Users\user\.stmcufinder\plugins\mcufinder
2025-11-05 08:55:20,693 [INFO] DbMcusAds:125 - Set database path to: C:\Users\user\.stmcufinder\plugins\mcufinder//mcu/
2025-11-05 08:55:20,693 [WARN] DbFile:41 - Overriding database path with different value: C:\Users\user\.stmcufinder\plugins\mcufinder/ => C:\Users\user\.stmcufinder\plugins\mcufinder
2025-11-05 08:55:20,693 [WARN] DbFile:41 - Overriding database path with different value: C:\Users\user\.stmcufinder\plugins\mcufinder/ => C:\Users\user\.stmcufinder\plugins\mcufinder
2025-11-05 08:55:20,693 [INFO] CrossReferenceDbSqlite:203 - Set database path to: C:\Users\user\.stmcufinder\plugins\mcufinder//mcu/cs/
2025-11-05 08:55:20,720 [INFO] ApplicationProperties:184 - Using Application install path: C:\ST\STM32CubeIDE_1.18.0\STM32CubeIDE\plugins\com.st.stm32cube.common.mx_6.14.0.202502271554
2025-11-05 08:55:20,722 [INFO] PluginManage:196 - Search for loadable plugins [exclusion list=, ]
2025-11-05 08:55:20,724 [INFO] PluginManage:310 - Check plugin analytics
2025-11-05 08:55:21,235 [INFO] AnalyticsPlugin:253 - Accepted Software Licenses: 
2025-11-05 08:55:21,235 [INFO] AnalyticsPlugin:255 - Accepted CMSIS Pack Licenses: 
2025-11-05 08:55:21,235 [INFO] AnalyticsPlugin:257 - Accepted Firmware Licenses: FW.F4.1.28.0,FW.G0.1.6.0
2025-11-05 08:55:21,240 [INFO] PluginManage:359 - Loaded plugin analytics (category:tool,tabindex:-1)
2025-11-05 08:55:21,240 [INFO] PluginManage:310 - Check plugin cadmodel
2025-11-05 08:55:21,255 [INFO] CADModel:105 - Init CAD model plugin
2025-11-05 08:55:21,256 [INFO] PluginManage:359 - Loaded plugin cadmodel (category:power,tabindex:5)
2025-11-05 08:55:21,256 [INFO] PluginManage:310 - Check plugin clock
2025-11-05 08:55:21,276 [INFO] PluginManage:359 - Loaded plugin clock (category:base,tabindex:2)
2025-11-05 08:55:21,276 [INFO] PluginManage:310 - Check plugin ddr
2025-11-05 08:55:21,282 [INFO] PluginManage:359 - Loaded plugin ddr (category:tool,tabindex:6)
2025-11-05 08:55:21,283 [INFO] PluginManage:310 - Check plugin filemanager
2025-11-05 08:55:21,608 [INFO] PluginManage:359 - Loaded plugin filemanager (category:base,tabindex:10)
2025-11-05 08:55:21,608 [INFO] PluginManage:310 - Check plugin ipmanager
2025-11-05 08:55:21,624 [INFO] PluginManage:359 - Loaded plugin ipmanager (category:base,tabindex:5)
2025-11-05 08:55:21,625 [INFO] PluginManage:310 - Check plugin lpbam
2025-11-05 08:55:21,641 [INFO] PluginManage:359 - Loaded plugin lpbam (category:base,tabindex:0)
2025-11-05 08:55:21,641 [INFO] PluginManage:310 - Check plugin memorymap
2025-11-05 08:55:21,670 [INFO] PluginManage:359 - Loaded plugin memorymap (category:base,tabindex:4)
2025-11-05 08:55:21,671 [INFO] PluginManage:310 - Check plugin pinoutandconfiguration
2025-11-05 08:55:21,689 [INFO] PluginManage:359 - Loaded plugin pinoutandconfiguration (category:base,tabindex:1)
2025-11-05 08:55:21,690 [INFO] PluginManage:310 - Check plugin pinoutconfig
2025-11-05 08:55:22,039 [WARN] SupportedApi:132 - Cannot load RTOS API schema: s4s-elt-must-match.1: The content of 'definitions' must match (annotation?, (simpleType | complexType)?, (unique | key | keyref)*)). A problem was found starting at: attribute.
2025-11-05 08:55:22,279 [INFO] PluginManage:359 - Loaded plugin pinoutconfig (category:base,tabindex:0)
2025-11-05 08:55:22,279 [INFO] PluginManage:310 - Check plugin power
2025-11-05 08:55:22,294 [INFO] PluginManage:359 - Loaded plugin power (category:power,tabindex:4)
2025-11-05 08:55:22,294 [INFO] PluginManage:310 - Check plugin projectmanager
2025-11-05 08:55:22,316 [INFO] PluginManage:359 - Loaded plugin projectmanager (category:projectmanager,tabindex:4)
2025-11-05 08:55:22,317 [INFO] PluginManage:310 - Check plugin rif
2025-11-05 08:55:22,328 [INFO] PluginManage:359 - Loaded plugin rif (category:base,tabindex:3)
2025-11-05 08:55:22,328 [INFO] PluginManage:310 - Check plugin thirdparty
2025-11-05 08:55:22,590 [INFO] PluginManage:359 - Loaded plugin thirdparty (category:base,tabindex:-1)
2025-11-05 08:55:22,591 [INFO] PluginManage:310 - Check plugin tools
2025-11-05 08:55:22,592 [WARN] IntegrityCheckThread:84 - waiting for thirdparty lock release [integrity check]
2025-11-05 08:55:22,593 [INFO] IntegrityCheckThread:86 - entering critical section [integrity check]
2025-11-05 08:55:22,593 [INFO] ThirdPartyUpdaterWithRetryManager:70 - Updater plugin not ready yet. [1/15]
2025-11-05 08:55:22,596 [INFO] PluginManage:359 - Loaded plugin tools (category:base,tabindex:7)
2025-11-05 08:55:22,596 [INFO] PluginManage:310 - Check plugin tutovideos
2025-11-05 08:55:22,926 [INFO] PluginManage:359 - Loaded plugin tutovideos (category:base,tabindex:-1)
2025-11-05 08:55:22,926 [INFO] PluginManage:310 - Check plugin updater
2025-11-05 08:55:22,962 [INFO] PluginManage:359 - Loaded plugin updater (category:base,tabindex:12)
2025-11-05 08:55:22,963 [INFO] PluginManage:310 - Check plugin userauth
2025-11-05 08:55:22,969 [INFO] UserAuth:118 - Init User Auth plugin
2025-11-05 08:55:22,971 [INFO] PluginManage:359 - Loaded plugin userauth (category:base,tabindex:14)
2025-11-05 08:55:22,972 [INFO] PluginManage:283 - PluginManage : Loaded plugins [18]
2025-11-05 08:55:23,798 [INFO] PinOutPanel:1589 - setPackage(No Configuration,No Configuration)
2025-11-05 08:55:24,217 [INFO] CADModel:165 - CPN selected for project level
2025-11-05 08:55:24,217 [INFO] CADModel:114 - Register for checkConnection events
2025-11-05 08:55:24,260 [INFO] IPUIPlugin:80 - create IPUIPlugin
2025-11-05 08:55:24,260 [INFO] PluginManager:220 - loadIPPluginJar : add adc
2025-11-05 08:55:24,265 [INFO] IPUIPlugin:80 - create IPUIPlugin
2025-11-05 08:55:24,266 [INFO] PluginManager:220 - loadIPPluginJar : add aes
2025-11-05 08:55:24,271 [INFO] IPUIPlugin:80 - create IPUIPlugin
2025-11-05 08:55:24,271 [INFO] PluginManager:220 - loadIPPluginJar : add can
2025-11-05 08:55:24,274 [INFO] IPUIPlugin:80 - create IPUIPlugin
2025-11-05 08:55:24,275 [INFO] PluginManager:220 - loadIPPluginJar : add comp
2025-11-05 08:55:24,280 [INFO] IPUIPlugin:80 - create IPUIPlugin
2025-11-05 08:55:24,280 [INFO] PluginManager:220 - loadIPPluginJar : add cryp
2025-11-05 08:55:24,293 [INFO] IPUIPlugin:80 - create IPUIPlugin
2025-11-05 08:55:24,294 [INFO] PluginManager:220 - loadIPPluginJar : add ddr_ctrl_phy
2025-11-05 08:55:24,299 [INFO] IPUIPlugin:80 - create IPUIPlugin
2025-11-05 08:55:24,299 [INFO] PluginManager:220 - loadIPPluginJar : add dfsdm
2025-11-05 08:55:24,308 [INFO] IPUIPlugin:80 - create IPUIPlugin
2025-11-05 08:55:24,309 [INFO] PluginManager:220 - loadIPPluginJar : add dma
2025-11-05 08:55:24,315 [INFO] IPUIPlugin:80 - create IPUIPlugin
2025-11-05 08:55:24,315 [INFO] PluginManager:220 - loadIPPluginJar : add dma3
2025-11-05 08:55:24,320 [INFO] IPUIPlugin:80 - create IPUIPlugin
2025-11-05 08:55:24,321 [INFO] PluginManager:220 - loadIPPluginJar : add extmemmanager
2025-11-05 08:55:24,324 [INFO] IPUIPlugin:80 - create IPUIPlugin
2025-11-05 08:55:24,324 [INFO] PluginManager:220 - loadIPPluginJar : add fatfs
2025-11-05 08:55:24,334 [INFO] IPUIPlugin:80 - create IPUIPlugin
2025-11-05 08:55:24,334 [INFO] PluginManager:220 - loadIPPluginJar : add fmc
2025-11-05 08:55:24,376 [INFO] IPUIPlugin:80 - create IPUIPlugin
2025-11-05 08:55:24,376 [INFO] PluginManager:220 - loadIPPluginJar : add freertos
2025-11-05 08:55:24,412 [INFO] IPUIPlugin:80 - create IPUIPlugin
2025-11-05 08:55:24,413 [INFO] PluginManager:220 - loadIPPluginJar : add genericplugin
2025-11-05 08:55:24,432 [INFO] IPUIPlugin:80 - create IPUIPlugin
2025-11-05 08:55:24,433 [INFO] PluginManager:220 - loadIPPluginJar : add gfxmmu
2025-11-05 08:55:24,521 [INFO] IPUIPlugin:80 - create IPUIPlugin
2025-11-05 08:55:24,521 [INFO] PluginManager:220 - loadIPPluginJar : add gic
2025-11-05 08:55:24,528 [INFO] IPUIPlugin:80 - create IPUIPlugin
2025-11-05 08:55:24,528 [INFO] PluginManager:220 - loadIPPluginJar : add gpio
2025-11-05 08:55:24,532 [INFO] IPUIPlugin:80 - create IPUIPlugin
2025-11-05 08:55:24,532 [INFO] PluginManager:220 - loadIPPluginJar : add gtzc
2025-11-05 08:55:24,535 [INFO] IPUIPlugin:80 - create IPUIPlugin
2025-11-05 08:55:24,535 [INFO] PluginManager:220 - loadIPPluginJar : add hash
2025-11-05 08:55:24,539 [INFO] IPUIPlugin:80 - create IPUIPlugin
2025-11-05 08:55:24,539 [INFO] PluginManager:220 - loadIPPluginJar : add i2c
2025-11-05 08:55:24,543 [INFO] IPUIPlugin:80 - create IPUIPlugin
2025-11-05 08:55:24,543 [INFO] PluginManager:220 - loadIPPluginJar : add i2s
2025-11-05 08:55:24,547 [INFO] IPUIPlugin:80 - create IPUIPlugin
2025-11-05 08:55:24,547 [INFO] PluginManager:220 - loadIPPluginJar : add i3c
2025-11-05 08:55:24,551 [INFO] IPUIPlugin:80 - create IPUIPlugin
2025-11-05 08:55:24,552 [INFO] PluginManager:220 - loadIPPluginJar : add ipddr
2025-11-05 08:55:24,565 [INFO] IPUIPlugin:80 - create IPUIPlugin
2025-11-05 08:55:24,565 [INFO] PluginManager:220 - loadIPPluginJar : add linkedlist
2025-11-05 08:55:24,569 [INFO] IPUIPlugin:80 - create IPUIPlugin
2025-11-05 08:55:24,569 [INFO] PluginManager:220 - loadIPPluginJar : add lorawan
2025-11-05 08:55:24,572 [INFO] IPUIPlugin:80 - create IPUIPlugin
2025-11-05 08:55:24,572 [INFO] PluginManager:220 - loadIPPluginJar : add ltdc
2025-11-05 08:55:24,579 [INFO] IPUIPlugin:80 - create IPUIPlugin
2025-11-05 08:55:24,579 [INFO] PluginManager:220 - loadIPPluginJar : add mdma
2025-11-05 08:55:24,584 [INFO] IPUIPlugin:80 - create IPUIPlugin
2025-11-05 08:55:24,585 [INFO] PluginManager:220 - loadIPPluginJar : add nvic
2025-11-05 08:55:24,590 [INFO] IPUIPlugin:80 - create IPUIPlugin
2025-11-05 08:55:24,590 [INFO] PluginManager:220 - loadIPPluginJar : add opamp
2025-11-05 08:55:24,596 [INFO] IPUIPlugin:80 - create IPUIPlugin
2025-11-05 08:55:24,596 [INFO] PluginManager:220 - loadIPPluginJar : add openamp
2025-11-05 08:55:24,600 [INFO] IPUIPlugin:80 - create IPUIPlugin
2025-11-05 08:55:24,600 [INFO] PluginManager:220 - loadIPPluginJar : add pdm2pcm
2025-11-05 08:55:24,606 [INFO] IPUIPlugin:80 - create IPUIPlugin
2025-11-05 08:55:24,611 [INFO] PluginManager:220 - loadIPPluginJar : add plateformsettings
2025-11-05 08:55:24,614 [INFO] IPUIPlugin:80 - create IPUIPlugin
2025-11-05 08:55:24,614 [INFO] PluginManager:220 - loadIPPluginJar : add quadspi
2025-11-05 08:55:24,617 [INFO] IPUIPlugin:80 - create IPUIPlugin
2025-11-05 08:55:24,618 [INFO] PluginManager:220 - loadIPPluginJar : add radio
2025-11-05 08:55:24,624 [INFO] IPUIPlugin:80 - create IPUIPlugin
2025-11-05 08:55:24,624 [INFO] PluginManager:220 - loadIPPluginJar : add resmgrutility
2025-11-05 08:55:24,629 [INFO] IPUIPlugin:80 - create IPUIPlugin
2025-11-05 08:55:24,629 [INFO] PluginManager:220 - loadIPPluginJar : add sai
2025-11-05 08:55:24,632 [INFO] IPUIPlugin:80 - create IPUIPlugin
2025-11-05 08:55:24,632 [INFO] PluginManager:220 - loadIPPluginJar : add spi
2025-11-05 08:55:24,640 [INFO] IPUIPlugin:80 - create IPUIPlugin
2025-11-05 08:55:24,640 [INFO] PluginManager:220 - loadIPPluginJar : add stm32_wpan
2025-11-05 08:55:24,644 [INFO] IPUIPlugin:80 - create IPUIPlugin
2025-11-05 08:55:24,645 [INFO] PluginManager:220 - loadIPPluginJar : add tim
2025-11-05 08:55:24,649 [INFO] IPUIPlugin:80 - create IPUIPlugin
2025-11-05 08:55:24,650 [INFO] PluginManager:220 - loadIPPluginJar : add touchsensing
2025-11-05 08:55:24,653 [INFO] IPUIPlugin:80 - create IPUIPlugin
2025-11-05 08:55:24,653 [INFO] PluginManager:220 - loadIPPluginJar : add tracer_emb
2025-11-05 08:55:24,656 [INFO] IPUIPlugin:80 - create IPUIPlugin
2025-11-05 08:55:24,656 [INFO] PluginManager:220 - loadIPPluginJar : add ts
2025-11-05 08:55:24,658 [INFO] IPUIPlugin:80 - create IPUIPlugin
2025-11-05 08:55:24,658 [INFO] PluginManager:220 - loadIPPluginJar : add tsc
2025-11-05 08:55:24,661 [INFO] IPUIPlugin:80 - create IPUIPlugin
2025-11-05 08:55:24,661 [INFO] PluginManager:220 - loadIPPluginJar : add ucpd
2025-11-05 08:55:24,665 [INFO] IPUIPlugin:80 - create IPUIPlugin
2025-11-05 08:55:24,665 [INFO] PluginManager:220 - loadIPPluginJar : add usart
2025-11-05 08:55:24,669 [INFO] IPUIPlugin:80 - create IPUIPlugin
2025-11-05 08:55:24,670 [INFO] PluginManager:220 - loadIPPluginJar : add usbx
2025-11-05 08:55:24,827 [FATAL] Updater:351 - Updater called before beeing initialized
2025-11-05 08:55:24,873 [INFO] RulesReader:64 - Compatibility file has been processed (301 Rules)
2025-11-05 08:55:24,890 [INFO] RulesReader:64 - Compatibility file has been processed (301 Rules)
2025-11-05 08:55:24,962 [INFO] CADModel:165 - CPN selected for project level
2025-11-05 08:55:24,963 [INFO] CADModel:114 - Register for checkConnection events
2025-11-05 08:55:24,963 [FATAL] Updater:351 - Updater called before beeing initialized
2025-11-05 08:55:24,963 [ERROR] CADModel:125 - Updater not yet initialized, retry later 
2025-11-05 08:55:25,314 [FATAL] Updater:351 - Updater called before beeing initialized
2025-11-05 08:55:25,321 [INFO] CADModel:165 - CPN selected for project level
2025-11-05 08:55:25,321 [INFO] CADModel:114 - Register for checkConnection events
2025-11-05 08:55:25,321 [FATAL] Updater:351 - Updater called before beeing initialized
2025-11-05 08:55:25,321 [ERROR] CADModel:125 - Updater not yet initialized, retry later 
2025-11-05 08:55:25,325 [FATAL] Updater:351 - Updater called before beeing initialized
2025-11-05 08:55:25,602 [INFO] ThirdPartyUpdaterWithRetryManager:70 - Updater plugin not ready yet. [2/15]
2025-11-05 08:55:25,624 [FATAL] Updater:351 - Updater called before beeing initialized
2025-11-05 08:55:25,632 [INFO] DbMcusAds:53 - JSON generation date=Thu Oct 02 15:06:05 IST 2025 (1759397765645)
2025-11-05 08:55:25,632 [FATAL] Updater:351 - Updater called before beeing initialized
2025-11-05 08:55:25,719 [WARN] DetailPanel:346 - Failed to get advertising image, set to default
2025-11-05 08:55:26,092 [FATAL] Updater:351 - Updater called before beeing initialized
2025-11-05 08:55:26,094 [FATAL] Updater:351 - Updater called before beeing initialized
2025-11-05 08:55:26,094 [FATAL] Updater:351 - Updater called before beeing initialized
2025-11-05 08:55:26,094 [WARN] DetailPanel:346 - Failed to get advertising image, set to default
2025-11-05 08:55:26,096 [FATAL] Updater:351 - Updater called before beeing initialized
2025-11-05 08:55:26,254 [ERROR] Updater:1198 - MainUpdater not yet initialized. External WinMGr cannot be set.
2025-11-05 08:55:26,257 [INFO] Updater:1134 - Updater Version found : 6.14.0
2025-11-05 08:55:26,310 [INFO] ApplicationProperties:184 - Using Application install path: C:\ST\STM32CubeIDE_1.18.0\STM32CubeIDE\plugins\com.st.stm32cube.common.mx_6.14.0.202502271554
2025-11-05 08:55:27,918 [ERROR] LogOutputStream:75 - [STDERR_REDIRECT] Nov 05, 2025 8:55:27 AM java.util.prefs.WindowsPreferences <init>
2025-11-05 08:55:27,921 [ERROR] LogOutputStream:75 - [STDERR_REDIRECT] WARNING: Could not open/create prefs root node Software\JavaSoft\Prefs at root 0xffffffff80000002. Windows RegCreateKeyEx(...) returned error code 5.
2025-11-05 08:55:27,922 [ERROR] LogOutputStream:75 - [STDERR_REDIRECT] 
2025-11-05 08:55:28,614 [FATAL] Updater:351 - Updater called before beeing initialized
2025-11-05 08:55:28,615 [ERROR] IntegrityCheckThread:130 - Cannot retrieve database content from updater: error 21
2025-11-05 08:55:28,615 [INFO] ThirdParty:978 - Integrity check success = false
2025-11-05 08:55:28,615 [INFO] IntegrityCheckThread:100 - exiting critical section [integrity check]
2025-11-05 08:55:28,615 [INFO] IntegrityCheckThread:103 - End integrity checks thread
2025-11-05 08:55:28,709 [INFO] MainUpdater:2872 - connection check result : 10
2025-11-05 08:55:28,709 [INFO] MainUpdater:289 - Updater Check For Update Now.
2025-11-05 08:55:28,709 [INFO] MicroXplorer:498 - Change Database Version : DB.6.0.140
2025-11-05 08:55:28,756 [INFO] McuFinderGlobals:63 - Set McuFinder mode to 2 (CubeIDE integrated)
2025-11-05 08:55:28,759 [INFO] UserAuth:486 - Internet connection configuration mode: 1
2025-11-05 08:55:28,821 [INFO] JxBrowserEngine:152 - Initiate JxBrowser Engine with user profile folder
2025-11-05 08:55:29,228 [INFO] CheckServerUpdateThread:120 - End of CheckServer Thread
2025-11-05 08:55:31,388 [INFO] WebApp:169 - Instantiating new browser for Auth
2025-11-05 08:55:33,538 [INFO] WebApp:463 - Apply proxy settings
2025-11-05 08:55:33,539 [INFO] WebApp:548 - Chromium requires no authentication
2025-11-05 08:55:33,578 [INFO] WebApp:491 - Direct internet connection detected
2025-11-05 08:55:33,662 [INFO] WebApp:894 - Register for checkConnection events
2025-11-05 08:55:33,663 [INFO] WebApp:463 - Apply proxy settings
2025-11-05 08:55:33,663 [INFO] WebApp:548 - Chromium requires no authentication
2025-11-05 08:55:33,663 [INFO] WebApp:491 - Direct internet connection detected
2025-11-05 08:55:34,421 [INFO] WebApp:225 - Starting web application
2025-11-05 08:55:34,421 [INFO] WebApp:593 - Web application path used C:\ST\STM32CubeIDE_1.18.0\STM32CubeIDE\plugins\com.st.stm32cube.common.mx_6.14.0.202502271554\db\plugins\mcufinder\reactClient1\index.html
2025-11-05 08:55:34,431 [INFO] WebApp:191 - Connection restablished
2025-11-05 08:55:35,111 [INFO] UserAuth:486 - Internet connection configuration mode: 1
2025-11-05 10:17:28,070 [INFO] McuFinderGlobals:63 - Set McuFinder mode to 2 (CubeIDE integrated)
2025-11-05 10:17:28,080 [INFO] MainUpdater:2872 - connection check result : 10
2025-11-05 10:17:28,625 [INFO] ApiDb:581 - Connected to CubeFinder SQLite database (C:\Users\user\.stmcufinder\plugins\mcufinder\mcu\cube-finder-db.db)
2025-11-05 10:17:28,858 [INFO] ApiDb:668 - CubeFinder database Data Model version=2.1
2025-11-05 10:17:28,859 [INFO] ApiDb:669 - CubeFinder database Configuration version=3.0.39
2025-11-05 10:17:28,860 [INFO] ApiDb:670 - CubeFinder database generation date=2025-10-27 (1761571959)
2025-11-05 10:17:28,860 [INFO] ApiDb:671 - CubeFinder database FW Pack versions=[FP-ATR-ASTRA1_V2.0.0, FP-SNS-FLIGHT1_V5.1.0, FP-SNS-MOTENV1_V5.0.0, FP-SNS-MOTENVWB1_V1.4.0, FP-SNS-SMARTAG2_V1.2.0, FP-SNS-STBOX1_V2.1.0, STM32Cube_FW_C0_V1.4.0, STM32Cube_FW_F4_V1.28.3, STM32Cube_FW_F7_V1.17.4, STM32Cube_FW_G0_V1.6.2, STM32Cube_FW_G4_V1.6.1, STM32Cube_FW_H5_V1.5.0, STM32Cube_FW_H7RS_V1.2.0, STM32Cube_FW_H7_V1.12.1, STM32Cube_FW_L0_V1.12.2, STM32Cube_FW_L4_V1.18.1, STM32Cube_FW_L5_V1.5.1, STM32Cube_FW_N6_V1.2.0, STM32Cube_FW_U0_V1.3.0, STM32Cube_FW_U3_V1.2.1, STM32Cube_FW_U5_V1.8.0, STM32Cube_FW_WB0_V1.3.0, STM32Cube_FW_WBA_V1.7.0, STM32Cube_FW_WB_V1.23.0, STM32Cube_FW_WL3_V1.2.0, STM32Cube_FW_WL_V1.3.1, X-CUBE-ALGOBUILD_V1.4.0, X-CUBE-ALS_V1.0.2, X-CUBE-AZRTOS-F4_V1.1.0, X-CUBE-AZRTOS-F7_V1.1.0, X-CUBE-AZRTOS-G0_V1.1.0, X-CUBE-AZRTOS-G4_V2.0.0, X-CUBE-AZRTOS-H7RS_V1.1.0, X-CUBE-AZRTOS-H7_V3.4.0, X-CUBE-AZRTOS-L4_V2.0.0, X-CUBE-AZRTOS-L5_V2.0.0, X-CUBE-AZRTOS-WB_V2.0.0, X-CUBE-AZRTOS-WL_V2.0.0, X-CUBE-BLE1_V7.1.0, X-CUBE-BLE2_V3.3.0, X-CUBE-BLEMGR_V4.1.0, X-CUBE-EEPRMA1_V5.2.0, X-CUBE-FREERTOS_V1.3.1, X-CUBE-GNSS1_V6.0.0, X-CUBE-MEMS1_V11.3.0, X-CUBE-NFC4_V3.0.0, X-CUBE-NFC7_V2.0.0, X-CUBE-SFXS2LP1_V4.0.0, X-CUBE-ST67W61_V1.1.0, X-CUBE-SUBG2_V5.0.0, X-CUBE-TOF1_V3.4.3]
2025-11-05 10:17:29,246 [INFO] DbBoardsSqlite:226 - include board P-NUCLEO-WB55-NUCLEO as a kit item of type 'Nucleo-64'
2025-11-05 10:17:29,246 [INFO] DbBoardsSqlite:226 - include board P-NUCLEO-WB55-USBDONGLE as a kit item of type 'Nucleo USB Dongle'
2025-11-05 10:17:29,249 [INFO] DbBoardsSqlite:226 - include board STEVAL-IDP005V1 as a kit item of type 'Evaluation Board'
2025-11-05 10:17:29,250 [INFO] DbBoardsSqlite:226 - include board STEVAL-IDP005V2 as a kit item of type 'Evaluation Board'
2025-11-05 10:17:31,264 [INFO] ApiDb:240 - Found 895 in-development CPN: [B-G473E-ZEST1S, B-WB1M-WPAN1, B-WBA5M-WPAN, B-WL5M-SUBG1, NUCLEO-C031C6, NUCLEO-C051C8, NUCLEO-C071RB, NUCLEO-C092RC, NUCLEO-H503RB, NUCLEO-H533RE, NUCLEO-H563ZI, NUCLEO-H7S3L8, NUCLEO-N657X0-Q, NUCLEO-U031R8, NUCLEO-U083RC, NUCLEO-U385RG-Q, NUCLEO-U545RE-Q, NUCLEO-U5A5ZJ-Q, NUCLEO-WB05KZ, NUCLEO-WB07CC, NUCLEO-WB09KE, NUCLEO-WBA52CG, NUCLEO-WBA55CG, NUCLEO-WBA65RI, NUCLEO-WL33CC1, NUCLEO-WL33CC2, STEVAL-PROTEUS1, STEVAL-SMARTAG2, STEVAL-STWINBX1, STM320518-EVAL, STM32C0116-DK, STM32C011D6Y3TR, STM32C011D6Y6TR, STM32C011F4P3, STM32C011F4P6, STM32C011F4U3, STM32C011F4U6TR, STM32C011F6P3, STM32C011F6P6, STM32C011F6U3, STM32C011F6U6TR, STM32C011J4M3, STM32C011J4M6, STM32C011J6M3, STM32C011J6M6, STM32C0316-DK, STM32C031C4T3, STM32C031C4T6, STM32C031C4U3, STM32C031C4U6, STM32C031C6T3, STM32C031C6T6, STM32C031C6U3, STM32C031C6U6, STM32C031F4P3, STM32C031F4P6, STM32C031F6P3, STM32C031F6P6, STM32C031G4U3, STM32C031G4U6, STM32C031G6U3, STM32C031G6U6, STM32C031K4T3, STM32C031K4T6, STM32C031K4U3, STM32C031K4U6, STM32C031K6T3, STM32C031K6T6, STM32C031K6U3, STM32C031K6U6, STM32C051C6T6, STM32C051C6U6, STM32C051C8T6, STM32C051C8U6, STM32C051D8Y6TR, STM32C051F6P6, STM32C051F8P6, STM32C051G6U6, STM32C051G8U6, STM32C051K6T6, STM32C051K6U6, STM32C051K8T6, STM32C071C8T6, STM32C071C8T6N, STM32C071C8U6, STM32C071C8U6N, STM32C071CBT6, STM32C071CBT6N, STM32C071CBU6, STM32C071CBU6N, STM32C071F8P6, STM32C071F8P6N, STM32C071FBP6, STM32C071FBP6N, STM32C071FBY6TR, STM32C071G8U6, STM32C071G8U6N, STM32C071GBU6, STM32C071GBU6N, STM32C071K8T6, STM32C071K8T6N, STM32C071K8U6, STM32C071K8U6N, STM32C071KBT6, STM32C071KBT6N, STM32C071KBU6, STM32C071KBU6N, STM32C071R8T6, STM32C071R8T6N, STM32C071RBI6N, STM32C071RBT6, STM32C071RBT6N, STM32C091CBT6, STM32C091CBU6, STM32C091CCT6, STM32C091CCU6, STM32C091ECY6TR, STM32C091FBP6, STM32C091FCP6, STM32C091GBU6, STM32C091GCU6, STM32C091KBT6, STM32C091KBU6, STM32C091KCT6, STM32C091KCU6, STM32C091RBT6, STM32C091RCI6, STM32C091RCT6, STM32C092CBT6, STM32C092CBU6, STM32C092CCT6, STM32C092CCU6, STM32C092ECY6TR, STM32C092FBP6, STM32C092FCP6, STM32C092GBU6, STM32C092GCU6, STM32C092KBT6, STM32C092KBU6, STM32C092KCT6, STM32C092KCU6, STM32C092RBT6, STM32C092RCI6, STM32C092RCT6, STM32G071K8TXN, STM32G071K8UXN, STM32G081GBU6N, STM32G081KBT6N, STM32G081KBUXN, STM32G0B1CCT6N, STM32G0B1KCT6, STM32G0B1NEY6TR, STM32G0B1RCT6N, STM32G0C1CCT6, STM32G0C1CCT6N, STM32G0C1CCU6N, STM32G0C1CET6N, STM32G0C1CEU6N, STM32G0C1KCT6, STM32G0C1NEY6TR, STM32G0C1RCI6N, STM32G0C1RCT6N, STM32G0C1REI6N, STM32G0C1RET6N, STM32G0C1VCI6, STM32G0C1VEI6, STM32G411C6T3, STM32G411C6T6, STM32G411C6U3, STM32G411C6U6, STM32G411C8T3, STM32G411C8T6, STM32G411C8U3, STM32G411C8U6, STM32G411CBT3, STM32G411CBT6, STM32G411CBU3, STM32G411CBU6, STM32G411CCT3, STM32G411CCT6, STM32G411CCU3, STM32G411CCU6, STM32G411K6T3, STM32G411K6T6, STM32G411K6U3, STM32G411K6U6, STM32G411K8T3, STM32G411K8T6, STM32G411K8U3, STM32G411K8U6, STM32G411KBT3, STM32G411KBT6, STM32G411KBU3, STM32G411KBU6, STM32G411M6T3, STM32G411M6T6, STM32G411M8T3, STM32G411M8T6, STM32G411MBT3, STM32G411MBT6, STM32G411MCT3, STM32G411MCT6, STM32G411R6T3, STM32G411R6T6, STM32G411R8T3, STM32G411R8T6, STM32G411RBT3, STM32G411RBT6, STM32G411RCT3, STM32G411RCT6, STM32G414CBT3, STM32G414CBT6, STM32G414CBU3, STM32G414CBU6, STM32G414CCT3, STM32G414CCT6, STM32G414CCU3, STM32G414CCU6, STM32G414MBT3, STM32G414MBT6, STM32G414MCT3, STM32G414MCT6, STM32G414RBT3, STM32G414RBT6, STM32G414RCT3, STM32G414RCT6, STM32G414VBT3, STM32G414VBT6, STM32G414VCT3, STM32G414VCT6, STM32G431CBT3Z, STM32G431RBT3Z, STM32G471CCT6, STM32G471CCU6, STM32G471CET3, STM32G471CET6, STM32G471CEU3, STM32G471CEU6, STM32G471MCT6, STM32G471MET3, STM32G471MET6, STM32G471MEY6TR, STM32G471QCT6, STM32G471QET3, STM32G471RCT6, STM32G471RET3, STM32G471RET6, STM32G471VCH6, STM32G471VCI6, STM32G471VCT6, STM32G471VEH3, STM32G471VEH6, STM32G471VEI3, STM32G471VEI6, STM32G471VET3, STM32G471VET6, STM32G473QET3Z, STM32G473RET3Z, STM32G474CCT6, STM32G491RET3Z, STM32H503CBT6, STM32H503CBU6, STM32H503EBY6TR, STM32H503KBU6, STM32H503RBT6, STM32H523CCT6, STM32H523CCU6, STM32H523CET6, STM32H523CEU6, STM32H523HEY6TR, STM32H523RCT6, STM32H523RET6, STM32H523VCI6, STM32H523VCT6, STM32H523VEI6, STM32H523VET6, STM32H523ZCJ6, STM32H523ZCT6, STM32H523ZEJ6, STM32H523ZET6, STM32H533CET6, STM32H533CEU6, STM32H533HEY6TR, STM32H533RET6, STM32H533VEI6, STM32H533VET6, STM32H533ZEJ6, STM32H533ZET6, STM32H562AGI6, STM32H562AII6, STM32H562IGK6, STM32H562IGT6, STM32H562IIK6, STM32H562IIT6, STM32H562RGT6, STM32H562RGV6, STM32H562RIT6, STM32H562RIV6, STM32H562VGT6, STM32H562VIT6, STM32H562ZGT6, STM32H562ZIT6, STM32H563AGI6, STM32H563AII3Q, STM32H563AII6, STM32H563IGK6, STM32H563IGT6, STM32H563IIK3Q, STM32H563IIK6, STM32H563IIT3Q, STM32H563IIT6, STM32H563MIY3QTR, STM32H563RGT6, STM32H563RGV6, STM32H563RIT6, STM32H563RIV6, STM32H563VGT6, STM32H563VIT3Q, STM32H563VIT6, STM32H563ZGT6, STM32H563ZIT3Q, STM32H563ZIT6, STM32H573AII3Q, STM32H573AII6, STM32H573I-DK, STM32H573IIK3Q, STM32H573IIK6, STM32H573IIT3Q, STM32H573IIT6, STM32H573MIY3QTR, STM32H573RIT6, STM32H573RIV6, STM32H573VIT3Q, STM32H573VIT6, STM32H573ZIT3Q, STM32H573ZIT6, STM32H7R3A8I6, STM32H7R3I8K6, STM32H7R3I8T6, STM32H7R3L8H6, STM32H7R3L8H6H, STM32H7R3R8V6, STM32H7R3V8H6, STM32H7R3V8T6, STM32H7R3V8Y6TR, STM32H7R3Z8J6, STM32H7R3Z8T6, STM32H7R7A8I6, STM32H7R7I8K6, STM32H7R7I8T6, STM32H7R7L8H6, STM32H7R7L8H6H, STM32H7R7Z8J6, STM32H7S3A8I6, STM32H7S3I8K6, STM32H7S3I8T6, STM32H7S3L8H6, STM32H7S3L8H6H, STM32H7S3R8V6, STM32H7S3V8H6, STM32H7S3V8T6, STM32H7S3V8Y6TR, STM32H7S3Z8J6, STM32H7S3Z8T6, STM32H7S78-DK, STM32H7S7A8I6, STM32H7S7I8K6, STM32H7S7I8T6, STM32H7S7L8H6, STM32H7S7L8H6H, STM32H7S7Z8J6, STM32L4R5QGI6STR, STM32MP131AAE3, STM32MP131AAF3, STM32MP131AAG3, STM32MP131CAE3, STM32MP131CAF3, STM32MP131CAG3, STM32MP131DAE7, STM32MP131DAF7, STM32MP131DAG7, STM32MP131FAE7, STM32MP131FAF7, STM32MP131FAG7, STM32MP133AAE3, STM32MP133AAF3, STM32MP133AAG3, STM32MP133CAE3, STM32MP133CAF3, STM32MP133CAG3, STM32MP133DAE7, STM32MP133DAF7, STM32MP133DAG7, STM32MP133FAE7, STM32MP133FAF7, STM32MP133FAG7, STM32MP135AAE3, STM32MP135AAF3, STM32MP135AAG3, STM32MP135CAE3, STM32MP135CAF3, STM32MP135CAG3, STM32MP135DAE7, STM32MP135DAF7, STM32MP135DAG7, STM32MP135F-DK, STM32MP135FAE7, STM32MP135FAF7, STM32MP135FAF7T, STM32MP135FAF7U, STM32MP135FAG7, STM32MP231AAJ3, STM32MP231AAK3, STM32MP231AAL3, STM32MP231CAJ3, STM32MP231CAK3, STM32MP231CAL3, STM32MP231DAJ3, STM32MP231DAK3, STM32MP231DAL3, STM32MP231FAJ3, STM32MP231FAK3, STM32MP231FAL3, STM32MP233AAJ3, STM32MP233AAK3, STM32MP233AAL3, STM32MP233CAJ3, STM32MP233CAK3, STM32MP233CAL3, STM32MP233DAJ3, STM32MP233DAK3, STM32MP233DAL3, STM32MP233FAJ3, STM32MP233FAK3, STM32MP233FAL3, STM32MP235AAJ3, STM32MP235AAK3, STM32MP235AAL3, STM32MP235CAJ3, STM32MP235CAK3, STM32MP235CAL3, STM32MP235DAJ3, STM32MP235DAK3, STM32MP235DAL3, STM32MP235FAJ3, STM32MP235FAK3, STM32MP235FAL3, STM32MP251AAI3, STM32MP251AAJ3, STM32MP251AAK3, STM32MP251AAL3, STM32MP251CAI3, STM32MP251CAJ3, STM32MP251CAK3, STM32MP251CAL3, STM32MP251DAI3, STM32MP251DAJ3, STM32MP251DAK3, STM32MP251DAL3, STM32MP251FAI3, STM32MP251FAJ3, STM32MP251FAK3, STM32MP251FAL3, STM32MP253AAI3, STM32MP253AAJ3, STM32MP253AAK3, STM32MP253AAL3, STM32MP253CAI3, STM32MP253CAJ3, STM32MP253CAK3, STM32MP253CAL3, STM32MP253DAI3, STM32MP253DAJ3, STM32MP253DAK3, STM32MP253DAL3, STM32MP253FAI3, STM32MP253FAJ3, STM32MP253FAK3, STM32MP253FAL3, STM32MP255AAI3, STM32MP255AAJ3, STM32MP255AAK3, STM32MP255AAL3, STM32MP255CAI3, STM32MP255CAJ3, STM32MP255CAK3, STM32MP255CAL3, STM32MP255DAI3, STM32MP255DAJ3, STM32MP255DAK3, STM32MP255DAL3, STM32MP255FAI3, STM32MP255FAJ3, STM32MP255FAK3, STM32MP255FAL3, STM32MP257AAI3, STM32MP257AAJ3, STM32MP257AAK3, STM32MP257AAL3, STM32MP257CAI3, STM32MP257CAJ3, STM32MP257CAK3, STM32MP257CAL3, STM32MP257DAI3, STM32MP257DAJ3, STM32MP257DAK3, STM32MP257DAL3, STM32MP257F-DK, STM32MP257F-EV1, STM32MP257FAI3, STM32MP257FAJ3, STM32MP257FAK3, STM32MP257FAL3, STM32N645A0H3Q, STM32N645B0H3Q, STM32N645I0H3Q, STM32N645L0H3Q, STM32N645X0H3Q, STM32N645Z0H3Q, STM32N647A0H3Q, STM32N647B0H3Q, STM32N647I0H3Q, STM32N647L0H3Q, STM32N647X0H3Q, STM32N647Z0H3Q, STM32N655A0H3Q, STM32N655B0H3Q, STM32N655I0H3Q, STM32N655L0H3Q, STM32N655X0H3Q, STM32N655Z0H3Q, STM32N6570-DK, STM32N657A0H3Q, STM32N657B0H3Q, STM32N657I0H3Q, STM32N657L0H3Q, STM32N657X0H3Q, STM32N657Z0H3Q, STM32U031C6T6, STM32U031C6U6, STM32U031C8T6, STM32U031C8U6, STM32U031F4P6, STM32U031F6P6, STM32U031F8P6, STM32U031G6Y6TR, STM32U031G8Y6TR, STM32U031K4U6, STM32U031K6U6, STM32U031K8U6, STM32U031R6I6, STM32U031R6T6, STM32U031R8I6, STM32U031R8T6, STM32U073C8T6, STM32U073C8U6, STM32U073CBT6, STM32U073CBU6, STM32U073CCT6, STM32U073CCU6, STM32U073H8Y6TR, STM32U073HBY6TR, STM32U073HCY6TR, STM32U073K8U6, STM32U073KBU6, STM32U073KCU6, STM32U073M8I6, STM32U073M8T6, STM32U073MBI6, STM32U073MBT6, STM32U073MCI6, STM32U073MCT6, STM32U073R8I6, STM32U073R8T6, STM32U073RBI6, STM32U073RBT6, STM32U073RCI6, STM32U073RCT6, STM32U083C-DK, STM32U083CCT6, STM32U083CCU6, STM32U083HCY6TR, STM32U083KCU6, STM32U083MCI6, STM32U083MCT6, STM32U083RCI6, STM32U083RCT6, STM32U375CET6, STM32U375CET6Q, STM32U375CEU6, STM32U375CEU6Q, STM32U375CEY6QTR, STM32U375CGT6, STM32U375CGT6Q, STM32U375CGU6, STM32U375CGU6Q, STM32U375CGY6QTR, STM32U375KEU6, STM32U375KGU6, STM32U375REI6, STM32U375REI6Q, STM32U375RET6, STM32U375RET6Q, STM32U375REY6GTR, STM32U375REY6QTR, STM32U375RGI6, STM32U375RGI6Q, STM32U375RGT6, STM32U375RGT6Q, STM32U375RGY6GTR, STM32U375RGY6QTR, STM32U375VEI6, STM32U375VEI6Q, STM32U375VET6, STM32U375VET6Q, STM32U375VGI6, STM32U375VGI6Q, STM32U375VGT6, STM32U375VGT6Q, STM32U385CGT6, STM32U385CGT6Q, STM32U385CGU6, STM32U385CGU6Q, STM32U385CGY6QTR, STM32U385KGU6, STM32U385RGI6, STM32U385RGI6Q, STM32U385RGT6, STM32U385RGT6Q, STM32U385RGY6GTR, STM32U385RGY6QTR, STM32U385VGI6, STM32U385VGI6Q, STM32U385VGT6, STM32U385VGT6Q, STM32U535CBT6, STM32U535CBT6Q, STM32U535CBU6, STM32U535CBU6Q, STM32U535CCT6, STM32U535CCT6Q, STM32U535CCU6, STM32U535CCU6Q, STM32U535CET6, STM32U535CET6Q, STM32U535CEU6, STM32U535CEU6Q, STM32U535JEY6QTR, STM32U535NCY6QTR, STM32U535NEY6QTR, STM32U535RBI6, STM32U535RBI6Q, STM32U535RBT6, STM32U535RBT6Q, STM32U535RCI6, STM32U535RCI6Q, STM32U535RCT6, STM32U535RCT6Q, STM32U535REI6, STM32U535REI6Q, STM32U535RET6, STM32U535RET6Q, STM32U535VCI6, STM32U535VCI6Q, STM32U535VCT6, STM32U535VCT6Q, STM32U535VEI6, STM32U535VEI6Q, STM32U535VET6, STM32U535VET6Q, STM32U545CET6, STM32U545CET6Q, STM32U545CEU6, STM32U545CEU6Q, STM32U545JEY6QTR, STM32U545NEY6QTR, STM32U545REI6, STM32U545REI6Q, STM32U545RET6, STM32U545RET6Q, STM32U545VEI6, STM32U545VEI6Q, STM32U545VET6, STM32U545VET6Q, STM32U595AIH6, STM32U595AIH6Q, STM32U595AJH6, STM32U595AJH6Q, STM32U595QII6, STM32U595QII6Q, STM32U595QJI6, STM32U595QJI6Q, STM32U595RIT6, STM32U595RIT6Q, STM32U595RJT6, STM32U595RJT6Q, STM32U595VIT6, STM32U595VIT6Q, STM32U595VJT6, STM32U595VJT6Q, STM32U595ZIT6, STM32U595ZIT6Q, STM32U595ZIY6QTR, STM32U595ZJT6, STM32U595ZJT6Q, STM32U595ZJY6QTR, STM32U599BJY6QTR, STM32U599NIH6Q, STM32U599NJH6Q, STM32U599VIT6Q, STM32U599VJT6, STM32U599VJT6Q, STM32U599ZIT6Q, STM32U599ZIY6QTR, STM32U599ZJT6Q, STM32U599ZJY6QTR, STM32U5A5AJH6, STM32U5A5AJH6Q, STM32U5A5QII3Q , STM32U5A5QJI6, STM32U5A5QJI6Q, STM32U5A5RJT6, STM32U5A5RJT6Q, STM32U5A5VJT6, STM32U5A5VJT6Q, STM32U5A5ZJT6, STM32U5A5ZJT6Q, STM32U5A5ZJY6QTR, STM32U5A9BJY6QTR, STM32U5A9J-DK, STM32U5A9NJH6Q, STM32U5A9VJT6Q, STM32U5A9ZJT6Q, STM32U5A9ZJY6QTR, STM32U5F7VIT6, STM32U5F7VIT6Q, STM32U5F7VJT6, STM32U5F7VJT6Q, STM32U5F9BJY6QTR, STM32U5F9NJH6Q, STM32U5F9VIT6Q, STM32U5F9VJT6Q, STM32U5F9ZIJ6QTR, STM32U5F9ZIT6Q, STM32U5F9ZJJ6QTR, STM32U5F9ZJT6Q, STM32U5G7VJT6, STM32U5G7VJT6Q, STM32U5G9BJY6QTR, STM32U5G9J-DK1, STM32U5G9J-DK2, STM32U5G9NJH6Q, STM32U5G9VJT6Q, STM32U5G9ZJJ6QTR, STM32U5G9ZJT6Q, STM32WB05KZV6TR, STM32WB05KZV7TR, STM32WB05TZF6TR, STM32WB05TZF7TR, STM32WB06CCF6TR, STM32WB06CCF7TR, STM32WB06CCV6TR, STM32WB06CCV7TR, STM32WB06KCV6TR, STM32WB06KCV7TR, STM32WB07CCF6TR, STM32WB07CCF7TR, STM32WB07CCV6TR, STM32WB07CCV7TR, STM32WB07KCV6TR, STM32WB07KCV7TR, STM32WB09KEV6TR, STM32WB09KEV7TR, STM32WB09TEF6TR, STM32WB09TEF7TR, STM32WB1MMCH6, STM32WBA50KGU6, STM32WBA50KGU6TR, STM32WBA52CEU6, STM32WBA52CEU6TR, STM32WBA52CEU7, STM32WBA52CEU7TR, STM32WBA52CGU6, STM32WBA52CGU6TR, STM32WBA52CGU6U, STM32WBA52CGU7, STM32WBA52CGU7TR, STM32WBA52KEU6, STM32WBA52KEU6TR, STM32WBA52KGU6, STM32WBA52KGU6TR, STM32WBA54CEU6, STM32WBA54CEU6TR, STM32WBA54CEU7, STM32WBA54CEU7TR, STM32WBA54CGU6, STM32WBA54CGU6TR, STM32WBA54CGU7, STM32WBA54CGU7TR, STM32WBA54KEU6, STM32WBA54KEU6TR, STM32WBA54KEU7, STM32WBA54KEU7TR, STM32WBA54KGU6, STM32WBA54KGU6TR, STM32WBA54KGU7, STM32WBA54KGU7TR, STM32WBA55CEU6, STM32WBA55CEU6TR, STM32WBA55CEU7, STM32WBA55CEU7TR, STM32WBA55CGU6, STM32WBA55CGU6TR, STM32WBA55CGU6U, STM32WBA55CGU7, STM32WBA55CGU7TR, STM32WBA55G-DK1, STM32WBA55HEF6, STM32WBA55HEF7, STM32WBA55HGF6, STM32WBA55HGF7, STM32WBA55UEI6, STM32WBA55UEI6TR, STM32WBA55UEI7, STM32WBA55UEI7TR, STM32WBA55UGI6, STM32WBA55UGI6TR, STM32WBA55UGI7, STM32WBA55UGI7TR, STM32WBA5MJGH6TR, STM32WBA62CGU6, STM32WBA62CIU6, STM32WBA62MGF6, STM32WBA62MIF6, STM32WBA62PGI6, STM32WBA62PII6, STM32WBA63CGU6, STM32WBA63CGU7, STM32WBA63CIU6, STM32WBA63CIU7, STM32WBA64CGU6, STM32WBA64CGU7, STM32WBA64CIU6, STM32WBA64CIU7, STM32WBA65CGU6, STM32WBA65CGU7, STM32WBA65CIU6, STM32WBA65CIU7, STM32WBA65I-DK1, STM32WBA65MGF6, STM32WBA65MGF7, STM32WBA65MIF6, STM32WBA65MIF7, STM32WBA65PGI6, STM32WBA65PGI7, STM32WBA65PII6, STM32WBA65PII7, STM32WBA65RGV6, STM32WBA65RGV7, STM32WBA65RIV6, STM32WBA65RIV7, STM32WL30K8V6, STM32WL30KBV6, STM32WL31C8V6, STM32WL31CBV6, STM32WL31K8V6, STM32WL31KBV6, STM32WL33C8V6, STM32WL33C8V6TR, STM32WL33C8V7, STM32WL33C8V7TR, STM32WL33CBV6, STM32WL33CBV6TR, STM32WL33CBV7, STM32WL33CBV7TR, STM32WL33CCV6, STM32WL33CCV6TR, STM32WL33CCV7, STM32WL33CCV7A, STM32WL33CCV7ATR, STM32WL33CCV7TR, STM32WL33K8V6, STM32WL33K8V6TR, STM32WL33K8V7, STM32WL33K8V7TR, STM32WL33KBV6, STM32WL33KBV6TR, STM32WL33KBV7, STM32WL33KBV7TR, STM32WL33KCV6, STM32WL33KCV6TR, STM32WL33KCV7, STM32WL33KCV7TR, STM32WL5MOCH6, STM32WL5MOCH6TR]
2025-11-05 10:17:31,270 [INFO] ApiDb:668 - CubeFinder database Data Model version=2.1
2025-11-05 10:17:31,270 [INFO] ApiDb:669 - CubeFinder database Configuration version=3.0.39
2025-11-05 10:17:31,270 [INFO] ApiDb:670 - CubeFinder database generation date=2025-10-27 (1761571959)
2025-11-05 10:17:31,270 [INFO] ApiDb:671 - CubeFinder database FW Pack versions=[FP-ATR-ASTRA1_V2.0.0, FP-SNS-FLIGHT1_V5.1.0, FP-SNS-MOTENV1_V5.0.0, FP-SNS-MOTENVWB1_V1.4.0, FP-SNS-SMARTAG2_V1.2.0, FP-SNS-STBOX1_V2.1.0, STM32Cube_FW_C0_V1.4.0, STM32Cube_FW_F4_V1.28.3, STM32Cube_FW_F7_V1.17.4, STM32Cube_FW_G0_V1.6.2, STM32Cube_FW_G4_V1.6.1, STM32Cube_FW_H5_V1.5.0, STM32Cube_FW_H7RS_V1.2.0, STM32Cube_FW_H7_V1.12.1, STM32Cube_FW_L0_V1.12.2, STM32Cube_FW_L4_V1.18.1, STM32Cube_FW_L5_V1.5.1, STM32Cube_FW_N6_V1.2.0, STM32Cube_FW_U0_V1.3.0, STM32Cube_FW_U3_V1.2.1, STM32Cube_FW_U5_V1.8.0, STM32Cube_FW_WB0_V1.3.0, STM32Cube_FW_WBA_V1.7.0, STM32Cube_FW_WB_V1.23.0, STM32Cube_FW_WL3_V1.2.0, STM32Cube_FW_WL_V1.3.1, X-CUBE-ALGOBUILD_V1.4.0, X-CUBE-ALS_V1.0.2, X-CUBE-AZRTOS-F4_V1.1.0, X-CUBE-AZRTOS-F7_V1.1.0, X-CUBE-AZRTOS-G0_V1.1.0, X-CUBE-AZRTOS-G4_V2.0.0, X-CUBE-AZRTOS-H7RS_V1.1.0, X-CUBE-AZRTOS-H7_V3.4.0, X-CUBE-AZRTOS-L4_V2.0.0, X-CUBE-AZRTOS-L5_V2.0.0, X-CUBE-AZRTOS-WB_V2.0.0, X-CUBE-AZRTOS-WL_V2.0.0, X-CUBE-BLE1_V7.1.0, X-CUBE-BLE2_V3.3.0, X-CUBE-BLEMGR_V4.1.0, X-CUBE-EEPRMA1_V5.2.0, X-CUBE-FREERTOS_V1.3.1, X-CUBE-GNSS1_V6.0.0, X-CUBE-MEMS1_V11.3.0, X-CUBE-NFC4_V3.0.0, X-CUBE-NFC7_V2.0.0, X-CUBE-SFXS2LP1_V4.0.0, X-CUBE-ST67W61_V1.1.0, X-CUBE-SUBG2_V5.0.0, X-CUBE-TOF1_V3.4.3]
2025-11-05 10:17:35,832 [INFO] ApiDb:240 - Found 895 in-development CPN: [B-G473E-ZEST1S, B-WB1M-WPAN1, B-WBA5M-WPAN, B-WL5M-SUBG1, NUCLEO-C031C6, NUCLEO-C051C8, NUCLEO-C071RB, NUCLEO-C092RC, NUCLEO-H503RB, NUCLEO-H533RE, NUCLEO-H563ZI, NUCLEO-H7S3L8, NUCLEO-N657X0-Q, NUCLEO-U031R8, NUCLEO-U083RC, NUCLEO-U385RG-Q, NUCLEO-U545RE-Q, NUCLEO-U5A5ZJ-Q, NUCLEO-WB05KZ, NUCLEO-WB07CC, NUCLEO-WB09KE, NUCLEO-WBA52CG, NUCLEO-WBA55CG, NUCLEO-WBA65RI, NUCLEO-WL33CC1, NUCLEO-WL33CC2, STEVAL-PROTEUS1, STEVAL-SMARTAG2, STEVAL-STWINBX1, STM320518-EVAL, STM32C0116-DK, STM32C011D6Y3TR, STM32C011D6Y6TR, STM32C011F4P3, STM32C011F4P6, STM32C011F4U3, STM32C011F4U6TR, STM32C011F6P3, STM32C011F6P6, STM32C011F6U3, STM32C011F6U6TR, STM32C011J4M3, STM32C011J4M6, STM32C011J6M3, STM32C011J6M6, STM32C0316-DK, STM32C031C4T3, STM32C031C4T6, STM32C031C4U3, STM32C031C4U6, STM32C031C6T3, STM32C031C6T6, STM32C031C6U3, STM32C031C6U6, STM32C031F4P3, STM32C031F4P6, STM32C031F6P3, STM32C031F6P6, STM32C031G4U3, STM32C031G4U6, STM32C031G6U3, STM32C031G6U6, STM32C031K4T3, STM32C031K4T6, STM32C031K4U3, STM32C031K4U6, STM32C031K6T3, STM32C031K6T6, STM32C031K6U3, STM32C031K6U6, STM32C051C6T6, STM32C051C6U6, STM32C051C8T6, STM32C051C8U6, STM32C051D8Y6TR, STM32C051F6P6, STM32C051F8P6, STM32C051G6U6, STM32C051G8U6, STM32C051K6T6, STM32C051K6U6, STM32C051K8T6, STM32C071C8T6, STM32C071C8T6N, STM32C071C8U6, STM32C071C8U6N, STM32C071CBT6, STM32C071CBT6N, STM32C071CBU6, STM32C071CBU6N, STM32C071F8P6, STM32C071F8P6N, STM32C071FBP6, STM32C071FBP6N, STM32C071FBY6TR, STM32C071G8U6, STM32C071G8U6N, STM32C071GBU6, STM32C071GBU6N, STM32C071K8T6, STM32C071K8T6N, STM32C071K8U6, STM32C071K8U6N, STM32C071KBT6, STM32C071KBT6N, STM32C071KBU6, STM32C071KBU6N, STM32C071R8T6, STM32C071R8T6N, STM32C071RBI6N, STM32C071RBT6, STM32C071RBT6N, STM32C091CBT6, STM32C091CBU6, STM32C091CCT6, STM32C091CCU6, STM32C091ECY6TR, STM32C091FBP6, STM32C091FCP6, STM32C091GBU6, STM32C091GCU6, STM32C091KBT6, STM32C091KBU6, STM32C091KCT6, STM32C091KCU6, STM32C091RBT6, STM32C091RCI6, STM32C091RCT6, STM32C092CBT6, STM32C092CBU6, STM32C092CCT6, STM32C092CCU6, STM32C092ECY6TR, STM32C092FBP6, STM32C092FCP6, STM32C092GBU6, STM32C092GCU6, STM32C092KBT6, STM32C092KBU6, STM32C092KCT6, STM32C092KCU6, STM32C092RBT6, STM32C092RCI6, STM32C092RCT6, STM32G071K8TXN, STM32G071K8UXN, STM32G081GBU6N, STM32G081KBT6N, STM32G081KBUXN, STM32G0B1CCT6N, STM32G0B1KCT6, STM32G0B1NEY6TR, STM32G0B1RCT6N, STM32G0C1CCT6, STM32G0C1CCT6N, STM32G0C1CCU6N, STM32G0C1CET6N, STM32G0C1CEU6N, STM32G0C1KCT6, STM32G0C1NEY6TR, STM32G0C1RCI6N, STM32G0C1RCT6N, STM32G0C1REI6N, STM32G0C1RET6N, STM32G0C1VCI6, STM32G0C1VEI6, STM32G411C6T3, STM32G411C6T6, STM32G411C6U3, STM32G411C6U6, STM32G411C8T3, STM32G411C8T6, STM32G411C8U3, STM32G411C8U6, STM32G411CBT3, STM32G411CBT6, STM32G411CBU3, STM32G411CBU6, STM32G411CCT3, STM32G411CCT6, STM32G411CCU3, STM32G411CCU6, STM32G411K6T3, STM32G411K6T6, STM32G411K6U3, STM32G411K6U6, STM32G411K8T3, STM32G411K8T6, STM32G411K8U3, STM32G411K8U6, STM32G411KBT3, STM32G411KBT6, STM32G411KBU3, STM32G411KBU6, STM32G411M6T3, STM32G411M6T6, STM32G411M8T3, STM32G411M8T6, STM32G411MBT3, STM32G411MBT6, STM32G411MCT3, STM32G411MCT6, STM32G411R6T3, STM32G411R6T6, STM32G411R8T3, STM32G411R8T6, STM32G411RBT3, STM32G411RBT6, STM32G411RCT3, STM32G411RCT6, STM32G414CBT3, STM32G414CBT6, STM32G414CBU3, STM32G414CBU6, STM32G414CCT3, STM32G414CCT6, STM32G414CCU3, STM32G414CCU6, STM32G414MBT3, STM32G414MBT6, STM32G414MCT3, STM32G414MCT6, STM32G414RBT3, STM32G414RBT6, STM32G414RCT3, STM32G414RCT6, STM32G414VBT3, STM32G414VBT6, STM32G414VCT3, STM32G414VCT6, STM32G431CBT3Z, STM32G431RBT3Z, STM32G471CCT6, STM32G471CCU6, STM32G471CET3, STM32G471CET6, STM32G471CEU3, STM32G471CEU6, STM32G471MCT6, STM32G471MET3, STM32G471MET6, STM32G471MEY6TR, STM32G471QCT6, STM32G471QET3, STM32G471RCT6, STM32G471RET3, STM32G471RET6, STM32G471VCH6, STM32G471VCI6, STM32G471VCT6, STM32G471VEH3, STM32G471VEH6, STM32G471VEI3, STM32G471VEI6, STM32G471VET3, STM32G471VET6, STM32G473QET3Z, STM32G473RET3Z, STM32G474CCT6, STM32G491RET3Z, STM32H503CBT6, STM32H503CBU6, STM32H503EBY6TR, STM32H503KBU6, STM32H503RBT6, STM32H523CCT6, STM32H523CCU6, STM32H523CET6, STM32H523CEU6, STM32H523HEY6TR, STM32H523RCT6, STM32H523RET6, STM32H523VCI6, STM32H523VCT6, STM32H523VEI6, STM32H523VET6, STM32H523ZCJ6, STM32H523ZCT6, STM32H523ZEJ6, STM32H523ZET6, STM32H533CET6, STM32H533CEU6, STM32H533HEY6TR, STM32H533RET6, STM32H533VEI6, STM32H533VET6, STM32H533ZEJ6, STM32H533ZET6, STM32H562AGI6, STM32H562AII6, STM32H562IGK6, STM32H562IGT6, STM32H562IIK6, STM32H562IIT6, STM32H562RGT6, STM32H562RGV6, STM32H562RIT6, STM32H562RIV6, STM32H562VGT6, STM32H562VIT6, STM32H562ZGT6, STM32H562ZIT6, STM32H563AGI6, STM32H563AII3Q, STM32H563AII6, STM32H563IGK6, STM32H563IGT6, STM32H563IIK3Q, STM32H563IIK6, STM32H563IIT3Q, STM32H563IIT6, STM32H563MIY3QTR, STM32H563RGT6, STM32H563RGV6, STM32H563RIT6, STM32H563RIV6, STM32H563VGT6, STM32H563VIT3Q, STM32H563VIT6, STM32H563ZGT6, STM32H563ZIT3Q, STM32H563ZIT6, STM32H573AII3Q, STM32H573AII6, STM32H573I-DK, STM32H573IIK3Q, STM32H573IIK6, STM32H573IIT3Q, STM32H573IIT6, STM32H573MIY3QTR, STM32H573RIT6, STM32H573RIV6, STM32H573VIT3Q, STM32H573VIT6, STM32H573ZIT3Q, STM32H573ZIT6, STM32H7R3A8I6, STM32H7R3I8K6, STM32H7R3I8T6, STM32H7R3L8H6, STM32H7R3L8H6H, STM32H7R3R8V6, STM32H7R3V8H6, STM32H7R3V8T6, STM32H7R3V8Y6TR, STM32H7R3Z8J6, STM32H7R3Z8T6, STM32H7R7A8I6, STM32H7R7I8K6, STM32H7R7I8T6, STM32H7R7L8H6, STM32H7R7L8H6H, STM32H7R7Z8J6, STM32H7S3A8I6, STM32H7S3I8K6, STM32H7S3I8T6, STM32H7S3L8H6, STM32H7S3L8H6H, STM32H7S3R8V6, STM32H7S3V8H6, STM32H7S3V8T6, STM32H7S3V8Y6TR, STM32H7S3Z8J6, STM32H7S3Z8T6, STM32H7S78-DK, STM32H7S7A8I6, STM32H7S7I8K6, STM32H7S7I8T6, STM32H7S7L8H6, STM32H7S7L8H6H, STM32H7S7Z8J6, STM32L4R5QGI6STR, STM32MP131AAE3, STM32MP131AAF3, STM32MP131AAG3, STM32MP131CAE3, STM32MP131CAF3, STM32MP131CAG3, STM32MP131DAE7, STM32MP131DAF7, STM32MP131DAG7, STM32MP131FAE7, STM32MP131FAF7, STM32MP131FAG7, STM32MP133AAE3, STM32MP133AAF3, STM32MP133AAG3, STM32MP133CAE3, STM32MP133CAF3, STM32MP133CAG3, STM32MP133DAE7, STM32MP133DAF7, STM32MP133DAG7, STM32MP133FAE7, STM32MP133FAF7, STM32MP133FAG7, STM32MP135AAE3, STM32MP135AAF3, STM32MP135AAG3, STM32MP135CAE3, STM32MP135CAF3, STM32MP135CAG3, STM32MP135DAE7, STM32MP135DAF7, STM32MP135DAG7, STM32MP135F-DK, STM32MP135FAE7, STM32MP135FAF7, STM32MP135FAF7T, STM32MP135FAF7U, STM32MP135FAG7, STM32MP231AAJ3, STM32MP231AAK3, STM32MP231AAL3, STM32MP231CAJ3, STM32MP231CAK3, STM32MP231CAL3, STM32MP231DAJ3, STM32MP231DAK3, STM32MP231DAL3, STM32MP231FAJ3, STM32MP231FAK3, STM32MP231FAL3, STM32MP233AAJ3, STM32MP233AAK3, STM32MP233AAL3, STM32MP233CAJ3, STM32MP233CAK3, STM32MP233CAL3, STM32MP233DAJ3, STM32MP233DAK3, STM32MP233DAL3, STM32MP233FAJ3, STM32MP233FAK3, STM32MP233FAL3, STM32MP235AAJ3, STM32MP235AAK3, STM32MP235AAL3, STM32MP235CAJ3, STM32MP235CAK3, STM32MP235CAL3, STM32MP235DAJ3, STM32MP235DAK3, STM32MP235DAL3, STM32MP235FAJ3, STM32MP235FAK3, STM32MP235FAL3, STM32MP251AAI3, STM32MP251AAJ3, STM32MP251AAK3, STM32MP251AAL3, STM32MP251CAI3, STM32MP251CAJ3, STM32MP251CAK3, STM32MP251CAL3, STM32MP251DAI3, STM32MP251DAJ3, STM32MP251DAK3, STM32MP251DAL3, STM32MP251FAI3, STM32MP251FAJ3, STM32MP251FAK3, STM32MP251FAL3, STM32MP253AAI3, STM32MP253AAJ3, STM32MP253AAK3, STM32MP253AAL3, STM32MP253CAI3, STM32MP253CAJ3, STM32MP253CAK3, STM32MP253CAL3, STM32MP253DAI3, STM32MP253DAJ3, STM32MP253DAK3, STM32MP253DAL3, STM32MP253FAI3, STM32MP253FAJ3, STM32MP253FAK3, STM32MP253FAL3, STM32MP255AAI3, STM32MP255AAJ3, STM32MP255AAK3, STM32MP255AAL3, STM32MP255CAI3, STM32MP255CAJ3, STM32MP255CAK3, STM32MP255CAL3, STM32MP255DAI3, STM32MP255DAJ3, STM32MP255DAK3, STM32MP255DAL3, STM32MP255FAI3, STM32MP255FAJ3, STM32MP255FAK3, STM32MP255FAL3, STM32MP257AAI3, STM32MP257AAJ3, STM32MP257AAK3, STM32MP257AAL3, STM32MP257CAI3, STM32MP257CAJ3, STM32MP257CAK3, STM32MP257CAL3, STM32MP257DAI3, STM32MP257DAJ3, STM32MP257DAK3, STM32MP257DAL3, STM32MP257F-DK, STM32MP257F-EV1, STM32MP257FAI3, STM32MP257FAJ3, STM32MP257FAK3, STM32MP257FAL3, STM32N645A0H3Q, STM32N645B0H3Q, STM32N645I0H3Q, STM32N645L0H3Q, STM32N645X0H3Q, STM32N645Z0H3Q, STM32N647A0H3Q, STM32N647B0H3Q, STM32N647I0H3Q, STM32N647L0H3Q, STM32N647X0H3Q, STM32N647Z0H3Q, STM32N655A0H3Q, STM32N655B0H3Q, STM32N655I0H3Q, STM32N655L0H3Q, STM32N655X0H3Q, STM32N655Z0H3Q, STM32N6570-DK, STM32N657A0H3Q, STM32N657B0H3Q, STM32N657I0H3Q, STM32N657L0H3Q, STM32N657X0H3Q, STM32N657Z0H3Q, STM32U031C6T6, STM32U031C6U6, STM32U031C8T6, STM32U031C8U6, STM32U031F4P6, STM32U031F6P6, STM32U031F8P6, STM32U031G6Y6TR, STM32U031G8Y6TR, STM32U031K4U6, STM32U031K6U6, STM32U031K8U6, STM32U031R6I6, STM32U031R6T6, STM32U031R8I6, STM32U031R8T6, STM32U073C8T6, STM32U073C8U6, STM32U073CBT6, STM32U073CBU6, STM32U073CCT6, STM32U073CCU6, STM32U073H8Y6TR, STM32U073HBY6TR, STM32U073HCY6TR, STM32U073K8U6, STM32U073KBU6, STM32U073KCU6, STM32U073M8I6, STM32U073M8T6, STM32U073MBI6, STM32U073MBT6, STM32U073MCI6, STM32U073MCT6, STM32U073R8I6, STM32U073R8T6, STM32U073RBI6, STM32U073RBT6, STM32U073RCI6, STM32U073RCT6, STM32U083C-DK, STM32U083CCT6, STM32U083CCU6, STM32U083HCY6TR, STM32U083KCU6, STM32U083MCI6, STM32U083MCT6, STM32U083RCI6, STM32U083RCT6, STM32U375CET6, STM32U375CET6Q, STM32U375CEU6, STM32U375CEU6Q, STM32U375CEY6QTR, STM32U375CGT6, STM32U375CGT6Q, STM32U375CGU6, STM32U375CGU6Q, STM32U375CGY6QTR, STM32U375KEU6, STM32U375KGU6, STM32U375REI6, STM32U375REI6Q, STM32U375RET6, STM32U375RET6Q, STM32U375REY6GTR, STM32U375REY6QTR, STM32U375RGI6, STM32U375RGI6Q, STM32U375RGT6, STM32U375RGT6Q, STM32U375RGY6GTR, STM32U375RGY6QTR, STM32U375VEI6, STM32U375VEI6Q, STM32U375VET6, STM32U375VET6Q, STM32U375VGI6, STM32U375VGI6Q, STM32U375VGT6, STM32U375VGT6Q, STM32U385CGT6, STM32U385CGT6Q, STM32U385CGU6, STM32U385CGU6Q, STM32U385CGY6QTR, STM32U385KGU6, STM32U385RGI6, STM32U385RGI6Q, STM32U385RGT6, STM32U385RGT6Q, STM32U385RGY6GTR, STM32U385RGY6QTR, STM32U385VGI6, STM32U385VGI6Q, STM32U385VGT6, STM32U385VGT6Q, STM32U535CBT6, STM32U535CBT6Q, STM32U535CBU6, STM32U535CBU6Q, STM32U535CCT6, STM32U535CCT6Q, STM32U535CCU6, STM32U535CCU6Q, STM32U535CET6, STM32U535CET6Q, STM32U535CEU6, STM32U535CEU6Q, STM32U535JEY6QTR, STM32U535NCY6QTR, STM32U535NEY6QTR, STM32U535RBI6, STM32U535RBI6Q, STM32U535RBT6, STM32U535RBT6Q, STM32U535RCI6, STM32U535RCI6Q, STM32U535RCT6, STM32U535RCT6Q, STM32U535REI6, STM32U535REI6Q, STM32U535RET6, STM32U535RET6Q, STM32U535VCI6, STM32U535VCI6Q, STM32U535VCT6, STM32U535VCT6Q, STM32U535VEI6, STM32U535VEI6Q, STM32U535VET6, STM32U535VET6Q, STM32U545CET6, STM32U545CET6Q, STM32U545CEU6, STM32U545CEU6Q, STM32U545JEY6QTR, STM32U545NEY6QTR, STM32U545REI6, STM32U545REI6Q, STM32U545RET6, STM32U545RET6Q, STM32U545VEI6, STM32U545VEI6Q, STM32U545VET6, STM32U545VET6Q, STM32U595AIH6, STM32U595AIH6Q, STM32U595AJH6, STM32U595AJH6Q, STM32U595QII6, STM32U595QII6Q, STM32U595QJI6, STM32U595QJI6Q, STM32U595RIT6, STM32U595RIT6Q, STM32U595RJT6, STM32U595RJT6Q, STM32U595VIT6, STM32U595VIT6Q, STM32U595VJT6, STM32U595VJT6Q, STM32U595ZIT6, STM32U595ZIT6Q, STM32U595ZIY6QTR, STM32U595ZJT6, STM32U595ZJT6Q, STM32U595ZJY6QTR, STM32U599BJY6QTR, STM32U599NIH6Q, STM32U599NJH6Q, STM32U599VIT6Q, STM32U599VJT6, STM32U599VJT6Q, STM32U599ZIT6Q, STM32U599ZIY6QTR, STM32U599ZJT6Q, STM32U599ZJY6QTR, STM32U5A5AJH6, STM32U5A5AJH6Q, STM32U5A5QII3Q , STM32U5A5QJI6, STM32U5A5QJI6Q, STM32U5A5RJT6, STM32U5A5RJT6Q, STM32U5A5VJT6, STM32U5A5VJT6Q, STM32U5A5ZJT6, STM32U5A5ZJT6Q, STM32U5A5ZJY6QTR, STM32U5A9BJY6QTR, STM32U5A9J-DK, STM32U5A9NJH6Q, STM32U5A9VJT6Q, STM32U5A9ZJT6Q, STM32U5A9ZJY6QTR, STM32U5F7VIT6, STM32U5F7VIT6Q, STM32U5F7VJT6, STM32U5F7VJT6Q, STM32U5F9BJY6QTR, STM32U5F9NJH6Q, STM32U5F9VIT6Q, STM32U5F9VJT6Q, STM32U5F9ZIJ6QTR, STM32U5F9ZIT6Q, STM32U5F9ZJJ6QTR, STM32U5F9ZJT6Q, STM32U5G7VJT6, STM32U5G7VJT6Q, STM32U5G9BJY6QTR, STM32U5G9J-DK1, STM32U5G9J-DK2, STM32U5G9NJH6Q, STM32U5G9VJT6Q, STM32U5G9ZJJ6QTR, STM32U5G9ZJT6Q, STM32WB05KZV6TR, STM32WB05KZV7TR, STM32WB05TZF6TR, STM32WB05TZF7TR, STM32WB06CCF6TR, STM32WB06CCF7TR, STM32WB06CCV6TR, STM32WB06CCV7TR, STM32WB06KCV6TR, STM32WB06KCV7TR, STM32WB07CCF6TR, STM32WB07CCF7TR, STM32WB07CCV6TR, STM32WB07CCV7TR, STM32WB07KCV6TR, STM32WB07KCV7TR, STM32WB09KEV6TR, STM32WB09KEV7TR, STM32WB09TEF6TR, STM32WB09TEF7TR, STM32WB1MMCH6, STM32WBA50KGU6, STM32WBA50KGU6TR, STM32WBA52CEU6, STM32WBA52CEU6TR, STM32WBA52CEU7, STM32WBA52CEU7TR, STM32WBA52CGU6, STM32WBA52CGU6TR, STM32WBA52CGU6U, STM32WBA52CGU7, STM32WBA52CGU7TR, STM32WBA52KEU6, STM32WBA52KEU6TR, STM32WBA52KGU6, STM32WBA52KGU6TR, STM32WBA54CEU6, STM32WBA54CEU6TR, STM32WBA54CEU7, STM32WBA54CEU7TR, STM32WBA54CGU6, STM32WBA54CGU6TR, STM32WBA54CGU7, STM32WBA54CGU7TR, STM32WBA54KEU6, STM32WBA54KEU6TR, STM32WBA54KEU7, STM32WBA54KEU7TR, STM32WBA54KGU6, STM32WBA54KGU6TR, STM32WBA54KGU7, STM32WBA54KGU7TR, STM32WBA55CEU6, STM32WBA55CEU6TR, STM32WBA55CEU7, STM32WBA55CEU7TR, STM32WBA55CGU6, STM32WBA55CGU6TR, STM32WBA55CGU6U, STM32WBA55CGU7, STM32WBA55CGU7TR, STM32WBA55G-DK1, STM32WBA55HEF6, STM32WBA55HEF7, STM32WBA55HGF6, STM32WBA55HGF7, STM32WBA55UEI6, STM32WBA55UEI6TR, STM32WBA55UEI7, STM32WBA55UEI7TR, STM32WBA55UGI6, STM32WBA55UGI6TR, STM32WBA55UGI7, STM32WBA55UGI7TR, STM32WBA5MJGH6TR, STM32WBA62CGU6, STM32WBA62CIU6, STM32WBA62MGF6, STM32WBA62MIF6, STM32WBA62PGI6, STM32WBA62PII6, STM32WBA63CGU6, STM32WBA63CGU7, STM32WBA63CIU6, STM32WBA63CIU7, STM32WBA64CGU6, STM32WBA64CGU7, STM32WBA64CIU6, STM32WBA64CIU7, STM32WBA65CGU6, STM32WBA65CGU7, STM32WBA65CIU6, STM32WBA65CIU7, STM32WBA65I-DK1, STM32WBA65MGF6, STM32WBA65MGF7, STM32WBA65MIF6, STM32WBA65MIF7, STM32WBA65PGI6, STM32WBA65PGI7, STM32WBA65PII6, STM32WBA65PII7, STM32WBA65RGV6, STM32WBA65RGV7, STM32WBA65RIV6, STM32WBA65RIV7, STM32WL30K8V6, STM32WL30KBV6, STM32WL31C8V6, STM32WL31CBV6, STM32WL31K8V6, STM32WL31KBV6, STM32WL33C8V6, STM32WL33C8V6TR, STM32WL33C8V7, STM32WL33C8V7TR, STM32WL33CBV6, STM32WL33CBV6TR, STM32WL33CBV7, STM32WL33CBV7TR, STM32WL33CCV6, STM32WL33CCV6TR, STM32WL33CCV7, STM32WL33CCV7A, STM32WL33CCV7ATR, STM32WL33CCV7TR, STM32WL33K8V6, STM32WL33K8V6TR, STM32WL33K8V7, STM32WL33K8V7TR, STM32WL33KBV6, STM32WL33KBV6TR, STM32WL33KBV7, STM32WL33KBV7TR, STM32WL33KCV6, STM32WL33KCV6TR, STM32WL33KCV7, STM32WL33KCV7TR, STM32WL5MOCH6, STM32WL5MOCH6TR]
2025-11-05 10:17:35,846 [INFO] DbMcus:218 - Found 4747 MCUs, 4747 are supported
2025-11-05 10:17:35,847 [INFO] ApiDb:423 - Load user favorites file C:\Users\user/.stm32cubeide/favorites.mcus.txt: 0 item(s)
2025-11-05 10:17:35,850 [INFO] ApiDb:427 - User favorites MCUs=[]
2025-11-05 10:17:35,850 [INFO] DbMcus:224 - Set 0 / 0 favorites MCUs
2025-11-05 10:17:39,147 [INFO] BoardInfo:889 - No configuration file found for board P-NUCLEO-WB55
2025-11-05 10:17:39,150 [INFO] DbBoards:161 - Kit is not supported: P-NUCLEO-WB55
2025-11-05 10:17:39,197 [INFO] BoardInfo:889 - No configuration file found for board STEVAL-BFA001V1B
2025-11-05 10:17:39,208 [INFO] DbBoards:161 - Kit is not supported: STEVAL-BFA001V1B
2025-11-05 10:17:39,212 [INFO] BoardInfo:889 - No configuration file found for board STEVAL-BFA001V2B
2025-11-05 10:17:39,214 [INFO] DbBoards:161 - Kit is not supported: STEVAL-BFA001V2B
2025-11-05 10:17:40,392 [INFO] DbBoards:168 - Found 211 boards, 208 are supported
2025-11-05 10:17:40,393 [INFO] DbBoards:169 - Found 211 boards, 43 of them is supported for  Bsp
2025-11-05 10:17:40,398 [INFO] ApiDb:423 - Load user favorites file C:\Users\user/.stm32cubeide/favorites.boards.txt: 0 item(s)
2025-11-05 10:17:40,398 [INFO] ApiDb:427 - User favorites Boards=[]
2025-11-05 10:17:40,399 [INFO] DbBoards:198 - Set 0 / 0 favorites Boards
2025-11-05 10:17:40,400 [INFO] McuFinderGlobals:76 - Set McuFinderConnectedMode to true
2025-11-05 10:17:40,423 [INFO] MultiScanPanel:200 - Auto-refresh data requested => check proxy status ongoing
2025-11-05 10:17:40,431 [INFO] FinderPluginLoader:95 - Searching for filters in installed packs
2025-11-05 10:17:45,756 [INFO] LoadUrlFilesThread:185 - End of LoadServerUrlFiles without Thread
2025-11-05 10:17:45,909 [INFO] DetailPanel:341 - Set advertising image to C:/Users/user/STM32Cube/Repository/\en.mcu-finder-stm32n6dk.jpg
2025-11-05 10:18:10,906 [INFO] MainUpdater:2872 - connection check result : 10
2025-11-05 10:18:10,906 [INFO] MainUpdater:2872 - connection check result : 10
2025-11-05 10:18:10,931 [INFO] MicroXplorer:468 - Change Database Path : 
2025-11-05 10:18:10,931 [INFO] MicroXplorer:498 - Change Database Version : DB.6.0.140
2025-11-05 10:18:10,948 [WARN] ThirdParty:871 - waiting for thirdparty lock release [close project]
2025-11-05 10:18:10,948 [INFO] ThirdParty:873 - entering critical section [close project]
2025-11-05 10:18:10,951 [INFO] ThirdParty:883 - exiting critical section [close project]
2025-11-05 10:18:10,959 [INFO] PinOutPanel:1589 - setPackage(No Configuration,No Configuration)
2025-11-05 10:18:10,965 [INFO] UtilMem:75 - Begin LoadConfig() Used Memory: 660078592 Bytes (1073741824)
2025-11-05 10:18:10,967 [INFO] MicroXplorer:468 - Change Database Path : 
2025-11-05 10:18:10,967 [INFO] MicroXplorer:498 - Change Database Version : DB.6.0.140
2025-11-05 10:18:10,968 [INFO] OpenFileManager:354 - Change cursor
2025-11-05 10:18:10,993 [WARN] IntegrityCheckThread:84 - waiting for thirdparty lock release [integrity check]
2025-11-05 10:18:10,993 [INFO] IntegrityCheckThread:86 - entering critical section [integrity check]
2025-11-05 10:18:11,643 [WARN] PackLoader:240 - Cannot read IP mode file for STMicroelectronics.FP-SNS-MOTENVWB1.1.4.0
2025-11-05 10:18:11,659 [WARN] PackLoader:240 - Cannot read IP mode file for STMicroelectronics.FP-ATR-ASTRA1.2.0.2
2025-11-05 10:18:11,684 [WARN] PackLoader:240 - Cannot read IP mode file for STMicroelectronics.X-CUBE-SMBUS.2.1.0
2025-11-05 10:18:11,697 [WARN] PackLoader:240 - Cannot read IP mode file for STMicroelectronics.X-CUBE-ST60.1.0.0
2025-11-05 10:18:11,781 [WARN] PackLoader:240 - Cannot read IP mode file for STMicroelectronics.X-CUBE-AZRTOS-F7.1.1.0
2025-11-05 10:18:11,802 [ERROR] Engine:466 - C:\Users\user\.stm32cubemx\thirdparties\pdsc\STMicroelectronics.FP-SNS-MOTENV1.5.1.0.pdsc: PDSC version is not supported
2025-11-05 10:18:11,849 [WARN] PackLoader:240 - Cannot read IP mode file for Infineon.AIROC-Wi-Fi-Bluetooth-STM32.1.7.1
2025-11-05 10:18:11,946 [WARN] PackLoader:240 - Cannot read IP mode file for STMicroelectronics.X-CUBE-AZRTOS-H7.3.4.0
2025-11-05 10:18:11,990 [WARN] PackLoader:240 - Cannot read IP mode file for STMicroelectronics.X-CUBE-DISPLAY.3.0.0
2025-11-05 10:18:12,015 [WARN] PackLoader:240 - Cannot read IP mode file for STMicroelectronics.X-CUBE-NFC10.1.0.0
2025-11-05 10:18:12,029 [WARN] PackLoader:240 - Cannot read IP mode file for STMicroelectronics.X-CUBE-ST60.1.1.0
2025-11-05 10:18:12,039 [WARN] PackLoader:240 - Cannot read IP mode file for emotas.I-CUBE-CANOPEN.1.3.0
2025-11-05 10:18:12,051 [WARN] PackLoader:240 - Cannot read IP mode file for STMicroelectronics.X-CUBE-GNSS1.7.1.0
2025-11-05 10:18:12,061 [ERROR] Engine:466 - C:\Users\user\.stm32cubemx\thirdparties\pdsc\STMicroelectronics.FP-SNS-STBOX1.2.1.0.pdsc: PDSC version is not supported
2025-11-05 10:18:12,067 [WARN] PackLoader:240 - Cannot read IP mode file for STMicroelectronics.FP-SNS-SMARTAG2.1.2.0
2025-11-05 10:18:12,077 [WARN] PackLoader:240 - Cannot read IP mode file for STMicroelectronics.FP-SNS-FLIGHT1.5.1.0
2025-11-05 10:18:12,095 [INFO] LogOutputStream:77 - [STDOUT_REDIRECT] 1 : Invalid condition id : UX_CORESTACK_Condition cause : null
2025-11-05 10:18:12,096 [INFO] LogOutputStream:77 - [STDOUT_REDIRECT] 1 : Invalid condition id : UX_CORESTACK_Condition cause : null
2025-11-05 10:18:12,099 [INFO] LogOutputStream:77 - [STDOUT_REDIRECT] 1 : Invalid condition id : UX_CORESTACK_Condition cause : null
2025-11-05 10:18:12,101 [INFO] LogOutputStream:77 - [STDOUT_REDIRECT] 1 : Invalid condition id : UX_CORESTACK_Condition cause : null
2025-11-05 10:18:12,102 [INFO] LogOutputStream:77 - [STDOUT_REDIRECT] 1 : Invalid condition id : UX_CORESTACK_Condition cause : null
2025-11-05 10:18:12,109 [WARN] PackLoader:240 - Cannot read IP mode file for STMicroelectronics.X-CUBE-AZRTOS-WL.2.0.0
2025-11-05 10:18:12,119 [WARN] PackLoader:240 - Cannot read IP mode file for STMicroelectronics.FP-SNS-MOTENV1.5.0.0
2025-11-05 10:18:12,133 [WARN] PackLoader:240 - Cannot read IP mode file for WES.I-CUBE-Cesium.1.3.0
2025-11-05 10:18:12,144 [WARN] PackLoader:240 - Cannot read IP mode file for STMicroelectronics.X-CUBE-BLE2.3.3.0
2025-11-05 10:18:12,154 [WARN] PackLoader:240 - Cannot read IP mode file for STMicroelectronics.X-CUBE-NFC9.1.0.0
2025-11-05 10:18:12,165 [WARN] PackLoader:240 - Cannot read IP mode file for wolfSSL.I-CUBE-wolfSSL.5.8.2
2025-11-05 10:18:12,177 [WARN] PackLoader:240 - Cannot read IP mode file for STMicroelectronics.X-CUBE-BLE1.7.1.0
2025-11-05 10:18:12,183 [WARN] PackLoader:240 - Cannot read IP mode file for wolfSSL.I-CUBE-wolfMQTT.1.19.2
2025-11-05 10:18:12,195 [WARN] PackLoader:240 - Cannot read IP mode file for STMicroelectronics.X-CUBE-EEPRMA1.5.2.0
2025-11-05 10:18:12,202 [ERROR] Engine:466 - C:\Users\user\.stm32cubemx\thirdparties\pdsc\STMicroelectronics.X-CUBE-ST67W61.1.1.0.pdsc: PDSC version is not supported
2025-11-05 10:18:12,210 [WARN] PackLoader:240 - Cannot read IP mode file for STMicroelectronics.X-CUBE-AI.10.1.0
2025-11-05 10:18:12,239 [WARN] PackLoader:240 - Cannot read IP mode file for STMicroelectronics.X-CUBE-AZRTOS-G0.1.1.0
2025-11-05 10:18:12,254 [WARN] PackLoader:240 - Cannot read IP mode file for STMicroelectronics.X-CUBE-SAFEA1.1.2.2
2025-11-05 10:18:12,262 [WARN] PackLoader:240 - Cannot read IP mode file for STMicroelectronics.X-CUBE-NFC4.3.0.0
2025-11-05 10:18:12,275 [WARN] PackLoader:240 - Cannot read IP mode file for EmbeddedOffice.I-CUBE-FS-RTOS.1.0.1
2025-11-05 10:18:12,283 [WARN] PackLoader:240 - Cannot read IP mode file for STMicroelectronics.X-CUBE-WB05N.2.0.0
2025-11-05 10:18:12,292 [WARN] PackLoader:240 - Cannot read IP mode file for wolfSSL.I-CUBE-wolfTPM.3.8.0
2025-11-05 10:18:12,301 [WARN] PackLoader:240 - Cannot read IP mode file for STMicroelectronics.X-CUBE-TCPP.4.2.0
2025-11-05 10:18:12,310 [WARN] PackLoader:240 - Cannot read IP mode file for RealThread.X-CUBE-RT-Thread_Nano.4.1.1
2025-11-05 10:18:12,316 [WARN] PackLoader:240 - Cannot read IP mode file for STMicroelectronics.FP-ATR-SIGFOX1.3.2.0
2025-11-05 10:18:12,323 [WARN] PackLoader:240 - Cannot read IP mode file for ITTIA_DB.I-CUBE-ITTIADB.8.9.0
2025-11-05 10:18:12,333 [WARN] PackLoader:240 - Cannot read IP mode file for STMicroelectronics.X-CUBE-ST67W61.1.0.0
2025-11-05 10:18:12,338 [WARN] PackLoader:240 - Cannot read IP mode file for STMicroelectronics.X-CUBE-AI.10.2.0
2025-11-05 10:18:12,383 [WARN] PackLoader:240 - Cannot read IP mode file for SEGGER.I-CUBE-embOS.1.3.1
2025-11-05 10:18:12,810 [WARN] PackLoader:240 - Cannot read IP mode file for STMicroelectronics.X-CUBE-ALGOBUILD.1.4.0
2025-11-05 10:18:12,933 [WARN] PackLoader:240 - Cannot read IP mode file for STMicroelectronics.X-CUBE-MEMS1.11.3.0
2025-11-05 10:18:13,477 [WARN] PackLoader:240 - Cannot read IP mode file for STMicroelectronics.X-CUBE-PM33A1.1.0.0
2025-11-05 10:18:13,496 [WARN] PackLoader:240 - Cannot read IP mode file for STMicroelectronics.X-CUBE-AZRTOS-F4.1.1.0
2025-11-05 10:18:13,504 [WARN] PackLoader:240 - Cannot read IP mode file for STMicroelectronics.X-CUBE-ISPU.2.1.0
2025-11-05 10:18:13,513 [ERROR] Engine:466 - C:\Users\user\.stm32cubemx\thirdparties\pdsc\STMicroelectronics.X-CUBE-IPS.3.2.0.pdsc: PDSC version is not supported
2025-11-05 10:18:13,522 [WARN] PackLoader:240 - Cannot read IP mode file for STMicroelectronics.X-CUBE-NFC12.1.0.0
2025-11-05 10:18:13,552 [WARN] PackLoader:240 - Cannot read IP mode file for STMicroelectronics.X-CUBE-AZRTOS-L5.2.0.0
2025-11-05 10:18:13,568 [WARN] PackLoader:240 - Cannot read IP mode file for STMicroelectronics.X-CUBE-NFC6.3.1.0
2025-11-05 10:18:13,578 [WARN] PackLoader:240 - Cannot read IP mode file for STMicroelectronics.X-CUBE-FREERTOS.1.3.1
2025-11-05 10:18:13,584 [WARN] PackLoader:240 - Cannot read IP mode file for STMicroelectronics.X-CUBE-TOUCHGFX.4.26.0
2025-11-05 10:18:13,589 [WARN] PackLoader:240 - Cannot read IP mode file for STMicroelectronics.FP-SNS-STAIOTCFT.1.0.0
2025-11-05 10:18:13,598 [WARN] PackLoader:240 - Cannot read IP mode file for STMicroelectronics.X-CUBE-DPower.1.3.0
2025-11-05 10:18:13,622 [WARN] ConditionMgr:438 - getConditionDescription Invalid condition id : LAN8742 Phy interface Condition cause : null
2025-11-05 10:18:13,625 [WARN] PackLoader:240 - Cannot read IP mode file for STMicroelectronics.X-CUBE-AZRTOS-L4.2.0.0
2025-11-05 10:18:13,626 [WARN] ConditionMgr:1044 - genDependencies : Invalid condition id : LAN8742 Phy interface Condition cause : null
2025-11-05 10:18:13,627 [WARN] ConditionMgr:1044 - genDependencies : Invalid condition id : LAN8742 Phy interface Condition cause : null
2025-11-05 10:18:13,627 [WARN] ConditionMgr:1044 - genDependencies : Invalid condition id : LAN8742 Phy interface Condition cause : null
2025-11-05 10:18:13,634 [WARN] PackLoader:240 - Cannot read IP mode file for STMicroelectronics.X-CUBE-SFXS2LP1.4.0.0
2025-11-05 10:18:13,650 [WARN] PackLoader:240 - Cannot read IP mode file for STMicroelectronics.X-CUBE-BLEMGR.4.1.0
2025-11-05 10:18:13,667 [WARN] ConditionMgr:438 - getConditionDescription Invalid condition id : UX DEVICE CLASS RTOS Condition cause : null
2025-11-05 10:18:13,668 [WARN] ConditionMgr:438 - getConditionDescription Invalid condition id : UX DEVICE CLASS RTOS Condition cause : null
2025-11-05 10:18:13,670 [WARN] PackLoader:240 - Cannot read IP mode file for STMicroelectronics.X-CUBE-AZRTOS-WB.2.0.0
2025-11-05 10:18:13,670 [WARN] ConditionMgr:1044 - genDependencies : Invalid condition id : UX DEVICE CLASS RTOS Condition cause : null
2025-11-05 10:18:13,670 [WARN] ConditionMgr:1044 - genDependencies : Invalid condition id : UX DEVICE CLASS RTOS Condition cause : null
2025-11-05 10:18:13,671 [WARN] ConditionMgr:1044 - genDependencies : Invalid condition id : UX DEVICE CLASS RTOS Condition cause : null
2025-11-05 10:18:13,671 [WARN] ConditionMgr:1044 - genDependencies : Invalid condition id : UX DEVICE CLASS RTOS Condition cause : null
2025-11-05 10:18:13,671 [WARN] ConditionMgr:1044 - genDependencies : Invalid condition id : UX DEVICE CLASS RTOS Condition cause : null
2025-11-05 10:18:13,679 [WARN] PackLoader:240 - Cannot read IP mode file for STMicroelectronics.X-CUBE-GNSS1.7.0.1
2025-11-05 10:18:13,684 [WARN] PackLoader:240 - Cannot read IP mode file for STMicroelectronics.X-CUBE-TOUCHGFX.4.25.0
2025-11-05 10:18:13,694 [WARN] PackLoader:240 - Cannot read IP mode file for STMicroelectronics.FP-SNS-STBOX1.2.0.0
2025-11-05 10:18:13,700 [WARN] ConditionMgr:438 - getConditionDescription Invalid condition id : Cortex-A Device cause : null
2025-11-05 10:18:13,719 [WARN] ConditionMgr:1044 - genDependencies : Invalid condition id : Cortex-A Device cause : null
2025-11-05 10:18:13,719 [WARN] ConditionMgr:1044 - genDependencies : Invalid condition id : Cortex-A Device cause : null
2025-11-05 10:18:13,719 [WARN] ConditionMgr:1044 - genDependencies : Invalid condition id : Cortex-A Device cause : null
2025-11-05 10:18:13,734 [WARN] PackLoader:240 - Cannot read IP mode file for STMicroelectronics.X-CUBE-SUBG2.5.0.0
2025-11-05 10:18:13,766 [WARN] PackLoader:240 - Cannot read IP mode file for STMicroelectronics.X-CUBE-AZRTOS-H7RS.1.1.0
2025-11-05 10:18:13,773 [WARN] PackLoader:240 - Cannot read IP mode file for Cesanta.I-CUBE-Mongoose.7.13.0
2025-11-05 10:18:13,819 [WARN] PackLoader:240 - Cannot read IP mode file for STMicroelectronics.X-CUBE-AZRTOS-G4.2.0.0
2025-11-05 10:18:13,878 [WARN] PackLoader:240 - Cannot read IP mode file for wolfSSL.I-CUBE-wolfSSH.1.4.20
2025-11-05 10:18:13,885 [WARN] PackLoader:240 - Cannot read IP mode file for STMicroelectronics.X-CUBE-NFC7.2.0.0
2025-11-05 10:18:13,900 [WARN] PackLoader:240 - Cannot read IP mode file for STMicroelectronics.X-CUBE-IPS.3.1.0
2025-11-05 10:18:13,912 [WARN] PackLoader:240 - Cannot read IP mode file for STMicroelectronics.X-CUBE-ALS.1.0.2
2025-11-05 10:18:13,920 [WARN] PackLoader:240 - Cannot read IP mode file for STMicroelectronics.X-CUBE-STSE01.1.0.0
2025-11-05 10:18:13,930 [WARN] PackLoader:240 - Cannot read IP mode file for portGmbH.I-Cube-SoM-uGOAL.1.1.0
2025-11-05 10:18:13,945 [WARN] PackLoader:240 - Cannot read IP mode file for STMicroelectronics.X-CUBE-TOF1.3.4.3
2025-11-05 10:18:13,962 [INFO] ThirdParty:978 - Integrity check success = true
2025-11-05 10:18:13,962 [INFO] IntegrityCheckThread:100 - exiting critical section [integrity check]
2025-11-05 10:18:13,962 [INFO] IntegrityCheckThread:103 - End integrity checks thread
2025-11-05 10:18:14,258 [INFO] Mcu:2011 - Initializing MCU STM32F411CEUx STM32F411CEUx STM32F411CEU6
2025-11-05 10:18:19,165 [INFO] Context:756 - Trying to add GPIOservice into a context  which must be forbidden
2025-11-05 10:18:21,551 [INFO] ImportTextPane:218 - (OptionalMessage_ERROR) Unable to find key (Mcu.ThirdPartyNb) in loaded IOC file
2025-11-05 10:18:21,552 [INFO] ImportTextPane:218 - (OptionalMessage_ERROR) Unable to find key (Mcu.PinsNb) in loaded IOC file
2025-11-05 10:18:21,552 [INFO] ImportTextPane:218 - (OptionalMessage_ERROR) Pin0 (VP_RIF_VS_RIF1) cannot be retrieved for this MCU
2025-11-05 10:18:21,553 [INFO] ImportTextPane:218 - (OptionalMessage_ERROR) Unable to find key (Mcu.IPNb) in loaded IOC file
2025-11-05 10:18:21,714 [INFO] RtosManager:558 - Registered RTOS mode: class=CMSIS, group=RTOS, mode=CMSIS_V1, owner=FREERTOS
2025-11-05 10:18:21,714 [INFO] RtosManager:558 - Registered RTOS mode: class=CMSIS, group=RTOS2, mode=CMSIS_V2, owner=FREERTOS
2025-11-05 10:18:21,714 [INFO] RtosManager:558 - Registered RTOS mode: class=RTOS, group=Core, mode=CMSIS_V1, owner=FREERTOS
2025-11-05 10:18:21,715 [INFO] RtosManager:558 - Registered RTOS mode: class=RTOS, group=Core, mode=CMSIS_V2, owner=FREERTOS
2025-11-05 10:18:21,715 [WARN] ModelIntegratedComponent:184 - Missing modes for component STMicroelectronics:FreeRTOS:0.0.1:STMicroelectronics:RTOS:FreeRTOS:Core:::10.2.0:
2025-11-05 10:18:21,736 [WARN] ModelIntegratedComponent:182 - Modes not found for component STMicroelectronics:USB_HOST:1.0.0:STMicroelectronics:USB::USB Host:Audio HS::1.0:USB_HOST_1_0_RESTRICTED_HS
2025-11-05 10:18:21,736 [WARN] ModelIntegratedComponent:188 - Modes not found for component STMicroelectronics:USB_HOST:1.0.0:STMicroelectronics:USB::USB Host:Audio HS::1.0:USB_HOST_1_0_RESTRICTED_HS
2025-11-05 10:18:21,736 [WARN] ModelIntegratedComponent:182 - Modes not found for component STMicroelectronics:USB_HOST:1.0.0:STMicroelectronics:USB::USB Host:CDC HS::1.0:USB_HOST_1_0_RESTRICTED_HS
2025-11-05 10:18:21,736 [WARN] ModelIntegratedComponent:188 - Modes not found for component STMicroelectronics:USB_HOST:1.0.0:STMicroelectronics:USB::USB Host:CDC HS::1.0:USB_HOST_1_0_RESTRICTED_HS
2025-11-05 10:18:21,736 [WARN] ModelIntegratedComponent:182 - Modes not found for component STMicroelectronics:USB_HOST:1.0.0:STMicroelectronics:USB::USB Host:MSC HS::1.0:USB_HOST_1_0_RESTRICTED_HS
2025-11-05 10:18:21,737 [WARN] ModelIntegratedComponent:188 - Modes not found for component STMicroelectronics:USB_HOST:1.0.0:STMicroelectronics:USB::USB Host:MSC HS::1.0:USB_HOST_1_0_RESTRICTED_HS
2025-11-05 10:18:21,738 [WARN] ModelIntegratedComponent:182 - Modes not found for component STMicroelectronics:USB_HOST:1.0.0:STMicroelectronics:USB::USB Host:HID HS::1.0:USB_HOST_1_0_RESTRICTED_HS
2025-11-05 10:18:21,738 [WARN] ModelIntegratedComponent:188 - Modes not found for component STMicroelectronics:USB_HOST:1.0.0:STMicroelectronics:USB::USB Host:HID HS::1.0:USB_HOST_1_0_RESTRICTED_HS
2025-11-05 10:18:21,738 [WARN] ModelIntegratedComponent:182 - Modes not found for component STMicroelectronics:USB_HOST:1.0.0:STMicroelectronics:USB::USB Host:MTP HS::1.0:USB_HOST_1_0_RESTRICTED_HS
2025-11-05 10:18:21,738 [WARN] ModelIntegratedComponent:188 - Modes not found for component STMicroelectronics:USB_HOST:1.0.0:STMicroelectronics:USB::USB Host:MTP HS::1.0:USB_HOST_1_0_RESTRICTED_HS
2025-11-05 10:18:21,787 [WARN] ModelIntegratedComponent:63 - No mode defined for component null
2025-11-05 10:18:21,788 [WARN] ModelIntegratedComponent:63 - No mode defined for component null
2025-11-05 10:18:21,788 [WARN] ModelIntegratedComponent:63 - No mode defined for component null
2025-11-05 10:18:21,788 [WARN] ModelIntegratedComponent:63 - No mode defined for component null
2025-11-05 10:18:21,788 [WARN] ModelIntegratedComponent:63 - No mode defined for component null
2025-11-05 10:18:21,789 [WARN] ModelIntegratedComponent:63 - No mode defined for component null
2025-11-05 10:18:21,789 [WARN] ModelIntegratedComponent:63 - No mode defined for component null
2025-11-05 10:18:21,789 [WARN] ModelIntegratedComponent:63 - No mode defined for component null
2025-11-05 10:18:21,789 [WARN] ModelIntegratedComponent:63 - No mode defined for component null
2025-11-05 10:18:21,789 [WARN] ModelIntegratedComponent:63 - No mode defined for component null
2025-11-05 10:18:21,789 [WARN] ModelIntegratedComponent:63 - No mode defined for component null
2025-11-05 10:18:21,789 [WARN] ModelIntegratedComponent:63 - No mode defined for component null
2025-11-05 10:18:21,789 [WARN] ModelIntegratedComponent:63 - No mode defined for component null
2025-11-05 10:18:21,789 [WARN] ModelIntegratedComponent:63 - No mode defined for component null
2025-11-05 10:18:21,790 [WARN] ModelIntegratedComponent:63 - No mode defined for component null
2025-11-05 10:18:21,790 [WARN] ModelIntegratedComponent:63 - No mode defined for component null
2025-11-05 10:18:21,790 [WARN] ModelIntegratedComponent:63 - No mode defined for component null
2025-11-05 10:18:21,790 [WARN] ModelIntegratedComponent:63 - No mode defined for component null
2025-11-05 10:18:21,790 [WARN] ModelIntegratedComponent:63 - No mode defined for component null
2025-11-05 10:18:21,790 [WARN] ModelIntegratedComponent:63 - No mode defined for component null
2025-11-05 10:18:21,790 [WARN] ModelIntegratedComponent:63 - No mode defined for component null
2025-11-05 10:18:21,790 [WARN] ModelIntegratedComponent:63 - No mode defined for component null
2025-11-05 10:18:21,790 [WARN] ModelIntegratedComponent:63 - No mode defined for component null
2025-11-05 10:18:21,791 [WARN] ModelIntegratedComponent:63 - No mode defined for component null
2025-11-05 10:18:21,792 [WARN] ModelIntegratedComponent:63 - No mode defined for component null
2025-11-05 10:18:21,792 [WARN] ModelIntegratedComponent:63 - No mode defined for component null
2025-11-05 10:18:21,792 [WARN] ModelIntegratedComponent:63 - No mode defined for component null
2025-11-05 10:18:21,792 [WARN] ModelIntegratedComponent:63 - No mode defined for component null
2025-11-05 10:18:21,792 [WARN] ModelIntegratedComponent:63 - No mode defined for component null
2025-11-05 10:18:21,792 [WARN] ModelIntegratedComponent:63 - No mode defined for component null
2025-11-05 10:18:21,792 [WARN] ModelIntegratedComponent:63 - No mode defined for component null
2025-11-05 10:18:21,792 [WARN] ModelIntegratedComponent:63 - No mode defined for component null
2025-11-05 10:18:21,792 [WARN] ModelIntegratedComponent:63 - No mode defined for component null
2025-11-05 10:18:21,792 [WARN] ModelIntegratedComponent:63 - No mode defined for component null
2025-11-05 10:18:21,793 [WARN] ModelIntegratedComponent:63 - No mode defined for component null
2025-11-05 10:18:21,793 [WARN] ModelPack:524 - Component already loaded: STMicroelectronics:HAL Drivers:0.0.0:STMicroelectronics:Device:STMicro_Driver:XSPI:HAL::0.0.1:HAL_XSPI
2025-11-05 10:18:22,081 [WARN] ModelIntegratedComponent:182 - Modes not found for component STMicroelectronics:USB_DEVICE:1.0.0:STMicroelectronics:USB::USB Device:Audio HS::1.0:USB_DEVICE_1_0_RESTRICTED_HS
2025-11-05 10:18:22,081 [WARN] ModelIntegratedComponent:188 - Modes not found for component STMicroelectronics:USB_DEVICE:1.0.0:STMicroelectronics:USB::USB Device:Audio HS::1.0:USB_DEVICE_1_0_RESTRICTED_HS
2025-11-05 10:18:22,081 [WARN] ModelIntegratedComponent:182 - Modes not found for component STMicroelectronics:USB_DEVICE:1.0.0:STMicroelectronics:USB::USB Device:CDC HS::1.0:USB_DEVICE_1_0_RESTRICTED_HS
2025-11-05 10:18:22,081 [WARN] ModelIntegratedComponent:188 - Modes not found for component STMicroelectronics:USB_DEVICE:1.0.0:STMicroelectronics:USB::USB Device:CDC HS::1.0:USB_DEVICE_1_0_RESTRICTED_HS
2025-11-05 10:18:22,082 [WARN] ModelIntegratedComponent:182 - Modes not found for component STMicroelectronics:USB_DEVICE:1.0.0:STMicroelectronics:USB::USB Device:DFU HS::1.0:USB_DEVICE_1_0_RESTRICTED_HS
2025-11-05 10:18:22,082 [WARN] ModelIntegratedComponent:188 - Modes not found for component STMicroelectronics:USB_DEVICE:1.0.0:STMicroelectronics:USB::USB Device:DFU HS::1.0:USB_DEVICE_1_0_RESTRICTED_HS
2025-11-05 10:18:22,082 [WARN] ModelIntegratedComponent:182 - Modes not found for component STMicroelectronics:USB_DEVICE:1.0.0:STMicroelectronics:USB::USB Device:HID HS::1.0:USB_DEVICE_1_0_RESTRICTED_HS
2025-11-05 10:18:22,082 [WARN] ModelIntegratedComponent:188 - Modes not found for component STMicroelectronics:USB_DEVICE:1.0.0:STMicroelectronics:USB::USB Device:HID HS::1.0:USB_DEVICE_1_0_RESTRICTED_HS
2025-11-05 10:18:22,082 [WARN] ModelIntegratedComponent:182 - Modes not found for component STMicroelectronics:USB_DEVICE:1.0.0:STMicroelectronics:USB::USB Device:Custom HID HS::1.0:USB_DEVICE_1_0_RESTRICTED_HS
2025-11-05 10:18:22,082 [WARN] ModelIntegratedComponent:188 - Modes not found for component STMicroelectronics:USB_DEVICE:1.0.0:STMicroelectronics:USB::USB Device:Custom HID HS::1.0:USB_DEVICE_1_0_RESTRICTED_HS
2025-11-05 10:18:22,082 [WARN] ModelIntegratedComponent:182 - Modes not found for component STMicroelectronics:USB_DEVICE:1.0.0:STMicroelectronics:USB::USB Device:MSC HS::1.0:USB_DEVICE_1_0_RESTRICTED_HS
2025-11-05 10:18:22,082 [WARN] ModelIntegratedComponent:188 - Modes not found for component STMicroelectronics:USB_DEVICE:1.0.0:STMicroelectronics:USB::USB Device:MSC HS::1.0:USB_DEVICE_1_0_RESTRICTED_HS
2025-11-05 10:18:22,109 [INFO] ThirdPartyModel:298 - Start build external matchings
2025-11-05 10:18:24,147 [INFO] ThirdPartyModel:316 - End build external matchings
2025-11-05 10:18:24,718 [INFO] UtilMem:75 - End LoadConfig() Used Memory: 881542688 Bytes (1073741824)
2025-11-05 10:18:24,762 [WARN] ThirdParty:833 - waiting for thirdparty lock release [change project]
2025-11-05 10:18:24,763 [INFO] ThirdParty:835 - entering critical section [change project]
2025-11-05 10:18:24,763 [INFO] ThirdParty:1030 - CMSIS Pack Vendor :STMicroelectronics X-CUBE-PM33A1 1.0.0
2025-11-05 10:18:24,763 [INFO] ThirdParty:1030 - CMSIS Pack Vendor :STMicroelectronics USBPD 4.1
2025-11-05 10:18:24,763 [INFO] ThirdParty:1030 - CMSIS Pack Vendor :STMicroelectronics X-CUBE-NFC9 1.0.0
2025-11-05 10:18:24,763 [INFO] ThirdParty:1030 - CMSIS Pack Vendor :STMicroelectronics USB_HOST 2.0.0
2025-11-05 10:18:24,763 [INFO] ThirdParty:1030 - CMSIS Pack Vendor :STMicroelectronics FP-SNS-MOTENVWB1 1.4.0
2025-11-05 10:18:24,763 [INFO] ThirdParty:1030 - CMSIS Pack Vendor :STMicroelectronics X-CUBE-AZRTOS-F4 1.1.0
2025-11-05 10:18:24,763 [INFO] ThirdParty:1030 - CMSIS Pack Vendor :STMicroelectronics LIBJPEG 8.0.0
2025-11-05 10:18:24,763 [INFO] ThirdParty:1030 - CMSIS Pack Vendor :STMicroelectronics FP-ATR-ASTRA1 2.0.2
2025-11-05 10:18:24,764 [INFO] ThirdParty:1030 - CMSIS Pack Vendor :wolfSSL I-CUBE-wolfSSL 5.8.2
2025-11-05 10:18:24,764 [INFO] ThirdParty:1030 - CMSIS Pack Vendor :STMicroelectronics X-CUBE-BLE1 7.1.0
2025-11-05 10:18:24,764 [INFO] ThirdParty:1030 - CMSIS Pack Vendor :STMicroelectronics X-CUBE-SMBUS 2.1.0
2025-11-05 10:18:24,764 [INFO] ThirdParty:1030 - CMSIS Pack Vendor :wolfSSL I-CUBE-wolfMQTT 1.19.2
2025-11-05 10:18:24,764 [INFO] ThirdParty:1030 - CMSIS Pack Vendor :STMicroelectronics USB_DEVICE 3.0.0
2025-11-05 10:18:24,764 [INFO] ThirdParty:1030 - CMSIS Pack Vendor :STMicroelectronics X-CUBE-ISPU 2.1.0
2025-11-05 10:18:24,764 [INFO] ThirdParty:1030 - CMSIS Pack Vendor :STMicroelectronics X-CUBE-EEPRMA1 5.2.0
2025-11-05 10:18:24,764 [INFO] ThirdParty:1030 - CMSIS Pack Vendor :STMicroelectronics X-CUBE-BLEMGR 4.1.0
2025-11-05 10:18:24,764 [INFO] ThirdParty:1030 - CMSIS Pack Vendor :STMicroelectronics X-CUBE-AZRTOS-WB 2.0.0
2025-11-05 10:18:24,764 [INFO] ThirdParty:1030 - CMSIS Pack Vendor :STMicroelectronics X-CUBE-ST60 1.0.0
2025-11-05 10:18:24,764 [INFO] ThirdParty:1030 - CMSIS Pack Vendor :STMicroelectronics X-CUBE-GNSS1 7.0.1
2025-11-05 10:18:24,764 [INFO] ThirdParty:1030 - CMSIS Pack Vendor :STMicroelectronics X-CUBE-NFC12 1.0.0
2025-11-05 10:18:24,764 [INFO] ThirdParty:1030 - CMSIS Pack Vendor :STMicroelectronics X-CUBE-AZRTOS-F7 1.1.0
2025-11-05 10:18:24,764 [INFO] ThirdParty:1030 - CMSIS Pack Vendor :STMicroelectronics X-CUBE-AZRTOS-L5 2.0.0
2025-11-05 10:18:24,764 [INFO] ThirdParty:1030 - CMSIS Pack Vendor :STMicroelectronics X-CUBE-TOUCHGFX 4.25.0
2025-11-05 10:18:24,765 [INFO] ThirdParty:1030 - CMSIS Pack Vendor :STMicroelectronics USB_DEVICE 2.0.0
2025-11-05 10:18:24,765 [INFO] ThirdParty:1030 - CMSIS Pack Vendor :STMicroelectronics X-CUBE-NFC6 3.1.0
2025-11-05 10:18:24,765 [INFO] ThirdParty:1030 - CMSIS Pack Vendor :STMicroelectronics X-CUBE-AI 10.1.0
2025-11-05 10:18:24,765 [INFO] ThirdParty:1030 - CMSIS Pack Vendor :STMicroelectronics FP-SNS-STBOX1 2.0.0
2025-11-05 10:18:24,765 [INFO] ThirdParty:1030 - CMSIS Pack Vendor :quantropi X-CUBE-qispace-sdk-base 2.1.0
2025-11-05 10:18:24,765 [INFO] ThirdParty:1030 - CMSIS Pack Vendor :STMicroelectronics FreeRTOS 0.0.1
2025-11-05 10:18:24,765 [INFO] ThirdParty:1030 - CMSIS Pack Vendor :STMicroelectronics X-CUBE-AZRTOS-G0 1.1.0
2025-11-05 10:18:24,765 [INFO] ThirdParty:1030 - CMSIS Pack Vendor :STMicroelectronics X-CUBE-SAFEA1 1.2.2
2025-11-05 10:18:24,765 [INFO] ThirdParty:1030 - CMSIS Pack Vendor :STMicroelectronics X-CUBE-NFC4 3.0.0
2025-11-05 10:18:24,765 [INFO] ThirdParty:1030 - CMSIS Pack Vendor :STMicroelectronics X-CUBE-SUBG2 5.0.0
2025-11-05 10:18:24,765 [INFO] ThirdParty:1030 - CMSIS Pack Vendor :STMicroelectronics X-CUBE-AZRTOS-H7RS 1.1.0
2025-11-05 10:18:24,765 [INFO] ThirdParty:1030 - CMSIS Pack Vendor :STMicroelectronics STM32_WPAN 1.0.0
2025-11-05 10:18:24,765 [INFO] ThirdParty:1030 - CMSIS Pack Vendor :EmbeddedOffice I-CUBE-FS-RTOS 1.0.1
2025-11-05 10:18:24,765 [INFO] ThirdParty:1030 - CMSIS Pack Vendor :STMicroelectronics lwIP 2.0.3
2025-11-05 10:18:24,765 [INFO] ThirdParty:1030 - CMSIS Pack Vendor :Cesanta I-CUBE-Mongoose 7.13.0
2025-11-05 10:18:24,765 [INFO] ThirdParty:1030 - CMSIS Pack Vendor :STMicroelectronics USB_HOST 1.0.0
2025-11-05 10:18:24,766 [INFO] ThirdParty:1030 - CMSIS Pack Vendor :Infineon AIROC-Wi-Fi-Bluetooth-STM32 1.7.1
2025-11-05 10:18:24,766 [INFO] ThirdParty:1030 - CMSIS Pack Vendor :STMicroelectronics X-CUBE-AZRTOS-G4 2.0.0
2025-11-05 10:18:24,766 [INFO] ThirdParty:1030 - CMSIS Pack Vendor :STMicroelectronics X-CUBE-WB05N 2.0.0
2025-11-05 10:18:24,766 [INFO] ThirdParty:1030 - CMSIS Pack Vendor :STMicroelectronics PDM2PCM 3.1.0
2025-11-05 10:18:24,766 [INFO] ThirdParty:1030 - CMSIS Pack Vendor :STMicroelectronics PDM2PCM 3.3.0
2025-11-05 10:18:24,766 [INFO] ThirdParty:1030 - CMSIS Pack Vendor :wolfSSL I-CUBE-wolfTPM 3.8.0
2025-11-05 10:18:24,766 [INFO] ThirdParty:1030 - CMSIS Pack Vendor :STMicroelectronics X-CUBE-AZRTOS-H7 3.4.0
2025-11-05 10:18:24,766 [INFO] ThirdParty:1030 - CMSIS Pack Vendor :STMicroelectronics X-CUBE-DISPLAY 3.0.0
2025-11-05 10:18:24,766 [INFO] ThirdParty:1030 - CMSIS Pack Vendor :wolfSSL I-CUBE-wolfSSH 1.4.20
2025-11-05 10:18:24,766 [INFO] ThirdParty:1030 - CMSIS Pack Vendor :STMicroelectronics X-CUBE-NFC7 2.0.0
2025-11-05 10:18:24,766 [INFO] ThirdParty:1030 - CMSIS Pack Vendor :STMicroelectronics X-CUBE-TCPP 4.2.0
2025-11-05 10:18:24,767 [INFO] ThirdParty:1030 - CMSIS Pack Vendor :RealThread X-CUBE-RT-Thread_Nano 4.1.1
2025-11-05 10:18:24,767 [INFO] ThirdParty:1030 - CMSIS Pack Vendor :STMicroelectronics FP-ATR-SIGFOX1 3.2.0
2025-11-05 10:18:24,767 [INFO] ThirdParty:1030 - CMSIS Pack Vendor :STMicroelectronics X-CUBE-NFC10 1.0.0
2025-11-05 10:18:24,767 [INFO] ThirdParty:1030 - CMSIS Pack Vendor :STMicroelectronics X-CUBE-FREERTOS 1.3.1
2025-11-05 10:18:24,767 [INFO] ThirdParty:1030 - CMSIS Pack Vendor :STMicroelectronics HAL Drivers 0.0.0
2025-11-05 10:18:24,767 [INFO] ThirdParty:1030 - CMSIS Pack Vendor :STMicroelectronics MBEDTLS 2.16.2
2025-11-05 10:18:24,767 [INFO] ThirdParty:1030 - CMSIS Pack Vendor :STMicroelectronics X-CUBE-ST60 1.1.0
2025-11-05 10:18:24,767 [INFO] ThirdParty:1030 - CMSIS Pack Vendor :STMicroelectronics X-CUBE-IPS 3.1.0
2025-11-05 10:18:24,767 [INFO] ThirdParty:1030 - CMSIS Pack Vendor :STMicroelectronics X-CUBE-ALS 1.0.2
2025-11-05 10:18:24,767 [INFO] ThirdParty:1030 - CMSIS Pack Vendor :emotas I-CUBE-CANOPEN 1.3.0
2025-11-05 10:18:24,767 [INFO] ThirdParty:1030 - CMSIS Pack Vendor :STMicroelectronics MBEDTLS 2.14.1
2025-11-05 10:18:24,767 [INFO] ThirdParty:1030 - CMSIS Pack Vendor :STMicroelectronics X-CUBE-GNSS1 7.1.0
2025-11-05 10:18:24,767 [INFO] ThirdParty:1030 - CMSIS Pack Vendor :ITTIA_DB I-CUBE-ITTIADB 8.9.0
2025-11-05 10:18:24,767 [INFO] ThirdParty:1030 - CMSIS Pack Vendor :STMicroelectronics X-CUBE-TOUCHGFX 4.26.0
2025-11-05 10:18:24,767 [INFO] ThirdParty:1030 - CMSIS Pack Vendor :STMicroelectronics X-CUBE-STSE01 1.0.0
2025-11-05 10:18:24,768 [INFO] ThirdParty:1030 - CMSIS Pack Vendor :portGmbH I-Cube-SoM-uGOAL 1.1.0
2025-11-05 10:18:24,768 [INFO] ThirdParty:1030 - CMSIS Pack Vendor :STMicroelectronics X-CUBE-ST67W61 1.0.0
2025-11-05 10:18:24,768 [INFO] ThirdParty:1030 - CMSIS Pack Vendor :STMicroelectronics X-CUBE-AI 10.2.0
2025-11-05 10:18:24,768 [INFO] ThirdParty:1030 - CMSIS Pack Vendor :STMicroelectronics FP-SNS-STAIOTCFT 1.0.0
2025-11-05 10:18:24,768 [INFO] ThirdParty:1030 - CMSIS Pack Vendor :STMicroelectronics ThreadX 1.0.0
2025-11-05 10:18:24,768 [INFO] ThirdParty:1030 - CMSIS Pack Vendor :STMicroelectronics FP-SNS-SMARTAG2 1.2.0
2025-11-05 10:18:24,768 [INFO] ThirdParty:1030 - CMSIS Pack Vendor :STMicroelectronics FP-SNS-FLIGHT1 5.1.0
2025-11-05 10:18:24,768 [INFO] ThirdParty:1030 - CMSIS Pack Vendor :STMicroelectronics X-CUBE-AZRTOS-WL 2.0.0
2025-11-05 10:18:24,768 [INFO] ThirdParty:1030 - CMSIS Pack Vendor :SEGGER I-CUBE-embOS 1.3.1
2025-11-05 10:18:24,768 [INFO] ThirdParty:1030 - CMSIS Pack Vendor :STMicroelectronics X-CUBE-ALGOBUILD 1.4.0
2025-11-05 10:18:24,774 [INFO] ThirdParty:1030 - CMSIS Pack Vendor :STMicroelectronics X-CUBE-DPower 1.3.0
2025-11-05 10:18:24,800 [INFO] ThirdParty:1030 - CMSIS Pack Vendor :STMicroelectronics X-CUBE-MEMS1 11.3.0
2025-11-05 10:18:24,801 [INFO] ThirdParty:1030 - CMSIS Pack Vendor :STMicroelectronics FP-SNS-MOTENV1 5.0.0
2025-11-05 10:18:24,805 [INFO] ThirdParty:1030 - CMSIS Pack Vendor :STMicroelectronics USB_DEVICE 1.0.0
2025-11-05 10:18:24,806 [INFO] ThirdParty:1030 - CMSIS Pack Vendor :STMicroelectronics X-CUBE-AZRTOS-L4 2.0.0
2025-11-05 10:18:24,806 [INFO] ThirdParty:1030 - CMSIS Pack Vendor :STMicroelectronics ThreadX 0.0.2
2025-11-05 10:18:24,806 [INFO] ThirdParty:1030 - CMSIS Pack Vendor :WES I-CUBE-Cesium 1.3.0
2025-11-05 10:18:24,806 [INFO] ThirdParty:1030 - CMSIS Pack Vendor :STMicroelectronics lwIP 2.1.2
2025-11-05 10:18:24,806 [INFO] ThirdParty:1030 - CMSIS Pack Vendor :STMicroelectronics X-CUBE-SFXS2LP1 4.0.0
2025-11-05 10:18:24,806 [INFO] ThirdParty:1030 - CMSIS Pack Vendor :STMicroelectronics X-CUBE-BLE2 3.3.0
2025-11-05 10:18:24,806 [INFO] ThirdParty:1030 - CMSIS Pack Vendor :STMicroelectronics X-CUBE-TOF1 3.4.3
2025-11-05 10:18:24,806 [INFO] ThirdParty:1030 - CMSIS Pack Vendor :STMicroelectronics PDM2PCM 3.2.0
2025-11-05 10:18:24,807 [INFO] ThirdParty:841 - exiting critical section [change project]
2025-11-05 10:18:26,402 [INFO] PinOutPanel:1589 - setPackage(No Configuration,No Configuration)
2025-11-05 10:18:26,426 [INFO] PinOutPanel:1589 - setPackage(STM32F411CEUx,UFQFPN48)
2025-11-05 10:18:31,311 [INFO] UtilMem:75 - Before build in PCC Used Memory: 663928552 Bytes (1073741824)
2025-11-05 10:18:36,678 [INFO] UtilMem:75 - After build in PCC Used Memory: 750434024 Bytes (1073741824)
2025-11-05 10:18:36,810 [INFO] IPUIPlugin:80 - create IPUIPlugin
2025-11-05 10:18:36,811 [INFO] IPUIPlugin:80 - create IPUIPlugin
2025-11-05 10:18:36,811 [INFO] IPUIPlugin:80 - create IPUIPlugin
2025-11-05 10:18:36,811 [INFO] IPUIPlugin:80 - create IPUIPlugin
2025-11-05 10:18:36,812 [INFO] IPUIPlugin:80 - create IPUIPlugin
2025-11-05 10:18:36,812 [INFO] IPUIPlugin:80 - create IPUIPlugin
2025-11-05 10:18:36,812 [INFO] IPUIPlugin:80 - create IPUIPlugin
2025-11-05 10:18:36,812 [INFO] IPUIPlugin:80 - create IPUIPlugin
2025-11-05 10:18:36,875 [INFO] IPUIPlugin:80 - create IPUIPlugin
2025-11-05 10:18:36,876 [INFO] IPUIPlugin:80 - create IPUIPlugin
2025-11-05 10:18:36,876 [INFO] IPUIPlugin:80 - create IPUIPlugin
2025-11-05 10:18:36,876 [INFO] IPUIPlugin:80 - create IPUIPlugin
2025-11-05 10:18:36,876 [INFO] IPUIPlugin:80 - create IPUIPlugin
2025-11-05 10:18:36,974 [INFO] IPUIPlugin:80 - create IPUIPlugin
2025-11-05 10:18:36,996 [INFO] IPUIPlugin:80 - create IPUIPlugin
2025-11-05 10:18:36,997 [INFO] IPUIPlugin:80 - create IPUIPlugin
2025-11-05 10:18:36,998 [INFO] IPUIPlugin:80 - create IPUIPlugin
2025-11-05 10:18:36,998 [INFO] IPUIPlugin:80 - create IPUIPlugin
2025-11-05 10:18:37,115 [INFO] IPUIPlugin:80 - create IPUIPlugin
2025-11-05 10:18:37,115 [INFO] IPUIPlugin:80 - create IPUIPlugin
2025-11-05 10:18:37,120 [INFO] IPUIPlugin:80 - create IPUIPlugin
2025-11-05 10:18:37,121 [INFO] IPUIPlugin:80 - create IPUIPlugin
2025-11-05 10:18:37,121 [INFO] IPUIPlugin:80 - create IPUIPlugin
2025-11-05 10:18:37,121 [INFO] IPUIPlugin:80 - create IPUIPlugin
2025-11-05 10:18:37,122 [INFO] IPUIPlugin:80 - create IPUIPlugin
2025-11-05 10:18:37,122 [INFO] IPUIPlugin:80 - create IPUIPlugin
2025-11-05 10:18:37,122 [INFO] IPUIPlugin:80 - create IPUIPlugin
2025-11-05 10:18:37,123 [INFO] IPUIPlugin:80 - create IPUIPlugin
2025-11-05 10:18:37,123 [INFO] IPUIPlugin:80 - create IPUIPlugin
2025-11-05 10:18:37,123 [INFO] IPUIPlugin:80 - create IPUIPlugin
2025-11-05 10:18:37,124 [INFO] IPUIPlugin:80 - create IPUIPlugin
2025-11-05 10:18:37,137 [INFO] IPUIPlugin:80 - create IPUIPlugin
2025-11-05 10:18:37,138 [INFO] IPUIPlugin:80 - create IPUIPlugin
2025-11-05 10:18:37,138 [INFO] IPUIPlugin:80 - create IPUIPlugin
2025-11-05 10:18:37,139 [INFO] IPUIPlugin:80 - create IPUIPlugin
2025-11-05 10:18:37,139 [INFO] IPUIPlugin:80 - create IPUIPlugin
2025-11-05 10:18:37,140 [INFO] IPUIPlugin:80 - create IPUIPlugin
2025-11-05 10:18:37,140 [INFO] IPUIPlugin:80 - create IPUIPlugin
2025-11-05 10:18:37,140 [INFO] IPUIPlugin:80 - create IPUIPlugin
2025-11-05 10:18:37,141 [INFO] IPUIPlugin:80 - create IPUIPlugin
2025-11-05 10:18:37,141 [INFO] IPUIPlugin:80 - create IPUIPlugin
2025-11-05 10:18:37,143 [INFO] IPUIPlugin:80 - create IPUIPlugin
2025-11-05 10:18:37,144 [INFO] IPUIPlugin:80 - create IPUIPlugin
2025-11-05 10:18:37,343 [INFO] ApiDbMcu:508 - Load IP Config File for PDM2PCM
2025-11-05 10:18:38,610 [INFO] CADModel:165 - CPN selected for project levelSTM32F411CEU6
2025-11-05 10:18:38,610 [INFO] CADModel:114 - Register for checkConnection events
2025-11-05 10:18:38,656 [INFO] OpenFileManager:385 - Restore cursor
2025-11-05 10:18:40,525 [INFO] UtilMem:75 - End SaveConfig() Used Memory: 861583080 Bytes (1073741824)
2025-11-05 10:18:40,659 [INFO] UtilMem:75 - End SaveConfig() Used Memory: 877838056 Bytes (1073741824)
2025-11-05 10:18:41,742 [INFO] BlockDiagram:2775 - set Specific Code input for plugin: NVIC
2025-11-05 10:18:41,743 [INFO] BlockDiagram:2775 - set Specific Code input for plugin: RCC
2025-11-05 10:18:41,744 [INFO] CodeGenerator:882 - code generatio: config db path: C:\ST\STM32CubeIDE_1.18.0\STM32CubeIDE\plugins\com.st.stm32cube.common.mx_6.14.0.202502271554\\db\
2025-11-05 10:18:42,029 [INFO] CodeEngine:263 - oldGeneratedFile, D:\Bootloader_Course\P_2\MXTmpFiles\license.tmp_save
2025-11-05 10:18:43,429 [INFO] CodeEngine:287 - Generated code: D:\Bootloader_Course\P_2\MXTmpFiles\license.tmp
2025-11-05 10:18:43,459 [INFO] CodeEngine:263 - oldGeneratedFile, D:\Bootloader_Course\P_2\Core\Src\stm32f4xx_it.c_save
2025-11-05 10:18:43,855 [INFO] CodeEngine:287 - Generated code: D:\Bootloader_Course\P_2\Core\Src\stm32f4xx_it.c
2025-11-05 10:18:43,860 [INFO] CodeEngine:263 - oldGeneratedFile, D:\Bootloader_Course\P_2\Core\Inc\stm32f4xx_it.h_save
2025-11-05 10:18:44,108 [INFO] CodeEngine:287 - Generated code: D:\Bootloader_Course\P_2\Core\Inc\stm32f4xx_it.h
2025-11-05 10:18:44,269 [INFO] CodeEngine:263 - oldGeneratedFile, D:\Bootloader_Course\P_2\Core\Src\stm32f4xx_hal_msp.c_save
2025-11-05 10:18:45,220 [INFO] CodeEngine:287 - Generated code: D:\Bootloader_Course\P_2\Core\Src\stm32f4xx_hal_msp.c
2025-11-05 10:18:45,224 [INFO] CodeEngine:263 - oldGeneratedFile, D:\Bootloader_Course\P_2\MXTmpFiles\system.tmp_save
2025-11-05 10:18:45,460 [INFO] CodeEngine:287 - Generated code: D:\Bootloader_Course\P_2\MXTmpFiles\system.tmp
2025-11-05 10:18:45,476 [INFO] CodeEngine:319 - oldGeneratedFile, D:\Bootloader_Course\P_2\Core\Inc\stm32f4xx_hal_conf.h_save
2025-11-05 10:18:45,658 [INFO] CodeEngine:343 - Generated code: D:\Bootloader_Course\P_2\Core\Inc\stm32f4xx_hal_conf.h
2025-11-05 10:18:45,853 [INFO] ApiDbMcu:508 - Load IP Config File for RCC
2025-11-05 10:18:45,869 [INFO] CodeEngine:263 - oldGeneratedFile, D:\Bootloader_Course\P_2\Core\Inc\main.h_save
2025-11-05 10:18:46,093 [INFO] CodeEngine:287 - Generated code: D:\Bootloader_Course\P_2\Core\Inc\main.h
2025-11-05 10:18:46,104 [INFO] CodeEngine:263 - oldGeneratedFile, D:\Bootloader_Course\P_2\Core\Src\main.c_save
2025-11-05 10:18:46,428 [INFO] CodeEngine:287 - Generated code: D:\Bootloader_Course\P_2\Core\Src\main.c
2025-11-05 10:18:47,765 [INFO] ProjectBuilder:3324 - Time for Copy HAL[1] : 384mS.
2025-11-05 10:18:47,787 [INFO] ProjectBuilder:4912 - Project Generator version: 4.6.0-B36
2025-11-05 10:18:48,652 [INFO] ConfigFileManager:1590 - The Die is : DIE431
2025-11-05 10:18:48,702 [INFO] ApiDbMcu:508 - Load IP Config File for FATFS
2025-11-05 10:18:48,792 [INFO] ApiDbMcu:508 - Load IP Config File for FREERTOS
2025-11-05 10:18:48,807 [INFO] ApiDbMcu:508 - Load IP Config File for LIBJPEG
2025-11-05 10:18:48,919 [INFO] ApiDbMcu:508 - Load IP Config File for MBEDTLS
2025-11-05 10:18:49,010 [INFO] ApiDbMcu:508 - Load IP Config File for USB_DEVICE
2025-11-05 10:18:49,052 [INFO] ApiDbMcu:508 - Load IP Config File for USB_HOST
2025-11-05 10:18:50,892 [INFO] LogOutputStream:77 - [STDOUT_REDIRECT] 
2025-11-05 10:18:54,834 [INFO] ProjectBuilder:5191 - Time for Generating toolchain IDE Files: 7047mS.
2025-11-05 10:18:54,836 [INFO] ProjectBuilder:3181 - Time for Copy CMSIS : 0mS.
2025-11-05 10:18:54,838 [INFO] ProjectBuilder:3181 - Time for Copy CMSIS : 1mS.
2025-11-05 10:19:00,933 [INFO] McuFinderGlobals:76 - Set McuFinderConnectedMode to true
2025-11-05 10:19:00,938 [INFO] ApiDb:448 - Save user favorites file C:\Users\user/.stm32cubeide/favorites.mcus.txt: 0 item(s)
2025-11-05 10:19:00,938 [INFO] ApiDb:452 - User favorites MCUs=[]
2025-11-05 10:28:42,423 [INFO] Gpio:277 - dependency for GPIO [USART2]
2025-11-05 10:28:53,182 [INFO] Gpio:277 - dependency for GPIO [USART2]
2025-11-05 10:29:52,089 [INFO] UtilMem:75 - End SaveConfig() Used Memory: 947476976 Bytes (1073741824)
2025-11-05 10:29:54,046 [INFO] UtilMem:75 - End SaveConfig() Used Memory: 976765712 Bytes (1073741824)
2025-11-05 10:29:58,782 [INFO] UtilMem:75 - End SaveConfig() Used Memory: 669103008 Bytes (1073741824)
2025-11-05 10:29:59,305 [INFO] BlockDiagram:2775 - set Specific Code input for plugin: NVIC
2025-11-05 10:29:59,305 [INFO] BlockDiagram:2775 - set Specific Code input for plugin: USART
2025-11-05 10:29:59,305 [INFO] BlockDiagram:2775 - set Specific Code input for plugin: SYS
2025-11-05 10:29:59,306 [INFO] BlockDiagram:2775 - set Specific Code input for plugin: GPIO
2025-11-05 10:29:59,306 [INFO] BlockDiagram:2775 - set Specific Code input for plugin: RCC
2025-11-05 10:29:59,307 [INFO] CodeGenerator:882 - code generatio: config db path: C:\ST\STM32CubeIDE_1.18.0\STM32CubeIDE\plugins\com.st.stm32cube.common.mx_6.14.0.202502271554\\db\
2025-11-05 10:29:59,502 [INFO] CodeEngine:263 - oldGeneratedFile, D:\Bootloader_Course\P_2\MXTmpFiles\license.tmp_save
2025-11-05 10:29:59,988 [INFO] CodeEngine:287 - Generated code: D:\Bootloader_Course\P_2\MXTmpFiles\license.tmp
2025-11-05 10:30:00,112 [INFO] CodeEngine:263 - oldGeneratedFile, D:\Bootloader_Course\P_2\MXTmpFiles\gpio.tmp_save
2025-11-05 10:30:00,343 [INFO] CodeEngine:287 - Generated code: D:\Bootloader_Course\P_2\MXTmpFiles\gpio.tmp
2025-11-05 10:30:00,478 [INFO] CodeEngine:263 - oldGeneratedFile, D:\Bootloader_Course\P_2\Core\Src\stm32f4xx_it.c_save
2025-11-05 10:30:00,991 [INFO] CodeEngine:287 - Generated code: D:\Bootloader_Course\P_2\Core\Src\stm32f4xx_it.c
2025-11-05 10:30:00,996 [INFO] CodeEngine:263 - oldGeneratedFile, D:\Bootloader_Course\P_2\Core\Inc\stm32f4xx_it.h_save
2025-11-05 10:30:01,138 [INFO] CodeEngine:287 - Generated code: D:\Bootloader_Course\P_2\Core\Inc\stm32f4xx_it.h
2025-11-05 10:30:01,163 [INFO] CodeEngine:263 - oldGeneratedFile, D:\Bootloader_Course\P_2\Core\Src\stm32f4xx_hal_msp.c_save
2025-11-05 10:30:01,481 [INFO] CodeEngine:287 - Generated code: D:\Bootloader_Course\P_2\Core\Src\stm32f4xx_hal_msp.c
2025-11-05 10:30:01,496 [INFO] CodeEngine:263 - oldGeneratedFile, D:\Bootloader_Course\P_2\MXTmpFiles\system.tmp_save
2025-11-05 10:30:01,712 [INFO] CodeEngine:287 - Generated code: D:\Bootloader_Course\P_2\MXTmpFiles\system.tmp
2025-11-05 10:30:01,724 [INFO] CodeEngine:319 - oldGeneratedFile, D:\Bootloader_Course\P_2\Core\Inc\stm32f4xx_hal_conf.h_save
2025-11-05 10:30:01,847 [INFO] CodeEngine:343 - Generated code: D:\Bootloader_Course\P_2\Core\Inc\stm32f4xx_hal_conf.h
2025-11-05 10:30:01,914 [INFO] ApiDbMcu:508 - Load IP Config File for USART2
2025-11-05 10:30:01,931 [INFO] CodeEngine:263 - oldGeneratedFile, D:\Bootloader_Course\P_2\Core\Inc\main.h_save
2025-11-05 10:30:02,129 [INFO] CodeEngine:287 - Generated code: D:\Bootloader_Course\P_2\Core\Inc\main.h
2025-11-05 10:30:02,137 [INFO] CodeEngine:263 - oldGeneratedFile, D:\Bootloader_Course\P_2\Core\Src\main.c_save
2025-11-05 10:30:02,314 [INFO] CodeEngine:287 - Generated code: D:\Bootloader_Course\P_2\Core\Src\main.c
2025-11-05 10:30:02,808 [INFO] ProjectBuilder:3324 - Time for Copy HAL[1] : 119mS.
2025-11-05 10:30:02,812 [INFO] ProjectBuilder:4912 - Project Generator version: 4.6.0-B36
2025-11-05 10:30:02,997 [INFO] ConfigFileManager:1590 - The Die is : DIE431
2025-11-05 10:30:06,443 [INFO] ProjectBuilder:5191 - Time for Generating toolchain IDE Files: 3631mS.
2025-11-05 10:30:06,444 [INFO] ProjectBuilder:3181 - Time for Copy CMSIS : 1mS.
2025-11-05 10:30:06,446 [INFO] ProjectBuilder:3181 - Time for Copy CMSIS : 0mS.
2025-11-05 10:36:34,504 [INFO] UtilMem:75 - End SaveConfig() Used Memory: 932699296 Bytes (1073741824)
2025-11-05 10:36:36,013 [INFO] UtilMem:75 - End SaveConfig() Used Memory: 956269296 Bytes (1073741824)
2025-11-05 10:36:41,286 [INFO] UtilMem:75 - End SaveConfig() Used Memory: 659545904 Bytes (1073741824)
2025-11-05 10:36:41,553 [INFO] BlockDiagram:2775 - set Specific Code input for plugin: NVIC
2025-11-05 10:36:41,553 [INFO] BlockDiagram:2775 - set Specific Code input for plugin: USART
2025-11-05 10:36:41,554 [INFO] BlockDiagram:2775 - set Specific Code input for plugin: SYS
2025-11-05 10:36:41,554 [INFO] BlockDiagram:2775 - set Specific Code input for plugin: GPIO
2025-11-05 10:36:41,555 [INFO] BlockDiagram:2775 - set Specific Code input for plugin: RCC
2025-11-05 10:36:41,555 [INFO] BlockDiagram:2775 - set Specific Code input for plugin: CRC
2025-11-05 10:36:41,555 [INFO] CodeGenerator:882 - code generatio: config db path: C:\ST\STM32CubeIDE_1.18.0\STM32CubeIDE\plugins\com.st.stm32cube.common.mx_6.14.0.202502271554\\db\
2025-11-05 10:36:41,717 [INFO] CodeEngine:263 - oldGeneratedFile, D:\Bootloader_Course\P_2\MXTmpFiles\license.tmp_save
2025-11-05 10:36:41,843 [INFO] CodeEngine:287 - Generated code: D:\Bootloader_Course\P_2\MXTmpFiles\license.tmp
2025-11-05 10:36:41,867 [INFO] CodeEngine:263 - oldGeneratedFile, D:\Bootloader_Course\P_2\MXTmpFiles\gpio.tmp_save
2025-11-05 10:36:41,976 [INFO] CodeEngine:287 - Generated code: D:\Bootloader_Course\P_2\MXTmpFiles\gpio.tmp
2025-11-05 10:36:42,061 [INFO] CodeEngine:263 - oldGeneratedFile, D:\Bootloader_Course\P_2\Core\Src\stm32f4xx_it.c_save
2025-11-05 10:36:42,174 [INFO] CodeEngine:287 - Generated code: D:\Bootloader_Course\P_2\Core\Src\stm32f4xx_it.c
2025-11-05 10:36:42,179 [INFO] CodeEngine:263 - oldGeneratedFile, D:\Bootloader_Course\P_2\Core\Inc\stm32f4xx_it.h_save
2025-11-05 10:36:42,269 [INFO] CodeEngine:287 - Generated code: D:\Bootloader_Course\P_2\Core\Inc\stm32f4xx_it.h
2025-11-05 10:36:42,277 [INFO] CodeEngine:263 - oldGeneratedFile, D:\Bootloader_Course\P_2\Core\Src\stm32f4xx_hal_msp.c_save
2025-11-05 10:36:42,403 [INFO] CodeEngine:287 - Generated code: D:\Bootloader_Course\P_2\Core\Src\stm32f4xx_hal_msp.c
2025-11-05 10:36:42,407 [INFO] CodeEngine:263 - oldGeneratedFile, D:\Bootloader_Course\P_2\MXTmpFiles\system.tmp_save
2025-11-05 10:36:42,505 [INFO] CodeEngine:287 - Generated code: D:\Bootloader_Course\P_2\MXTmpFiles\system.tmp
2025-11-05 10:36:42,515 [INFO] CodeEngine:319 - oldGeneratedFile, D:\Bootloader_Course\P_2\Core\Inc\stm32f4xx_hal_conf.h_save
2025-11-05 10:36:42,624 [INFO] CodeEngine:343 - Generated code: D:\Bootloader_Course\P_2\Core\Inc\stm32f4xx_hal_conf.h
2025-11-05 10:36:42,648 [INFO] ApiDbMcu:508 - Load IP Config File for CRC
2025-11-05 10:36:42,659 [INFO] CodeEngine:263 - oldGeneratedFile, D:\Bootloader_Course\P_2\Core\Inc\main.h_save
2025-11-05 10:36:42,777 [INFO] CodeEngine:287 - Generated code: D:\Bootloader_Course\P_2\Core\Inc\main.h
2025-11-05 10:36:42,784 [INFO] CodeEngine:263 - oldGeneratedFile, D:\Bootloader_Course\P_2\Core\Src\main.c_save
2025-11-05 10:36:42,941 [INFO] CodeEngine:287 - Generated code: D:\Bootloader_Course\P_2\Core\Src\main.c
2025-11-05 10:36:43,501 [INFO] ProjectBuilder:3324 - Time for Copy HAL[1] : 306mS.
2025-11-05 10:36:43,503 [INFO] ProjectBuilder:4912 - Project Generator version: 4.6.0-B36
2025-11-05 10:36:43,622 [INFO] ConfigFileManager:1590 - The Die is : DIE431
2025-11-05 10:36:44,978 [INFO] ProjectBuilder:5191 - Time for Generating toolchain IDE Files: 1475mS.
2025-11-05 10:36:44,980 [INFO] ProjectBuilder:3181 - Time for Copy CMSIS : 1mS.
2025-11-05 10:36:44,983 [INFO] ProjectBuilder:3181 - Time for Copy CMSIS : 1mS.
2025-11-05 10:59:42,941 [INFO] Gpio:277 - dependency for GPIO [SYS, USART2]
2025-11-05 15:12:57,795 [INFO] WebApp:194 - Connection lost
2025-11-05 15:12:58,230 [INFO] WebApp:191 - Connection restablished
2025-11-05 15:13:00,414 [INFO] WebApp:194 - Connection lost
2025-11-05 15:13:00,685 [INFO] WebApp:191 - Connection restablished
