2025-10-27 16:53:52,343 [INFO] Activator:176 - 


2025-10-27 16:53:52,346 [INFO] Activator:177 - !SESSION log4j initialized
2025-10-27 16:53:56,243 [INFO] LogOutputStream:77 - [STDOUT_REDIRECT] 
2025-10-27 16:54:01,458 [INFO] ApplicationProperties:184 - Using Application install path: C:\ST\STM32CubeIDE_1.18.0\STM32CubeIDE\plugins\com.st.stm32cube.common.mx_6.14.0.202502271554
2025-10-27 16:54:01,481 [INFO] DbMcusXml:78 - Set database path to: C:\ST\STM32CubeIDE_1.18.0\STM32CubeIDE\plugins\com.st.stm32cube.common.mx_6.14.0.202502271554\\db\/mcu/
2025-10-27 16:54:01,482 [INFO] ApiDb:274 - Set plugin database path to: C:\ST\STM32CubeIDE_1.18.0\STM32CubeIDE\plugins\com.st.stm32cube.common.mx_6.14.0.202502271554\\db\/plugins/boardmanager/
2025-10-27 16:54:01,483 [WARN] ApiDb:259 - Overriding images path with different value:  => C:\ST\STM32CubeIDE_1.18.0\STM32CubeIDE\plugins\com.st.stm32cube.common.mx_6.14.0.202502271554\\db\/plugins/mcufinder/images/
2025-10-27 16:54:01,494 [INFO] ApiDb:250 - Set database path to: C:\Users\user\.stmcufinder\plugins\mcufinder//mcu/
2025-10-27 16:54:01,495 [INFO] DbMcusAds:125 - Set database path to: C:\Users\user\.stmcufinder\plugins\mcufinder//mcu/
2025-10-27 16:54:01,498 [INFO] CrossReferenceDbSqlite:203 - Set database path to: C:\Users\user\.stmcufinder\plugins\mcufinder//mcu/cs/
2025-10-27 16:54:01,830 [INFO] RulesReader:64 - Compatibility file has been processed (301 Rules)
2025-10-27 16:54:01,995 [INFO] DbMcusXml:78 - Set database path to: C:\ST\STM32CubeIDE_1.18.0\STM32CubeIDE\plugins\com.st.stm32cube.common.mx_6.14.0.202502271554\\db\/mcu/
2025-10-27 16:54:01,995 [INFO] ApiDb:274 - Set plugin database path to: C:\ST\STM32CubeIDE_1.18.0\STM32CubeIDE\plugins\com.st.stm32cube.common.mx_6.14.0.202502271554\\db\/plugins/boardmanager/
2025-10-27 16:54:01,996 [INFO] ApiDb:261 - Set plugin images path to: C:\ST\STM32CubeIDE_1.18.0\STM32CubeIDE\plugins\com.st.stm32cube.common.mx_6.14.0.202502271554\\db\/plugins/mcufinder/images/
2025-10-27 16:54:01,996 [WARN] DbFile:41 - Overriding database path with different value: C:\Users\user\.stmcufinder\plugins\mcufinder/ => C:\Users\user\.stmcufinder\plugins\mcufinder
2025-10-27 16:54:01,996 [INFO] ApiDb:250 - Set database path to: C:\Users\user\.stmcufinder\plugins\mcufinder//mcu/
2025-10-27 16:54:01,997 [WARN] DbFile:41 - Overriding database path with different value: C:\Users\user\.stmcufinder\plugins\mcufinder/ => C:\Users\user\.stmcufinder\plugins\mcufinder
2025-10-27 16:54:01,997 [INFO] DbMcusAds:125 - Set database path to: C:\Users\user\.stmcufinder\plugins\mcufinder//mcu/
2025-10-27 16:54:01,997 [WARN] DbFile:41 - Overriding database path with different value: C:\Users\user\.stmcufinder\plugins\mcufinder/ => C:\Users\user\.stmcufinder\plugins\mcufinder
2025-10-27 16:54:01,997 [WARN] DbFile:41 - Overriding database path with different value: C:\Users\user\.stmcufinder\plugins\mcufinder/ => C:\Users\user\.stmcufinder\plugins\mcufinder
2025-10-27 16:54:01,997 [INFO] CrossReferenceDbSqlite:203 - Set database path to: C:\Users\user\.stmcufinder\plugins\mcufinder//mcu/cs/
2025-10-27 16:54:02,331 [INFO] MainPanel:272 - HeapMemory: 268435456
2025-10-27 16:54:02,527 [INFO] DbMcusXml:78 - Set database path to: C:\ST\STM32CubeIDE_1.18.0\STM32CubeIDE\plugins\com.st.stm32cube.common.mx_6.14.0.202502271554\\db\/mcu/
2025-10-27 16:54:02,527 [INFO] ApiDb:274 - Set plugin database path to: C:\ST\STM32CubeIDE_1.18.0\STM32CubeIDE\plugins\com.st.stm32cube.common.mx_6.14.0.202502271554\\db\/plugins/boardmanager/
2025-10-27 16:54:02,528 [INFO] ApiDb:261 - Set plugin images path to: C:\ST\STM32CubeIDE_1.18.0\STM32CubeIDE\plugins\com.st.stm32cube.common.mx_6.14.0.202502271554\\db\/plugins/mcufinder/images/
2025-10-27 16:54:02,529 [WARN] DbFile:41 - Overriding database path with different value: C:\Users\user\.stmcufinder\plugins\mcufinder/ => C:\Users\user\.stmcufinder\plugins\mcufinder
2025-10-27 16:54:02,529 [INFO] ApiDb:250 - Set database path to: C:\Users\user\.stmcufinder\plugins\mcufinder//mcu/
2025-10-27 16:54:02,529 [WARN] DbFile:41 - Overriding database path with different value: C:\Users\user\.stmcufinder\plugins\mcufinder/ => C:\Users\user\.stmcufinder\plugins\mcufinder
2025-10-27 16:54:02,530 [INFO] DbMcusAds:125 - Set database path to: C:\Users\user\.stmcufinder\plugins\mcufinder//mcu/
2025-10-27 16:54:02,530 [WARN] DbFile:41 - Overriding database path with different value: C:\Users\user\.stmcufinder\plugins\mcufinder/ => C:\Users\user\.stmcufinder\plugins\mcufinder
2025-10-27 16:54:02,530 [WARN] DbFile:41 - Overriding database path with different value: C:\Users\user\.stmcufinder\plugins\mcufinder/ => C:\Users\user\.stmcufinder\plugins\mcufinder
2025-10-27 16:54:02,530 [INFO] CrossReferenceDbSqlite:203 - Set database path to: C:\Users\user\.stmcufinder\plugins\mcufinder//mcu/cs/
2025-10-27 16:54:02,568 [INFO] ApplicationProperties:184 - Using Application install path: C:\ST\STM32CubeIDE_1.18.0\STM32CubeIDE\plugins\com.st.stm32cube.common.mx_6.14.0.202502271554
2025-10-27 16:54:02,569 [INFO] PluginManage:196 - Search for loadable plugins [exclusion list=, ]
2025-10-27 16:54:02,576 [INFO] PluginManage:310 - Check plugin analytics
2025-10-27 16:54:03,126 [INFO] AnalyticsPlugin:253 - Accepted Software Licenses: 
2025-10-27 16:54:03,127 [INFO] AnalyticsPlugin:255 - Accepted CMSIS Pack Licenses: 
2025-10-27 16:54:03,127 [INFO] AnalyticsPlugin:257 - Accepted Firmware Licenses: FW.F4.1.28.0
2025-10-27 16:54:03,224 [INFO] PluginManage:359 - Loaded plugin analytics (category:tool,tabindex:-1)
2025-10-27 16:54:03,225 [INFO] PluginManage:310 - Check plugin cadmodel
2025-10-27 16:54:03,231 [INFO] CADModel:105 - Init CAD model plugin
2025-10-27 16:54:03,231 [INFO] PluginManage:359 - Loaded plugin cadmodel (category:power,tabindex:5)
2025-10-27 16:54:03,232 [INFO] PluginManage:310 - Check plugin clock
2025-10-27 16:54:03,254 [INFO] PluginManage:359 - Loaded plugin clock (category:base,tabindex:2)
2025-10-27 16:54:03,297 [INFO] PluginManage:310 - Check plugin ddr
2025-10-27 16:54:03,301 [INFO] PluginManage:359 - Loaded plugin ddr (category:tool,tabindex:6)
2025-10-27 16:54:03,303 [INFO] PluginManage:310 - Check plugin filemanager
2025-10-27 16:54:03,811 [INFO] PluginManage:359 - Loaded plugin filemanager (category:base,tabindex:10)
2025-10-27 16:54:03,811 [INFO] PluginManage:310 - Check plugin ipmanager
2025-10-27 16:54:03,857 [INFO] PluginManage:359 - Loaded plugin ipmanager (category:base,tabindex:5)
2025-10-27 16:54:03,858 [INFO] PluginManage:310 - Check plugin lpbam
2025-10-27 16:54:03,879 [INFO] PluginManage:359 - Loaded plugin lpbam (category:base,tabindex:0)
2025-10-27 16:54:03,879 [INFO] PluginManage:310 - Check plugin memorymap
2025-10-27 16:54:03,908 [INFO] PluginManage:359 - Loaded plugin memorymap (category:base,tabindex:4)
2025-10-27 16:54:03,909 [INFO] PluginManage:310 - Check plugin pinoutandconfiguration
2025-10-27 16:54:03,973 [INFO] PluginManage:359 - Loaded plugin pinoutandconfiguration (category:base,tabindex:1)
2025-10-27 16:54:03,973 [INFO] PluginManage:310 - Check plugin pinoutconfig
2025-10-27 16:54:04,230 [WARN] SupportedApi:132 - Cannot load RTOS API schema: s4s-elt-must-match.1: The content of 'definitions' must match (annotation?, (simpleType | complexType)?, (unique | key | keyref)*)). A problem was found starting at: attribute.
2025-10-27 16:54:04,448 [INFO] PluginManage:359 - Loaded plugin pinoutconfig (category:base,tabindex:0)
2025-10-27 16:54:04,448 [INFO] PluginManage:310 - Check plugin power
2025-10-27 16:54:04,469 [INFO] PluginManage:359 - Loaded plugin power (category:power,tabindex:4)
2025-10-27 16:54:04,469 [INFO] PluginManage:310 - Check plugin projectmanager
2025-10-27 16:54:04,518 [INFO] PluginManage:359 - Loaded plugin projectmanager (category:projectmanager,tabindex:4)
2025-10-27 16:54:04,519 [INFO] PluginManage:310 - Check plugin rif
2025-10-27 16:54:04,531 [INFO] PluginManage:359 - Loaded plugin rif (category:base,tabindex:3)
2025-10-27 16:54:04,532 [INFO] PluginManage:310 - Check plugin thirdparty
2025-10-27 16:54:05,282 [INFO] PluginManage:359 - Loaded plugin thirdparty (category:base,tabindex:-1)
2025-10-27 16:54:05,283 [INFO] PluginManage:310 - Check plugin tools
2025-10-27 16:54:05,289 [INFO] PluginManage:359 - Loaded plugin tools (category:base,tabindex:7)
2025-10-27 16:54:05,289 [INFO] PluginManage:310 - Check plugin tutovideos
2025-10-27 16:54:05,302 [WARN] IntegrityCheckThread:84 - waiting for thirdparty lock release [integrity check]
2025-10-27 16:54:05,303 [INFO] IntegrityCheckThread:86 - entering critical section [integrity check]
2025-10-27 16:54:05,303 [INFO] ThirdPartyUpdaterWithRetryManager:70 - Updater plugin not ready yet. [1/15]
2025-10-27 16:54:05,626 [INFO] PluginManage:359 - Loaded plugin tutovideos (category:base,tabindex:-1)
2025-10-27 16:54:05,628 [INFO] PluginManage:310 - Check plugin updater
2025-10-27 16:54:05,700 [INFO] PluginManage:359 - Loaded plugin updater (category:base,tabindex:12)
2025-10-27 16:54:05,700 [INFO] PluginManage:310 - Check plugin userauth
2025-10-27 16:54:05,763 [INFO] UserAuth:118 - Init User Auth plugin
2025-10-27 16:54:05,765 [INFO] PluginManage:359 - Loaded plugin userauth (category:base,tabindex:14)
2025-10-27 16:54:05,767 [INFO] PluginManage:283 - PluginManage : Loaded plugins [18]
2025-10-27 16:54:06,190 [INFO] PinOutPanel:1589 - setPackage(No Configuration,No Configuration)
2025-10-27 16:54:06,300 [INFO] CADModel:165 - CPN selected for project level
2025-10-27 16:54:06,300 [INFO] CADModel:114 - Register for checkConnection events
2025-10-27 16:54:06,322 [INFO] IPUIPlugin:80 - create IPUIPlugin
2025-10-27 16:54:06,322 [INFO] PluginManager:220 - loadIPPluginJar : add adc
2025-10-27 16:54:06,325 [INFO] IPUIPlugin:80 - create IPUIPlugin
2025-10-27 16:54:06,326 [INFO] PluginManager:220 - loadIPPluginJar : add aes
2025-10-27 16:54:06,332 [INFO] IPUIPlugin:80 - create IPUIPlugin
2025-10-27 16:54:06,333 [INFO] PluginManager:220 - loadIPPluginJar : add can
2025-10-27 16:54:06,335 [INFO] IPUIPlugin:80 - create IPUIPlugin
2025-10-27 16:54:06,335 [INFO] PluginManager:220 - loadIPPluginJar : add comp
2025-10-27 16:54:06,342 [INFO] IPUIPlugin:80 - create IPUIPlugin
2025-10-27 16:54:06,342 [INFO] PluginManager:220 - loadIPPluginJar : add cryp
2025-10-27 16:54:06,346 [INFO] IPUIPlugin:80 - create IPUIPlugin
2025-10-27 16:54:06,347 [INFO] PluginManager:220 - loadIPPluginJar : add ddr_ctrl_phy
2025-10-27 16:54:06,353 [INFO] IPUIPlugin:80 - create IPUIPlugin
2025-10-27 16:54:06,353 [INFO] PluginManager:220 - loadIPPluginJar : add dfsdm
2025-10-27 16:54:06,361 [INFO] IPUIPlugin:80 - create IPUIPlugin
2025-10-27 16:54:06,362 [INFO] PluginManager:220 - loadIPPluginJar : add dma
2025-10-27 16:54:06,368 [INFO] IPUIPlugin:80 - create IPUIPlugin
2025-10-27 16:54:06,368 [INFO] PluginManager:220 - loadIPPluginJar : add dma3
2025-10-27 16:54:06,373 [INFO] IPUIPlugin:80 - create IPUIPlugin
2025-10-27 16:54:06,374 [INFO] PluginManager:220 - loadIPPluginJar : add extmemmanager
2025-10-27 16:54:06,377 [INFO] IPUIPlugin:80 - create IPUIPlugin
2025-10-27 16:54:06,377 [INFO] PluginManager:220 - loadIPPluginJar : add fatfs
2025-10-27 16:54:06,506 [INFO] IPUIPlugin:80 - create IPUIPlugin
2025-10-27 16:54:06,506 [INFO] PluginManager:220 - loadIPPluginJar : add fmc
2025-10-27 16:54:06,517 [INFO] IPUIPlugin:80 - create IPUIPlugin
2025-10-27 16:54:06,518 [INFO] PluginManager:220 - loadIPPluginJar : add freertos
2025-10-27 16:54:06,524 [INFO] IPUIPlugin:80 - create IPUIPlugin
2025-10-27 16:54:06,527 [INFO] PluginManager:220 - loadIPPluginJar : add genericplugin
2025-10-27 16:54:06,530 [INFO] IPUIPlugin:80 - create IPUIPlugin
2025-10-27 16:54:06,530 [INFO] PluginManager:220 - loadIPPluginJar : add gfxmmu
2025-10-27 16:54:06,663 [INFO] IPUIPlugin:80 - create IPUIPlugin
2025-10-27 16:54:06,664 [INFO] PluginManager:220 - loadIPPluginJar : add gic
2025-10-27 16:54:06,691 [INFO] IPUIPlugin:80 - create IPUIPlugin
2025-10-27 16:54:06,691 [INFO] PluginManager:220 - loadIPPluginJar : add gpio
2025-10-27 16:54:06,696 [INFO] IPUIPlugin:80 - create IPUIPlugin
2025-10-27 16:54:06,697 [INFO] PluginManager:220 - loadIPPluginJar : add gtzc
2025-10-27 16:54:06,702 [INFO] IPUIPlugin:80 - create IPUIPlugin
2025-10-27 16:54:06,702 [INFO] PluginManager:220 - loadIPPluginJar : add hash
2025-10-27 16:54:06,708 [INFO] IPUIPlugin:80 - create IPUIPlugin
2025-10-27 16:54:06,708 [INFO] PluginManager:220 - loadIPPluginJar : add i2c
2025-10-27 16:54:06,714 [INFO] IPUIPlugin:80 - create IPUIPlugin
2025-10-27 16:54:06,714 [INFO] PluginManager:220 - loadIPPluginJar : add i2s
2025-10-27 16:54:06,725 [INFO] IPUIPlugin:80 - create IPUIPlugin
2025-10-27 16:54:06,725 [INFO] PluginManager:220 - loadIPPluginJar : add i3c
2025-10-27 16:54:06,730 [INFO] IPUIPlugin:80 - create IPUIPlugin
2025-10-27 16:54:06,730 [INFO] PluginManager:220 - loadIPPluginJar : add ipddr
2025-10-27 16:54:06,742 [INFO] IPUIPlugin:80 - create IPUIPlugin
2025-10-27 16:54:06,743 [INFO] PluginManager:220 - loadIPPluginJar : add linkedlist
2025-10-27 16:54:06,750 [INFO] IPUIPlugin:80 - create IPUIPlugin
2025-10-27 16:54:06,750 [INFO] PluginManager:220 - loadIPPluginJar : add lorawan
2025-10-27 16:54:06,754 [INFO] IPUIPlugin:80 - create IPUIPlugin
2025-10-27 16:54:06,754 [INFO] PluginManager:220 - loadIPPluginJar : add ltdc
2025-10-27 16:54:06,804 [INFO] IPUIPlugin:80 - create IPUIPlugin
2025-10-27 16:54:06,804 [INFO] PluginManager:220 - loadIPPluginJar : add mdma
2025-10-27 16:54:06,810 [INFO] IPUIPlugin:80 - create IPUIPlugin
2025-10-27 16:54:06,810 [INFO] PluginManager:220 - loadIPPluginJar : add nvic
2025-10-27 16:54:06,814 [INFO] IPUIPlugin:80 - create IPUIPlugin
2025-10-27 16:54:06,815 [INFO] PluginManager:220 - loadIPPluginJar : add opamp
2025-10-27 16:54:06,821 [INFO] IPUIPlugin:80 - create IPUIPlugin
2025-10-27 16:54:06,821 [INFO] PluginManager:220 - loadIPPluginJar : add openamp
2025-10-27 16:54:06,826 [INFO] IPUIPlugin:80 - create IPUIPlugin
2025-10-27 16:54:06,827 [INFO] PluginManager:220 - loadIPPluginJar : add pdm2pcm
2025-10-27 16:54:06,859 [INFO] IPUIPlugin:80 - create IPUIPlugin
2025-10-27 16:54:06,865 [INFO] PluginManager:220 - loadIPPluginJar : add plateformsettings
2025-10-27 16:54:06,868 [INFO] IPUIPlugin:80 - create IPUIPlugin
2025-10-27 16:54:06,868 [INFO] PluginManager:220 - loadIPPluginJar : add quadspi
2025-10-27 16:54:06,872 [INFO] IPUIPlugin:80 - create IPUIPlugin
2025-10-27 16:54:06,873 [INFO] PluginManager:220 - loadIPPluginJar : add radio
2025-10-27 16:54:06,881 [INFO] IPUIPlugin:80 - create IPUIPlugin
2025-10-27 16:54:06,881 [INFO] PluginManager:220 - loadIPPluginJar : add resmgrutility
2025-10-27 16:54:06,892 [INFO] IPUIPlugin:80 - create IPUIPlugin
2025-10-27 16:54:06,893 [INFO] PluginManager:220 - loadIPPluginJar : add sai
2025-10-27 16:54:06,897 [INFO] IPUIPlugin:80 - create IPUIPlugin
2025-10-27 16:54:06,898 [INFO] PluginManager:220 - loadIPPluginJar : add spi
2025-10-27 16:54:06,909 [INFO] IPUIPlugin:80 - create IPUIPlugin
2025-10-27 16:54:06,910 [INFO] PluginManager:220 - loadIPPluginJar : add stm32_wpan
2025-10-27 16:54:06,913 [INFO] IPUIPlugin:80 - create IPUIPlugin
2025-10-27 16:54:06,914 [INFO] PluginManager:220 - loadIPPluginJar : add tim
2025-10-27 16:54:06,928 [INFO] IPUIPlugin:80 - create IPUIPlugin
2025-10-27 16:54:06,928 [INFO] PluginManager:220 - loadIPPluginJar : add touchsensing
2025-10-27 16:54:06,933 [INFO] IPUIPlugin:80 - create IPUIPlugin
2025-10-27 16:54:06,979 [INFO] PluginManager:220 - loadIPPluginJar : add tracer_emb
2025-10-27 16:54:06,983 [INFO] IPUIPlugin:80 - create IPUIPlugin
2025-10-27 16:54:06,983 [INFO] PluginManager:220 - loadIPPluginJar : add ts
2025-10-27 16:54:07,015 [INFO] IPUIPlugin:80 - create IPUIPlugin
2025-10-27 16:54:07,015 [INFO] PluginManager:220 - loadIPPluginJar : add tsc
2025-10-27 16:54:07,018 [INFO] IPUIPlugin:80 - create IPUIPlugin
2025-10-27 16:54:07,018 [INFO] PluginManager:220 - loadIPPluginJar : add ucpd
2025-10-27 16:54:07,026 [INFO] IPUIPlugin:80 - create IPUIPlugin
2025-10-27 16:54:07,026 [INFO] PluginManager:220 - loadIPPluginJar : add usart
2025-10-27 16:54:07,034 [INFO] IPUIPlugin:80 - create IPUIPlugin
2025-10-27 16:54:07,034 [INFO] PluginManager:220 - loadIPPluginJar : add usbx
2025-10-27 16:54:07,377 [FATAL] Updater:351 - Updater called before beeing initialized
2025-10-27 16:54:07,432 [INFO] RulesReader:64 - Compatibility file has been processed (301 Rules)
2025-10-27 16:54:07,460 [INFO] RulesReader:64 - Compatibility file has been processed (301 Rules)
2025-10-27 16:54:07,482 [INFO] CADModel:165 - CPN selected for project level
2025-10-27 16:54:07,482 [INFO] CADModel:114 - Register for checkConnection events
2025-10-27 16:54:07,482 [FATAL] Updater:351 - Updater called before beeing initialized
2025-10-27 16:54:07,483 [ERROR] CADModel:125 - Updater not yet initialized, retry later 
2025-10-27 16:54:07,732 [FATAL] Updater:351 - Updater called before beeing initialized
2025-10-27 16:54:07,739 [INFO] CADModel:165 - CPN selected for project level
2025-10-27 16:54:07,740 [INFO] CADModel:114 - Register for checkConnection events
2025-10-27 16:54:07,740 [FATAL] Updater:351 - Updater called before beeing initialized
2025-10-27 16:54:07,740 [ERROR] CADModel:125 - Updater not yet initialized, retry later 
2025-10-27 16:54:07,751 [FATAL] Updater:351 - Updater called before beeing initialized
2025-10-27 16:54:08,005 [FATAL] Updater:351 - Updater called before beeing initialized
2025-10-27 16:54:08,011 [INFO] DbMcusAds:53 - JSON generation date=Tue Jul 08 13:44:23 IST 2025 (1751962463524)
2025-10-27 16:54:08,011 [FATAL] Updater:351 - Updater called before beeing initialized
2025-10-27 16:54:08,061 [WARN] DetailPanel:346 - Failed to get advertising image, set to default
2025-10-27 16:54:08,308 [INFO] ThirdPartyUpdaterWithRetryManager:70 - Updater plugin not ready yet. [2/15]
2025-10-27 16:54:08,398 [FATAL] Updater:351 - Updater called before beeing initialized
2025-10-27 16:54:08,400 [FATAL] Updater:351 - Updater called before beeing initialized
2025-10-27 16:54:08,400 [FATAL] Updater:351 - Updater called before beeing initialized
2025-10-27 16:54:08,400 [WARN] DetailPanel:346 - Failed to get advertising image, set to default
2025-10-27 16:54:08,403 [FATAL] Updater:351 - Updater called before beeing initialized
2025-10-27 16:54:08,474 [ERROR] Updater:1198 - MainUpdater not yet initialized. External WinMGr cannot be set.
2025-10-27 16:54:08,476 [INFO] Updater:1134 - Updater Version found : 6.14.0
2025-10-27 16:54:08,492 [INFO] ApplicationProperties:184 - Using Application install path: C:\ST\STM32CubeIDE_1.18.0\STM32CubeIDE\plugins\com.st.stm32cube.common.mx_6.14.0.202502271554
2025-10-27 16:54:10,062 [ERROR] LogOutputStream:75 - [STDERR_REDIRECT] Oct 27, 2025 4:54:10 PM java.util.prefs.WindowsPreferences <init>
2025-10-27 16:54:10,065 [ERROR] LogOutputStream:75 - [STDERR_REDIRECT] WARNING: Could not open/create prefs root node Software\JavaSoft\Prefs at root 0xffffffff80000002. Windows RegCreateKeyEx(...) returned error code 5.
2025-10-27 16:54:10,065 [ERROR] LogOutputStream:75 - [STDERR_REDIRECT] 
2025-10-27 16:54:11,309 [FATAL] Updater:351 - Updater called before beeing initialized
2025-10-27 16:54:11,309 [ERROR] IntegrityCheckThread:130 - Cannot retrieve database content from updater: error 21
2025-10-27 16:54:11,310 [INFO] ThirdParty:978 - Integrity check success = false
2025-10-27 16:54:11,310 [INFO] IntegrityCheckThread:100 - exiting critical section [integrity check]
2025-10-27 16:54:11,310 [INFO] IntegrityCheckThread:103 - End integrity checks thread
2025-10-27 16:54:11,434 [INFO] MainUpdater:2872 - connection check result : 22
2025-10-27 16:54:11,435 [INFO] MainUpdater:289 - Updater Check For Update Now.
2025-10-27 16:54:11,436 [INFO] MicroXplorer:498 - Change Database Version : DB.6.0.140
2025-10-27 16:54:11,444 [INFO] McuFinderGlobals:63 - Set McuFinder mode to 2 (CubeIDE integrated)
2025-10-27 16:54:11,445 [INFO] UserAuth:486 - Internet connection configuration mode: 2
2025-10-27 16:54:11,459 [INFO] UserAuth:486 - Internet connection configuration mode: 2
2025-10-27 16:54:11,801 [INFO] CheckServerUpdateThread:120 - End of CheckServer Thread
2025-10-27 16:54:11,851 [INFO] MainUpdater:2872 - connection check result : 22
2025-10-27 16:54:19,626 [INFO] MainUpdater:2872 - connection check result : 10
2025-10-27 16:54:19,632 [INFO] McuFinderGlobals:76 - Set McuFinderConnectedMode to true
2025-10-27 16:54:19,923 [INFO] ServerAccessManage:473 - Download File mcusAds.json._tmp_
2025-10-27 16:54:20,039 [INFO] LoadUrlFilesThread:156 - End of LoadUrlFiles Thread
2025-10-27 16:54:21,166 [INFO] ServerAccessManage:473 - Download File cube-finder-db.zip
2025-10-27 16:54:29,653 [ERROR] ServerAccessManage:651 - User Cancel Download : cube-finder-db.zip.
2025-10-27 16:54:29,753 [INFO] LoadUrlFilesThread:156 - End of LoadUrlFiles Thread
2025-10-27 16:54:30,636 [INFO] DbMcusAds:53 - JSON generation date=Thu Oct 02 15:06:05 IST 2025 (1759397765645)
2025-10-27 16:54:30,671 [ERROR] TargetSelectorAdapter:267 - Unable to refresh data
2025-10-27 16:54:31,055 [INFO] ApiDb:581 - Connected to CubeFinder SQLite database (C:\Users\user\.stmcufinder\plugins\mcufinder\mcu\cube-finder-db.db)
2025-10-27 16:54:31,256 [INFO] ApiDb:668 - CubeFinder database Data Model version=2.1
2025-10-27 16:54:31,257 [INFO] ApiDb:669 - CubeFinder database Configuration version=3.0.39
2025-10-27 16:54:31,257 [INFO] ApiDb:670 - CubeFinder database generation date=2025-08-25 (1756130511)
2025-10-27 16:54:31,257 [INFO] ApiDb:671 - CubeFinder database FW Pack versions=[FP-ATR-ASTRA1_V2.0.0, FP-SNS-FLIGHT1_V5.1.0, FP-SNS-MOTENV1_V5.0.0, FP-SNS-MOTENVWB1_V1.4.0, FP-SNS-SMARTAG2_V1.2.0, FP-SNS-STBOX1_V2.1.0, STM32Cube_FW_C0_V1.4.0, STM32Cube_FW_F4_V1.28.3, STM32Cube_FW_F7_V1.17.4, STM32Cube_FW_G0_V1.6.2, STM32Cube_FW_G4_V1.6.1, STM32Cube_FW_H5_V1.5.0, STM32Cube_FW_H7RS_V1.2.0, STM32Cube_FW_H7_V1.12.1, STM32Cube_FW_L0_V1.12.2, STM32Cube_FW_L4_V1.18.1, STM32Cube_FW_L5_V1.5.1, STM32Cube_FW_N6_V1.2.0, STM32Cube_FW_U0_V1.3.0, STM32Cube_FW_U3_V1.2.0, STM32Cube_FW_U5_V1.8.0, STM32Cube_FW_WB0_V1.3.0, STM32Cube_FW_WBA_V1.7.0, STM32Cube_FW_WB_V1.23.0, STM32Cube_FW_WL3_V1.2.0, STM32Cube_FW_WL_V1.3.1, X-CUBE-ALGOBUILD_V1.4.0, X-CUBE-ALS_V1.0.2, X-CUBE-AZRTOS-F4_V1.1.0, X-CUBE-AZRTOS-F7_V1.1.0, X-CUBE-AZRTOS-G0_V1.1.0, X-CUBE-AZRTOS-G4_V2.0.0, X-CUBE-AZRTOS-H7RS_V1.1.0, X-CUBE-AZRTOS-H7_V3.4.0, X-CUBE-AZRTOS-L4_V2.0.0, X-CUBE-AZRTOS-L5_V2.0.0, X-CUBE-AZRTOS-WB_V2.0.0, X-CUBE-AZRTOS-WL_V2.0.0, X-CUBE-BLE1_V7.1.0, X-CUBE-BLE2_V3.3.0, X-CUBE-BLEMGR_V4.1.0, X-CUBE-EEPRMA1_V5.2.0, X-CUBE-FREERTOS_V1.3.1, X-CUBE-GNSS1_V6.0.0, X-CUBE-MEMS1_V11.3.0, X-CUBE-NFC4_V3.0.0, X-CUBE-NFC7_V2.0.0, X-CUBE-SFXS2LP1_V4.0.0, X-CUBE-ST67W61_V1.0.0, X-CUBE-SUBG2_V5.0.0, X-CUBE-TOF1_V3.4.3]
2025-10-27 16:54:31,500 [INFO] DbBoardsSqlite:226 - include board P-NUCLEO-WB55-NUCLEO as a kit item of type 'Nucleo-64'
2025-10-27 16:54:31,500 [INFO] DbBoardsSqlite:226 - include board P-NUCLEO-WB55-USBDONGLE as a kit item of type 'Nucleo USB Dongle'
2025-10-27 16:54:31,502 [INFO] DbBoardsSqlite:226 - include board STEVAL-IDP005V1 as a kit item of type 'Evaluation Board'
2025-10-27 16:54:31,503 [INFO] DbBoardsSqlite:226 - include board STEVAL-IDP005V2 as a kit item of type 'Evaluation Board'
2025-10-27 16:54:32,861 [INFO] ApiDb:240 - Found 895 in-development CPN: [B-G473E-ZEST1S, B-WB1M-WPAN1, B-WBA5M-WPAN, B-WL5M-SUBG1, NUCLEO-C031C6, NUCLEO-C051C8, NUCLEO-C071RB, NUCLEO-C092RC, NUCLEO-H503RB, NUCLEO-H533RE, NUCLEO-H563ZI, NUCLEO-H7S3L8, NUCLEO-N657X0-Q, NUCLEO-U031R8, NUCLEO-U083RC, NUCLEO-U385RG-Q, NUCLEO-U545RE-Q, NUCLEO-U5A5ZJ-Q, NUCLEO-WB05KZ, NUCLEO-WB07CC, NUCLEO-WB09KE, NUCLEO-WBA52CG, NUCLEO-WBA55CG, NUCLEO-WBA65RI, NUCLEO-WL33CC1, NUCLEO-WL33CC2, STEVAL-PROTEUS1, STEVAL-SMARTAG2, STEVAL-STWINBX1, STM320518-EVAL, STM32C0116-DK, STM32C011D6Y3TR, STM32C011D6Y6TR, STM32C011F4P3, STM32C011F4P6, STM32C011F4U3, STM32C011F4U6TR, STM32C011F6P3, STM32C011F6P6, STM32C011F6U3, STM32C011F6U6TR, STM32C011J4M3, STM32C011J4M6, STM32C011J6M3, STM32C011J6M6, STM32C0316-DK, STM32C031C4T3, STM32C031C4T6, STM32C031C4U3, STM32C031C4U6, STM32C031C6T3, STM32C031C6T6, STM32C031C6U3, STM32C031C6U6, STM32C031F4P3, STM32C031F4P6, STM32C031F6P3, STM32C031F6P6, STM32C031G4U3, STM32C031G4U6, STM32C031G6U3, STM32C031G6U6, STM32C031K4T3, STM32C031K4T6, STM32C031K4U3, STM32C031K4U6, STM32C031K6T3, STM32C031K6T6, STM32C031K6U3, STM32C031K6U6, STM32C051C6T6, STM32C051C6U6, STM32C051C8T6, STM32C051C8U6, STM32C051D8Y6TR, STM32C051F6P6, STM32C051F8P6, STM32C051G6U6, STM32C051G8U6, STM32C051K6T6, STM32C051K6U6, STM32C051K8T6, STM32C071C8T6, STM32C071C8T6N, STM32C071C8U6, STM32C071C8U6N, STM32C071CBT6, STM32C071CBT6N, STM32C071CBU6, STM32C071CBU6N, STM32C071F8P6, STM32C071F8P6N, STM32C071FBP6, STM32C071FBP6N, STM32C071FBY6TR, STM32C071G8U6, STM32C071G8U6N, STM32C071GBU6, STM32C071GBU6N, STM32C071K8T6, STM32C071K8T6N, STM32C071K8U6, STM32C071K8U6N, STM32C071KBT6, STM32C071KBT6N, STM32C071KBU6, STM32C071KBU6N, STM32C071R8T6, STM32C071R8T6N, STM32C071RBI6N, STM32C071RBT6, STM32C071RBT6N, STM32C091CBT6, STM32C091CBU6, STM32C091CCT6, STM32C091CCU6, STM32C091ECY6TR, STM32C091FBP6, STM32C091FCP6, STM32C091GBU6, STM32C091GCU6, STM32C091KBT6, STM32C091KBU6, STM32C091KCT6, STM32C091KCU6, STM32C091RBT6, STM32C091RCI6, STM32C091RCT6, STM32C092CBT6, STM32C092CBU6, STM32C092CCT6, STM32C092CCU6, STM32C092ECY6TR, STM32C092FBP6, STM32C092FCP6, STM32C092GBU6, STM32C092GCU6, STM32C092KBT6, STM32C092KBU6, STM32C092KCT6, STM32C092KCU6, STM32C092RBT6, STM32C092RCI6, STM32C092RCT6, STM32G071K8TXN, STM32G071K8UXN, STM32G081GBU6N, STM32G081KBT6N, STM32G081KBUXN, STM32G0B1CCT6N, STM32G0B1KCT6, STM32G0B1NEY6TR, STM32G0B1RCT6N, STM32G0C1CCT6, STM32G0C1CCT6N, STM32G0C1CCU6N, STM32G0C1CET6N, STM32G0C1CEU6N, STM32G0C1KCT6, STM32G0C1NEY6TR, STM32G0C1RCI6N, STM32G0C1RCT6N, STM32G0C1REI6N, STM32G0C1RET6N, STM32G0C1VCI6, STM32G0C1VEI6, STM32G411C6T3, STM32G411C6T6, STM32G411C6U3, STM32G411C6U6, STM32G411C8T3, STM32G411C8T6, STM32G411C8U3, STM32G411C8U6, STM32G411CBT3, STM32G411CBT6, STM32G411CBU3, STM32G411CBU6, STM32G411CCT3, STM32G411CCT6, STM32G411CCU3, STM32G411CCU6, STM32G411K6T3, STM32G411K6T6, STM32G411K6U3, STM32G411K6U6, STM32G411K8T3, STM32G411K8T6, STM32G411K8U3, STM32G411K8U6, STM32G411KBT3, STM32G411KBT6, STM32G411KBU3, STM32G411KBU6, STM32G411M6T3, STM32G411M6T6, STM32G411M8T3, STM32G411M8T6, STM32G411MBT3, STM32G411MBT6, STM32G411MCT3, STM32G411MCT6, STM32G411R6T3, STM32G411R6T6, STM32G411R8T3, STM32G411R8T6, STM32G411RBT3, STM32G411RBT6, STM32G411RCT3, STM32G411RCT6, STM32G414CBT3, STM32G414CBT6, STM32G414CBU3, STM32G414CBU6, STM32G414CCT3, STM32G414CCT6, STM32G414CCU3, STM32G414CCU6, STM32G414MBT3, STM32G414MBT6, STM32G414MCT3, STM32G414MCT6, STM32G414RBT3, STM32G414RBT6, STM32G414RCT3, STM32G414RCT6, STM32G414VBT3, STM32G414VBT6, STM32G414VCT3, STM32G414VCT6, STM32G431CBT3Z, STM32G431RBT3Z, STM32G471CCT6, STM32G471CCU6, STM32G471CET3, STM32G471CET6, STM32G471CEU3, STM32G471CEU6, STM32G471MCT6, STM32G471MET3, STM32G471MET6, STM32G471MEY6TR, STM32G471QCT6, STM32G471QET3, STM32G471RCT6, STM32G471RET3, STM32G471RET6, STM32G471VCH6, STM32G471VCI6, STM32G471VCT6, STM32G471VEH3, STM32G471VEH6, STM32G471VEI3, STM32G471VEI6, STM32G471VET3, STM32G471VET6, STM32G473QET3Z, STM32G473RET3Z, STM32G474CCT6, STM32G491RET3Z, STM32H503CBT6, STM32H503CBU6, STM32H503EBY6TR, STM32H503KBU6, STM32H503RBT6, STM32H523CCT6, STM32H523CCU6, STM32H523CET6, STM32H523CEU6, STM32H523HEY6TR, STM32H523RCT6, STM32H523RET6, STM32H523VCI6, STM32H523VCT6, STM32H523VEI6, STM32H523VET6, STM32H523ZCJ6, STM32H523ZCT6, STM32H523ZEJ6, STM32H523ZET6, STM32H533CET6, STM32H533CEU6, STM32H533HEY6TR, STM32H533RET6, STM32H533VEI6, STM32H533VET6, STM32H533ZEJ6, STM32H533ZET6, STM32H562AGI6, STM32H562AII6, STM32H562IGK6, STM32H562IGT6, STM32H562IIK6, STM32H562IIT6, STM32H562RGT6, STM32H562RGV6, STM32H562RIT6, STM32H562RIV6, STM32H562VGT6, STM32H562VIT6, STM32H562ZGT6, STM32H562ZIT6, STM32H563AGI6, STM32H563AII3Q, STM32H563AII6, STM32H563IGK6, STM32H563IGT6, STM32H563IIK3Q, STM32H563IIK6, STM32H563IIT3Q, STM32H563IIT6, STM32H563MIY3QTR, STM32H563RGT6, STM32H563RGV6, STM32H563RIT6, STM32H563RIV6, STM32H563VGT6, STM32H563VIT3Q, STM32H563VIT6, STM32H563ZGT6, STM32H563ZIT3Q, STM32H563ZIT6, STM32H573AII3Q, STM32H573AII6, STM32H573I-DK, STM32H573IIK3Q, STM32H573IIK6, STM32H573IIT3Q, STM32H573IIT6, STM32H573MIY3QTR, STM32H573RIT6, STM32H573RIV6, STM32H573VIT3Q, STM32H573VIT6, STM32H573ZIT3Q, STM32H573ZIT6, STM32H7R3A8I6, STM32H7R3I8K6, STM32H7R3I8T6, STM32H7R3L8H6, STM32H7R3L8H6H, STM32H7R3R8V6, STM32H7R3V8H6, STM32H7R3V8T6, STM32H7R3V8Y6TR, STM32H7R3Z8J6, STM32H7R3Z8T6, STM32H7R7A8I6, STM32H7R7I8K6, STM32H7R7I8T6, STM32H7R7L8H6, STM32H7R7L8H6H, STM32H7R7Z8J6, STM32H7S3A8I6, STM32H7S3I8K6, STM32H7S3I8T6, STM32H7S3L8H6, STM32H7S3L8H6H, STM32H7S3R8V6, STM32H7S3V8H6, STM32H7S3V8T6, STM32H7S3V8Y6TR, STM32H7S3Z8J6, STM32H7S3Z8T6, STM32H7S78-DK, STM32H7S7A8I6, STM32H7S7I8K6, STM32H7S7I8T6, STM32H7S7L8H6, STM32H7S7L8H6H, STM32H7S7Z8J6, STM32L4R5QGI6STR, STM32MP131AAE3, STM32MP131AAF3, STM32MP131AAG3, STM32MP131CAE3, STM32MP131CAF3, STM32MP131CAG3, STM32MP131DAE7, STM32MP131DAF7, STM32MP131DAG7, STM32MP131FAE7, STM32MP131FAF7, STM32MP131FAG7, STM32MP133AAE3, STM32MP133AAF3, STM32MP133AAG3, STM32MP133CAE3, STM32MP133CAF3, STM32MP133CAG3, STM32MP133DAE7, STM32MP133DAF7, STM32MP133DAG7, STM32MP133FAE7, STM32MP133FAF7, STM32MP133FAG7, STM32MP135AAE3, STM32MP135AAF3, STM32MP135AAG3, STM32MP135CAE3, STM32MP135CAF3, STM32MP135CAG3, STM32MP135DAE7, STM32MP135DAF7, STM32MP135DAG7, STM32MP135F-DK, STM32MP135FAE7, STM32MP135FAF7, STM32MP135FAF7T, STM32MP135FAF7U, STM32MP135FAG7, STM32MP231AAJ3, STM32MP231AAK3, STM32MP231AAL3, STM32MP231CAJ3, STM32MP231CAK3, STM32MP231CAL3, STM32MP231DAJ3, STM32MP231DAK3, STM32MP231DAL3, STM32MP231FAJ3, STM32MP231FAK3, STM32MP231FAL3, STM32MP233AAJ3, STM32MP233AAK3, STM32MP233AAL3, STM32MP233CAJ3, STM32MP233CAK3, STM32MP233CAL3, STM32MP233DAJ3, STM32MP233DAK3, STM32MP233DAL3, STM32MP233FAJ3, STM32MP233FAK3, STM32MP233FAL3, STM32MP235AAJ3, STM32MP235AAK3, STM32MP235AAL3, STM32MP235CAJ3, STM32MP235CAK3, STM32MP235CAL3, STM32MP235DAJ3, STM32MP235DAK3, STM32MP235DAL3, STM32MP235FAJ3, STM32MP235FAK3, STM32MP235FAL3, STM32MP251AAI3, STM32MP251AAJ3, STM32MP251AAK3, STM32MP251AAL3, STM32MP251CAI3, STM32MP251CAJ3, STM32MP251CAK3, STM32MP251CAL3, STM32MP251DAI3, STM32MP251DAJ3, STM32MP251DAK3, STM32MP251DAL3, STM32MP251FAI3, STM32MP251FAJ3, STM32MP251FAK3, STM32MP251FAL3, STM32MP253AAI3, STM32MP253AAJ3, STM32MP253AAK3, STM32MP253AAL3, STM32MP253CAI3, STM32MP253CAJ3, STM32MP253CAK3, STM32MP253CAL3, STM32MP253DAI3, STM32MP253DAJ3, STM32MP253DAK3, STM32MP253DAL3, STM32MP253FAI3, STM32MP253FAJ3, STM32MP253FAK3, STM32MP253FAL3, STM32MP255AAI3, STM32MP255AAJ3, STM32MP255AAK3, STM32MP255AAL3, STM32MP255CAI3, STM32MP255CAJ3, STM32MP255CAK3, STM32MP255CAL3, STM32MP255DAI3, STM32MP255DAJ3, STM32MP255DAK3, STM32MP255DAL3, STM32MP255FAI3, STM32MP255FAJ3, STM32MP255FAK3, STM32MP255FAL3, STM32MP257AAI3, STM32MP257AAJ3, STM32MP257AAK3, STM32MP257AAL3, STM32MP257CAI3, STM32MP257CAJ3, STM32MP257CAK3, STM32MP257CAL3, STM32MP257DAI3, STM32MP257DAJ3, STM32MP257DAK3, STM32MP257DAL3, STM32MP257F-DK, STM32MP257F-EV1, STM32MP257FAI3, STM32MP257FAJ3, STM32MP257FAK3, STM32MP257FAL3, STM32N645A0H3Q, STM32N645B0H3Q, STM32N645I0H3Q, STM32N645L0H3Q, STM32N645X0H3Q, STM32N645Z0H3Q, STM32N647A0H3Q, STM32N647B0H3Q, STM32N647I0H3Q, STM32N647L0H3Q, STM32N647X0H3Q, STM32N647Z0H3Q, STM32N655A0H3Q, STM32N655B0H3Q, STM32N655I0H3Q, STM32N655L0H3Q, STM32N655X0H3Q, STM32N655Z0H3Q, STM32N6570-DK, STM32N657A0H3Q, STM32N657B0H3Q, STM32N657I0H3Q, STM32N657L0H3Q, STM32N657X0H3Q, STM32N657Z0H3Q, STM32U031C6T6, STM32U031C6U6, STM32U031C8T6, STM32U031C8U6, STM32U031F4P6, STM32U031F6P6, STM32U031F8P6, STM32U031G6Y6TR, STM32U031G8Y6TR, STM32U031K4U6, STM32U031K6U6, STM32U031K8U6, STM32U031R6I6, STM32U031R6T6, STM32U031R8I6, STM32U031R8T6, STM32U073C8T6, STM32U073C8U6, STM32U073CBT6, STM32U073CBU6, STM32U073CCT6, STM32U073CCU6, STM32U073H8Y6TR, STM32U073HBY6TR, STM32U073HCY6TR, STM32U073K8U6, STM32U073KBU6, STM32U073KCU6, STM32U073M8I6, STM32U073M8T6, STM32U073MBI6, STM32U073MBT6, STM32U073MCI6, STM32U073MCT6, STM32U073R8I6, STM32U073R8T6, STM32U073RBI6, STM32U073RBT6, STM32U073RCI6, STM32U073RCT6, STM32U083C-DK, STM32U083CCT6, STM32U083CCU6, STM32U083HCY6TR, STM32U083KCU6, STM32U083MCI6, STM32U083MCT6, STM32U083RCI6, STM32U083RCT6, STM32U375CET6, STM32U375CET6Q, STM32U375CEU6, STM32U375CEU6Q, STM32U375CEY6QTR, STM32U375CGT6, STM32U375CGT6Q, STM32U375CGU6, STM32U375CGU6Q, STM32U375CGY6QTR, STM32U375KEU6, STM32U375KGU6, STM32U375REI6, STM32U375REI6Q, STM32U375RET6, STM32U375RET6Q, STM32U375REY6GTR, STM32U375REY6QTR, STM32U375RGI6, STM32U375RGI6Q, STM32U375RGT6, STM32U375RGT6Q, STM32U375RGY6GTR, STM32U375RGY6QTR, STM32U375VEI6, STM32U375VEI6Q, STM32U375VET6, STM32U375VET6Q, STM32U375VGI6, STM32U375VGI6Q, STM32U375VGT6, STM32U375VGT6Q, STM32U385CGT6, STM32U385CGT6Q, STM32U385CGU6, STM32U385CGU6Q, STM32U385CGY6QTR, STM32U385KGU6, STM32U385RGI6, STM32U385RGI6Q, STM32U385RGT6, STM32U385RGT6Q, STM32U385RGY6GTR, STM32U385RGY6QTR, STM32U385VGI6, STM32U385VGI6Q, STM32U385VGT6, STM32U385VGT6Q, STM32U535CBT6, STM32U535CBT6Q, STM32U535CBU6, STM32U535CBU6Q, STM32U535CCT6, STM32U535CCT6Q, STM32U535CCU6, STM32U535CCU6Q, STM32U535CET6, STM32U535CET6Q, STM32U535CEU6, STM32U535CEU6Q, STM32U535JEY6QTR, STM32U535NCY6QTR, STM32U535NEY6QTR, STM32U535RBI6, STM32U535RBI6Q, STM32U535RBT6, STM32U535RBT6Q, STM32U535RCI6, STM32U535RCI6Q, STM32U535RCT6, STM32U535RCT6Q, STM32U535REI6, STM32U535REI6Q, STM32U535RET6, STM32U535RET6Q, STM32U535VCI6, STM32U535VCI6Q, STM32U535VCT6, STM32U535VCT6Q, STM32U535VEI6, STM32U535VEI6Q, STM32U535VET6, STM32U535VET6Q, STM32U545CET6, STM32U545CET6Q, STM32U545CEU6, STM32U545CEU6Q, STM32U545JEY6QTR, STM32U545NEY6QTR, STM32U545REI6, STM32U545REI6Q, STM32U545RET6, STM32U545RET6Q, STM32U545VEI6, STM32U545VEI6Q, STM32U545VET6, STM32U545VET6Q, STM32U595AIH6, STM32U595AIH6Q, STM32U595AJH6, STM32U595AJH6Q, STM32U595QII6, STM32U595QII6Q, STM32U595QJI6, STM32U595QJI6Q, STM32U595RIT6, STM32U595RIT6Q, STM32U595RJT6, STM32U595RJT6Q, STM32U595VIT6, STM32U595VIT6Q, STM32U595VJT6, STM32U595VJT6Q, STM32U595ZIT6, STM32U595ZIT6Q, STM32U595ZIY6QTR, STM32U595ZJT6, STM32U595ZJT6Q, STM32U595ZJY6QTR, STM32U599BJY6QTR, STM32U599NIH6Q, STM32U599NJH6Q, STM32U599VIT6Q, STM32U599VJT6, STM32U599VJT6Q, STM32U599ZIT6Q, STM32U599ZIY6QTR, STM32U599ZJT6Q, STM32U599ZJY6QTR, STM32U5A5AJH6, STM32U5A5AJH6Q, STM32U5A5QII3Q , STM32U5A5QJI6, STM32U5A5QJI6Q, STM32U5A5RJT6, STM32U5A5RJT6Q, STM32U5A5VJT6, STM32U5A5VJT6Q, STM32U5A5ZJT6, STM32U5A5ZJT6Q, STM32U5A5ZJY6QTR, STM32U5A9BJY6QTR, STM32U5A9J-DK, STM32U5A9NJH6Q, STM32U5A9VJT6Q, STM32U5A9ZJT6Q, STM32U5A9ZJY6QTR, STM32U5F7VIT6, STM32U5F7VIT6Q, STM32U5F7VJT6, STM32U5F7VJT6Q, STM32U5F9BJY6QTR, STM32U5F9NJH6Q, STM32U5F9VIT6Q, STM32U5F9VJT6Q, STM32U5F9ZIJ6QTR, STM32U5F9ZIT6Q, STM32U5F9ZJJ6QTR, STM32U5F9ZJT6Q, STM32U5G7VJT6, STM32U5G7VJT6Q, STM32U5G9BJY6QTR, STM32U5G9J-DK1, STM32U5G9J-DK2, STM32U5G9NJH6Q, STM32U5G9VJT6Q, STM32U5G9ZJJ6QTR, STM32U5G9ZJT6Q, STM32WB05KZV6TR, STM32WB05KZV7TR, STM32WB05TZF6TR, STM32WB05TZF7TR, STM32WB06CCF6TR, STM32WB06CCF7TR, STM32WB06CCV6TR, STM32WB06CCV7TR, STM32WB06KCV6TR, STM32WB06KCV7TR, STM32WB07CCF6TR, STM32WB07CCF7TR, STM32WB07CCV6TR, STM32WB07CCV7TR, STM32WB07KCV6TR, STM32WB07KCV7TR, STM32WB09KEV6TR, STM32WB09KEV7TR, STM32WB09TEF6TR, STM32WB09TEF7TR, STM32WB1MMCH6, STM32WBA50KGU6, STM32WBA50KGU6TR, STM32WBA52CEU6, STM32WBA52CEU6TR, STM32WBA52CEU7, STM32WBA52CEU7TR, STM32WBA52CGU6, STM32WBA52CGU6TR, STM32WBA52CGU6U, STM32WBA52CGU7, STM32WBA52CGU7TR, STM32WBA52KEU6, STM32WBA52KEU6TR, STM32WBA52KGU6, STM32WBA52KGU6TR, STM32WBA54CEU6, STM32WBA54CEU6TR, STM32WBA54CEU7, STM32WBA54CEU7TR, STM32WBA54CGU6, STM32WBA54CGU6TR, STM32WBA54CGU7, STM32WBA54CGU7TR, STM32WBA54KEU6, STM32WBA54KEU6TR, STM32WBA54KEU7, STM32WBA54KEU7TR, STM32WBA54KGU6, STM32WBA54KGU6TR, STM32WBA54KGU7, STM32WBA54KGU7TR, STM32WBA55CEU6, STM32WBA55CEU6TR, STM32WBA55CEU7, STM32WBA55CEU7TR, STM32WBA55CGU6, STM32WBA55CGU6TR, STM32WBA55CGU6U, STM32WBA55CGU7, STM32WBA55CGU7TR, STM32WBA55G-DK1, STM32WBA55HEF6, STM32WBA55HEF7, STM32WBA55HGF6, STM32WBA55HGF7, STM32WBA55UEI6, STM32WBA55UEI6TR, STM32WBA55UEI7, STM32WBA55UEI7TR, STM32WBA55UGI6, STM32WBA55UGI6TR, STM32WBA55UGI7, STM32WBA55UGI7TR, STM32WBA5MJGH6TR, STM32WBA62CGU6, STM32WBA62CIU6, STM32WBA62MGF6, STM32WBA62MIF6, STM32WBA62PGI6, STM32WBA62PII6, STM32WBA63CGU6, STM32WBA63CGU7, STM32WBA63CIU6, STM32WBA63CIU7, STM32WBA64CGU6, STM32WBA64CGU7, STM32WBA64CIU6, STM32WBA64CIU7, STM32WBA65CGU6, STM32WBA65CGU7, STM32WBA65CIU6, STM32WBA65CIU7, STM32WBA65I-DK1, STM32WBA65MGF6, STM32WBA65MGF7, STM32WBA65MIF6, STM32WBA65MIF7, STM32WBA65PGI6, STM32WBA65PGI7, STM32WBA65PII6, STM32WBA65PII7, STM32WBA65RGV6, STM32WBA65RGV7, STM32WBA65RIV6, STM32WBA65RIV7, STM32WL30K8V6, STM32WL30KBV6, STM32WL31C8V6, STM32WL31CBV6, STM32WL31K8V6, STM32WL31KBV6, STM32WL33C8V6, STM32WL33C8V6TR, STM32WL33C8V7, STM32WL33C8V7TR, STM32WL33CBV6, STM32WL33CBV6TR, STM32WL33CBV7, STM32WL33CBV7TR, STM32WL33CCV6, STM32WL33CCV6TR, STM32WL33CCV7, STM32WL33CCV7A, STM32WL33CCV7ATR, STM32WL33CCV7TR, STM32WL33K8V6, STM32WL33K8V6TR, STM32WL33K8V7, STM32WL33K8V7TR, STM32WL33KBV6, STM32WL33KBV6TR, STM32WL33KBV7, STM32WL33KBV7TR, STM32WL33KCV6, STM32WL33KCV6TR, STM32WL33KCV7, STM32WL33KCV7TR, STM32WL5MOCH6, STM32WL5MOCH6TR]
2025-10-27 16:54:32,869 [INFO] ApiDb:668 - CubeFinder database Data Model version=2.1
2025-10-27 16:54:32,869 [INFO] ApiDb:669 - CubeFinder database Configuration version=3.0.39
2025-10-27 16:54:32,869 [INFO] ApiDb:670 - CubeFinder database generation date=2025-08-25 (1756130511)
2025-10-27 16:54:32,869 [INFO] ApiDb:671 - CubeFinder database FW Pack versions=[FP-ATR-ASTRA1_V2.0.0, FP-SNS-FLIGHT1_V5.1.0, FP-SNS-MOTENV1_V5.0.0, FP-SNS-MOTENVWB1_V1.4.0, FP-SNS-SMARTAG2_V1.2.0, FP-SNS-STBOX1_V2.1.0, STM32Cube_FW_C0_V1.4.0, STM32Cube_FW_F4_V1.28.3, STM32Cube_FW_F7_V1.17.4, STM32Cube_FW_G0_V1.6.2, STM32Cube_FW_G4_V1.6.1, STM32Cube_FW_H5_V1.5.0, STM32Cube_FW_H7RS_V1.2.0, STM32Cube_FW_H7_V1.12.1, STM32Cube_FW_L0_V1.12.2, STM32Cube_FW_L4_V1.18.1, STM32Cube_FW_L5_V1.5.1, STM32Cube_FW_N6_V1.2.0, STM32Cube_FW_U0_V1.3.0, STM32Cube_FW_U3_V1.2.0, STM32Cube_FW_U5_V1.8.0, STM32Cube_FW_WB0_V1.3.0, STM32Cube_FW_WBA_V1.7.0, STM32Cube_FW_WB_V1.23.0, STM32Cube_FW_WL3_V1.2.0, STM32Cube_FW_WL_V1.3.1, X-CUBE-ALGOBUILD_V1.4.0, X-CUBE-ALS_V1.0.2, X-CUBE-AZRTOS-F4_V1.1.0, X-CUBE-AZRTOS-F7_V1.1.0, X-CUBE-AZRTOS-G0_V1.1.0, X-CUBE-AZRTOS-G4_V2.0.0, X-CUBE-AZRTOS-H7RS_V1.1.0, X-CUBE-AZRTOS-H7_V3.4.0, X-CUBE-AZRTOS-L4_V2.0.0, X-CUBE-AZRTOS-L5_V2.0.0, X-CUBE-AZRTOS-WB_V2.0.0, X-CUBE-AZRTOS-WL_V2.0.0, X-CUBE-BLE1_V7.1.0, X-CUBE-BLE2_V3.3.0, X-CUBE-BLEMGR_V4.1.0, X-CUBE-EEPRMA1_V5.2.0, X-CUBE-FREERTOS_V1.3.1, X-CUBE-GNSS1_V6.0.0, X-CUBE-MEMS1_V11.3.0, X-CUBE-NFC4_V3.0.0, X-CUBE-NFC7_V2.0.0, X-CUBE-SFXS2LP1_V4.0.0, X-CUBE-ST67W61_V1.0.0, X-CUBE-SUBG2_V5.0.0, X-CUBE-TOF1_V3.4.3]
2025-10-27 16:54:36,523 [INFO] ApiDb:240 - Found 895 in-development CPN: [B-G473E-ZEST1S, B-WB1M-WPAN1, B-WBA5M-WPAN, B-WL5M-SUBG1, NUCLEO-C031C6, NUCLEO-C051C8, NUCLEO-C071RB, NUCLEO-C092RC, NUCLEO-H503RB, NUCLEO-H533RE, NUCLEO-H563ZI, NUCLEO-H7S3L8, NUCLEO-N657X0-Q, NUCLEO-U031R8, NUCLEO-U083RC, NUCLEO-U385RG-Q, NUCLEO-U545RE-Q, NUCLEO-U5A5ZJ-Q, NUCLEO-WB05KZ, NUCLEO-WB07CC, NUCLEO-WB09KE, NUCLEO-WBA52CG, NUCLEO-WBA55CG, NUCLEO-WBA65RI, NUCLEO-WL33CC1, NUCLEO-WL33CC2, STEVAL-PROTEUS1, STEVAL-SMARTAG2, STEVAL-STWINBX1, STM320518-EVAL, STM32C0116-DK, STM32C011D6Y3TR, STM32C011D6Y6TR, STM32C011F4P3, STM32C011F4P6, STM32C011F4U3, STM32C011F4U6TR, STM32C011F6P3, STM32C011F6P6, STM32C011F6U3, STM32C011F6U6TR, STM32C011J4M3, STM32C011J4M6, STM32C011J6M3, STM32C011J6M6, STM32C0316-DK, STM32C031C4T3, STM32C031C4T6, STM32C031C4U3, STM32C031C4U6, STM32C031C6T3, STM32C031C6T6, STM32C031C6U3, STM32C031C6U6, STM32C031F4P3, STM32C031F4P6, STM32C031F6P3, STM32C031F6P6, STM32C031G4U3, STM32C031G4U6, STM32C031G6U3, STM32C031G6U6, STM32C031K4T3, STM32C031K4T6, STM32C031K4U3, STM32C031K4U6, STM32C031K6T3, STM32C031K6T6, STM32C031K6U3, STM32C031K6U6, STM32C051C6T6, STM32C051C6U6, STM32C051C8T6, STM32C051C8U6, STM32C051D8Y6TR, STM32C051F6P6, STM32C051F8P6, STM32C051G6U6, STM32C051G8U6, STM32C051K6T6, STM32C051K6U6, STM32C051K8T6, STM32C071C8T6, STM32C071C8T6N, STM32C071C8U6, STM32C071C8U6N, STM32C071CBT6, STM32C071CBT6N, STM32C071CBU6, STM32C071CBU6N, STM32C071F8P6, STM32C071F8P6N, STM32C071FBP6, STM32C071FBP6N, STM32C071FBY6TR, STM32C071G8U6, STM32C071G8U6N, STM32C071GBU6, STM32C071GBU6N, STM32C071K8T6, STM32C071K8T6N, STM32C071K8U6, STM32C071K8U6N, STM32C071KBT6, STM32C071KBT6N, STM32C071KBU6, STM32C071KBU6N, STM32C071R8T6, STM32C071R8T6N, STM32C071RBI6N, STM32C071RBT6, STM32C071RBT6N, STM32C091CBT6, STM32C091CBU6, STM32C091CCT6, STM32C091CCU6, STM32C091ECY6TR, STM32C091FBP6, STM32C091FCP6, STM32C091GBU6, STM32C091GCU6, STM32C091KBT6, STM32C091KBU6, STM32C091KCT6, STM32C091KCU6, STM32C091RBT6, STM32C091RCI6, STM32C091RCT6, STM32C092CBT6, STM32C092CBU6, STM32C092CCT6, STM32C092CCU6, STM32C092ECY6TR, STM32C092FBP6, STM32C092FCP6, STM32C092GBU6, STM32C092GCU6, STM32C092KBT6, STM32C092KBU6, STM32C092KCT6, STM32C092KCU6, STM32C092RBT6, STM32C092RCI6, STM32C092RCT6, STM32G071K8TXN, STM32G071K8UXN, STM32G081GBU6N, STM32G081KBT6N, STM32G081KBUXN, STM32G0B1CCT6N, STM32G0B1KCT6, STM32G0B1NEY6TR, STM32G0B1RCT6N, STM32G0C1CCT6, STM32G0C1CCT6N, STM32G0C1CCU6N, STM32G0C1CET6N, STM32G0C1CEU6N, STM32G0C1KCT6, STM32G0C1NEY6TR, STM32G0C1RCI6N, STM32G0C1RCT6N, STM32G0C1REI6N, STM32G0C1RET6N, STM32G0C1VCI6, STM32G0C1VEI6, STM32G411C6T3, STM32G411C6T6, STM32G411C6U3, STM32G411C6U6, STM32G411C8T3, STM32G411C8T6, STM32G411C8U3, STM32G411C8U6, STM32G411CBT3, STM32G411CBT6, STM32G411CBU3, STM32G411CBU6, STM32G411CCT3, STM32G411CCT6, STM32G411CCU3, STM32G411CCU6, STM32G411K6T3, STM32G411K6T6, STM32G411K6U3, STM32G411K6U6, STM32G411K8T3, STM32G411K8T6, STM32G411K8U3, STM32G411K8U6, STM32G411KBT3, STM32G411KBT6, STM32G411KBU3, STM32G411KBU6, STM32G411M6T3, STM32G411M6T6, STM32G411M8T3, STM32G411M8T6, STM32G411MBT3, STM32G411MBT6, STM32G411MCT3, STM32G411MCT6, STM32G411R6T3, STM32G411R6T6, STM32G411R8T3, STM32G411R8T6, STM32G411RBT3, STM32G411RBT6, STM32G411RCT3, STM32G411RCT6, STM32G414CBT3, STM32G414CBT6, STM32G414CBU3, STM32G414CBU6, STM32G414CCT3, STM32G414CCT6, STM32G414CCU3, STM32G414CCU6, STM32G414MBT3, STM32G414MBT6, STM32G414MCT3, STM32G414MCT6, STM32G414RBT3, STM32G414RBT6, STM32G414RCT3, STM32G414RCT6, STM32G414VBT3, STM32G414VBT6, STM32G414VCT3, STM32G414VCT6, STM32G431CBT3Z, STM32G431RBT3Z, STM32G471CCT6, STM32G471CCU6, STM32G471CET3, STM32G471CET6, STM32G471CEU3, STM32G471CEU6, STM32G471MCT6, STM32G471MET3, STM32G471MET6, STM32G471MEY6TR, STM32G471QCT6, STM32G471QET3, STM32G471RCT6, STM32G471RET3, STM32G471RET6, STM32G471VCH6, STM32G471VCI6, STM32G471VCT6, STM32G471VEH3, STM32G471VEH6, STM32G471VEI3, STM32G471VEI6, STM32G471VET3, STM32G471VET6, STM32G473QET3Z, STM32G473RET3Z, STM32G474CCT6, STM32G491RET3Z, STM32H503CBT6, STM32H503CBU6, STM32H503EBY6TR, STM32H503KBU6, STM32H503RBT6, STM32H523CCT6, STM32H523CCU6, STM32H523CET6, STM32H523CEU6, STM32H523HEY6TR, STM32H523RCT6, STM32H523RET6, STM32H523VCI6, STM32H523VCT6, STM32H523VEI6, STM32H523VET6, STM32H523ZCJ6, STM32H523ZCT6, STM32H523ZEJ6, STM32H523ZET6, STM32H533CET6, STM32H533CEU6, STM32H533HEY6TR, STM32H533RET6, STM32H533VEI6, STM32H533VET6, STM32H533ZEJ6, STM32H533ZET6, STM32H562AGI6, STM32H562AII6, STM32H562IGK6, STM32H562IGT6, STM32H562IIK6, STM32H562IIT6, STM32H562RGT6, STM32H562RGV6, STM32H562RIT6, STM32H562RIV6, STM32H562VGT6, STM32H562VIT6, STM32H562ZGT6, STM32H562ZIT6, STM32H563AGI6, STM32H563AII3Q, STM32H563AII6, STM32H563IGK6, STM32H563IGT6, STM32H563IIK3Q, STM32H563IIK6, STM32H563IIT3Q, STM32H563IIT6, STM32H563MIY3QTR, STM32H563RGT6, STM32H563RGV6, STM32H563RIT6, STM32H563RIV6, STM32H563VGT6, STM32H563VIT3Q, STM32H563VIT6, STM32H563ZGT6, STM32H563ZIT3Q, STM32H563ZIT6, STM32H573AII3Q, STM32H573AII6, STM32H573I-DK, STM32H573IIK3Q, STM32H573IIK6, STM32H573IIT3Q, STM32H573IIT6, STM32H573MIY3QTR, STM32H573RIT6, STM32H573RIV6, STM32H573VIT3Q, STM32H573VIT6, STM32H573ZIT3Q, STM32H573ZIT6, STM32H7R3A8I6, STM32H7R3I8K6, STM32H7R3I8T6, STM32H7R3L8H6, STM32H7R3L8H6H, STM32H7R3R8V6, STM32H7R3V8H6, STM32H7R3V8T6, STM32H7R3V8Y6TR, STM32H7R3Z8J6, STM32H7R3Z8T6, STM32H7R7A8I6, STM32H7R7I8K6, STM32H7R7I8T6, STM32H7R7L8H6, STM32H7R7L8H6H, STM32H7R7Z8J6, STM32H7S3A8I6, STM32H7S3I8K6, STM32H7S3I8T6, STM32H7S3L8H6, STM32H7S3L8H6H, STM32H7S3R8V6, STM32H7S3V8H6, STM32H7S3V8T6, STM32H7S3V8Y6TR, STM32H7S3Z8J6, STM32H7S3Z8T6, STM32H7S78-DK, STM32H7S7A8I6, STM32H7S7I8K6, STM32H7S7I8T6, STM32H7S7L8H6, STM32H7S7L8H6H, STM32H7S7Z8J6, STM32L4R5QGI6STR, STM32MP131AAE3, STM32MP131AAF3, STM32MP131AAG3, STM32MP131CAE3, STM32MP131CAF3, STM32MP131CAG3, STM32MP131DAE7, STM32MP131DAF7, STM32MP131DAG7, STM32MP131FAE7, STM32MP131FAF7, STM32MP131FAG7, STM32MP133AAE3, STM32MP133AAF3, STM32MP133AAG3, STM32MP133CAE3, STM32MP133CAF3, STM32MP133CAG3, STM32MP133DAE7, STM32MP133DAF7, STM32MP133DAG7, STM32MP133FAE7, STM32MP133FAF7, STM32MP133FAG7, STM32MP135AAE3, STM32MP135AAF3, STM32MP135AAG3, STM32MP135CAE3, STM32MP135CAF3, STM32MP135CAG3, STM32MP135DAE7, STM32MP135DAF7, STM32MP135DAG7, STM32MP135F-DK, STM32MP135FAE7, STM32MP135FAF7, STM32MP135FAF7T, STM32MP135FAF7U, STM32MP135FAG7, STM32MP231AAJ3, STM32MP231AAK3, STM32MP231AAL3, STM32MP231CAJ3, STM32MP231CAK3, STM32MP231CAL3, STM32MP231DAJ3, STM32MP231DAK3, STM32MP231DAL3, STM32MP231FAJ3, STM32MP231FAK3, STM32MP231FAL3, STM32MP233AAJ3, STM32MP233AAK3, STM32MP233AAL3, STM32MP233CAJ3, STM32MP233CAK3, STM32MP233CAL3, STM32MP233DAJ3, STM32MP233DAK3, STM32MP233DAL3, STM32MP233FAJ3, STM32MP233FAK3, STM32MP233FAL3, STM32MP235AAJ3, STM32MP235AAK3, STM32MP235AAL3, STM32MP235CAJ3, STM32MP235CAK3, STM32MP235CAL3, STM32MP235DAJ3, STM32MP235DAK3, STM32MP235DAL3, STM32MP235FAJ3, STM32MP235FAK3, STM32MP235FAL3, STM32MP251AAI3, STM32MP251AAJ3, STM32MP251AAK3, STM32MP251AAL3, STM32MP251CAI3, STM32MP251CAJ3, STM32MP251CAK3, STM32MP251CAL3, STM32MP251DAI3, STM32MP251DAJ3, STM32MP251DAK3, STM32MP251DAL3, STM32MP251FAI3, STM32MP251FAJ3, STM32MP251FAK3, STM32MP251FAL3, STM32MP253AAI3, STM32MP253AAJ3, STM32MP253AAK3, STM32MP253AAL3, STM32MP253CAI3, STM32MP253CAJ3, STM32MP253CAK3, STM32MP253CAL3, STM32MP253DAI3, STM32MP253DAJ3, STM32MP253DAK3, STM32MP253DAL3, STM32MP253FAI3, STM32MP253FAJ3, STM32MP253FAK3, STM32MP253FAL3, STM32MP255AAI3, STM32MP255AAJ3, STM32MP255AAK3, STM32MP255AAL3, STM32MP255CAI3, STM32MP255CAJ3, STM32MP255CAK3, STM32MP255CAL3, STM32MP255DAI3, STM32MP255DAJ3, STM32MP255DAK3, STM32MP255DAL3, STM32MP255FAI3, STM32MP255FAJ3, STM32MP255FAK3, STM32MP255FAL3, STM32MP257AAI3, STM32MP257AAJ3, STM32MP257AAK3, STM32MP257AAL3, STM32MP257CAI3, STM32MP257CAJ3, STM32MP257CAK3, STM32MP257CAL3, STM32MP257DAI3, STM32MP257DAJ3, STM32MP257DAK3, STM32MP257DAL3, STM32MP257F-DK, STM32MP257F-EV1, STM32MP257FAI3, STM32MP257FAJ3, STM32MP257FAK3, STM32MP257FAL3, STM32N645A0H3Q, STM32N645B0H3Q, STM32N645I0H3Q, STM32N645L0H3Q, STM32N645X0H3Q, STM32N645Z0H3Q, STM32N647A0H3Q, STM32N647B0H3Q, STM32N647I0H3Q, STM32N647L0H3Q, STM32N647X0H3Q, STM32N647Z0H3Q, STM32N655A0H3Q, STM32N655B0H3Q, STM32N655I0H3Q, STM32N655L0H3Q, STM32N655X0H3Q, STM32N655Z0H3Q, STM32N6570-DK, STM32N657A0H3Q, STM32N657B0H3Q, STM32N657I0H3Q, STM32N657L0H3Q, STM32N657X0H3Q, STM32N657Z0H3Q, STM32U031C6T6, STM32U031C6U6, STM32U031C8T6, STM32U031C8U6, STM32U031F4P6, STM32U031F6P6, STM32U031F8P6, STM32U031G6Y6TR, STM32U031G8Y6TR, STM32U031K4U6, STM32U031K6U6, STM32U031K8U6, STM32U031R6I6, STM32U031R6T6, STM32U031R8I6, STM32U031R8T6, STM32U073C8T6, STM32U073C8U6, STM32U073CBT6, STM32U073CBU6, STM32U073CCT6, STM32U073CCU6, STM32U073H8Y6TR, STM32U073HBY6TR, STM32U073HCY6TR, STM32U073K8U6, STM32U073KBU6, STM32U073KCU6, STM32U073M8I6, STM32U073M8T6, STM32U073MBI6, STM32U073MBT6, STM32U073MCI6, STM32U073MCT6, STM32U073R8I6, STM32U073R8T6, STM32U073RBI6, STM32U073RBT6, STM32U073RCI6, STM32U073RCT6, STM32U083C-DK, STM32U083CCT6, STM32U083CCU6, STM32U083HCY6TR, STM32U083KCU6, STM32U083MCI6, STM32U083MCT6, STM32U083RCI6, STM32U083RCT6, STM32U375CET6, STM32U375CET6Q, STM32U375CEU6, STM32U375CEU6Q, STM32U375CEY6QTR, STM32U375CGT6, STM32U375CGT6Q, STM32U375CGU6, STM32U375CGU6Q, STM32U375CGY6QTR, STM32U375KEU6, STM32U375KGU6, STM32U375REI6, STM32U375REI6Q, STM32U375RET6, STM32U375RET6Q, STM32U375REY6GTR, STM32U375REY6QTR, STM32U375RGI6, STM32U375RGI6Q, STM32U375RGT6, STM32U375RGT6Q, STM32U375RGY6GTR, STM32U375RGY6QTR, STM32U375VEI6, STM32U375VEI6Q, STM32U375VET6, STM32U375VET6Q, STM32U375VGI6, STM32U375VGI6Q, STM32U375VGT6, STM32U375VGT6Q, STM32U385CGT6, STM32U385CGT6Q, STM32U385CGU6, STM32U385CGU6Q, STM32U385CGY6QTR, STM32U385KGU6, STM32U385RGI6, STM32U385RGI6Q, STM32U385RGT6, STM32U385RGT6Q, STM32U385RGY6GTR, STM32U385RGY6QTR, STM32U385VGI6, STM32U385VGI6Q, STM32U385VGT6, STM32U385VGT6Q, STM32U535CBT6, STM32U535CBT6Q, STM32U535CBU6, STM32U535CBU6Q, STM32U535CCT6, STM32U535CCT6Q, STM32U535CCU6, STM32U535CCU6Q, STM32U535CET6, STM32U535CET6Q, STM32U535CEU6, STM32U535CEU6Q, STM32U535JEY6QTR, STM32U535NCY6QTR, STM32U535NEY6QTR, STM32U535RBI6, STM32U535RBI6Q, STM32U535RBT6, STM32U535RBT6Q, STM32U535RCI6, STM32U535RCI6Q, STM32U535RCT6, STM32U535RCT6Q, STM32U535REI6, STM32U535REI6Q, STM32U535RET6, STM32U535RET6Q, STM32U535VCI6, STM32U535VCI6Q, STM32U535VCT6, STM32U535VCT6Q, STM32U535VEI6, STM32U535VEI6Q, STM32U535VET6, STM32U535VET6Q, STM32U545CET6, STM32U545CET6Q, STM32U545CEU6, STM32U545CEU6Q, STM32U545JEY6QTR, STM32U545NEY6QTR, STM32U545REI6, STM32U545REI6Q, STM32U545RET6, STM32U545RET6Q, STM32U545VEI6, STM32U545VEI6Q, STM32U545VET6, STM32U545VET6Q, STM32U595AIH6, STM32U595AIH6Q, STM32U595AJH6, STM32U595AJH6Q, STM32U595QII6, STM32U595QII6Q, STM32U595QJI6, STM32U595QJI6Q, STM32U595RIT6, STM32U595RIT6Q, STM32U595RJT6, STM32U595RJT6Q, STM32U595VIT6, STM32U595VIT6Q, STM32U595VJT6, STM32U595VJT6Q, STM32U595ZIT6, STM32U595ZIT6Q, STM32U595ZIY6QTR, STM32U595ZJT6, STM32U595ZJT6Q, STM32U595ZJY6QTR, STM32U599BJY6QTR, STM32U599NIH6Q, STM32U599NJH6Q, STM32U599VIT6Q, STM32U599VJT6, STM32U599VJT6Q, STM32U599ZIT6Q, STM32U599ZIY6QTR, STM32U599ZJT6Q, STM32U599ZJY6QTR, STM32U5A5AJH6, STM32U5A5AJH6Q, STM32U5A5QII3Q , STM32U5A5QJI6, STM32U5A5QJI6Q, STM32U5A5RJT6, STM32U5A5RJT6Q, STM32U5A5VJT6, STM32U5A5VJT6Q, STM32U5A5ZJT6, STM32U5A5ZJT6Q, STM32U5A5ZJY6QTR, STM32U5A9BJY6QTR, STM32U5A9J-DK, STM32U5A9NJH6Q, STM32U5A9VJT6Q, STM32U5A9ZJT6Q, STM32U5A9ZJY6QTR, STM32U5F7VIT6, STM32U5F7VIT6Q, STM32U5F7VJT6, STM32U5F7VJT6Q, STM32U5F9BJY6QTR, STM32U5F9NJH6Q, STM32U5F9VIT6Q, STM32U5F9VJT6Q, STM32U5F9ZIJ6QTR, STM32U5F9ZIT6Q, STM32U5F9ZJJ6QTR, STM32U5F9ZJT6Q, STM32U5G7VJT6, STM32U5G7VJT6Q, STM32U5G9BJY6QTR, STM32U5G9J-DK1, STM32U5G9J-DK2, STM32U5G9NJH6Q, STM32U5G9VJT6Q, STM32U5G9ZJJ6QTR, STM32U5G9ZJT6Q, STM32WB05KZV6TR, STM32WB05KZV7TR, STM32WB05TZF6TR, STM32WB05TZF7TR, STM32WB06CCF6TR, STM32WB06CCF7TR, STM32WB06CCV6TR, STM32WB06CCV7TR, STM32WB06KCV6TR, STM32WB06KCV7TR, STM32WB07CCF6TR, STM32WB07CCF7TR, STM32WB07CCV6TR, STM32WB07CCV7TR, STM32WB07KCV6TR, STM32WB07KCV7TR, STM32WB09KEV6TR, STM32WB09KEV7TR, STM32WB09TEF6TR, STM32WB09TEF7TR, STM32WB1MMCH6, STM32WBA50KGU6, STM32WBA50KGU6TR, STM32WBA52CEU6, STM32WBA52CEU6TR, STM32WBA52CEU7, STM32WBA52CEU7TR, STM32WBA52CGU6, STM32WBA52CGU6TR, STM32WBA52CGU6U, STM32WBA52CGU7, STM32WBA52CGU7TR, STM32WBA52KEU6, STM32WBA52KEU6TR, STM32WBA52KGU6, STM32WBA52KGU6TR, STM32WBA54CEU6, STM32WBA54CEU6TR, STM32WBA54CEU7, STM32WBA54CEU7TR, STM32WBA54CGU6, STM32WBA54CGU6TR, STM32WBA54CGU7, STM32WBA54CGU7TR, STM32WBA54KEU6, STM32WBA54KEU6TR, STM32WBA54KEU7, STM32WBA54KEU7TR, STM32WBA54KGU6, STM32WBA54KGU6TR, STM32WBA54KGU7, STM32WBA54KGU7TR, STM32WBA55CEU6, STM32WBA55CEU6TR, STM32WBA55CEU7, STM32WBA55CEU7TR, STM32WBA55CGU6, STM32WBA55CGU6TR, STM32WBA55CGU6U, STM32WBA55CGU7, STM32WBA55CGU7TR, STM32WBA55G-DK1, STM32WBA55HEF6, STM32WBA55HEF7, STM32WBA55HGF6, STM32WBA55HGF7, STM32WBA55UEI6, STM32WBA55UEI6TR, STM32WBA55UEI7, STM32WBA55UEI7TR, STM32WBA55UGI6, STM32WBA55UGI6TR, STM32WBA55UGI7, STM32WBA55UGI7TR, STM32WBA5MJGH6TR, STM32WBA62CGU6, STM32WBA62CIU6, STM32WBA62MGF6, STM32WBA62MIF6, STM32WBA62PGI6, STM32WBA62PII6, STM32WBA63CGU6, STM32WBA63CGU7, STM32WBA63CIU6, STM32WBA63CIU7, STM32WBA64CGU6, STM32WBA64CGU7, STM32WBA64CIU6, STM32WBA64CIU7, STM32WBA65CGU6, STM32WBA65CGU7, STM32WBA65CIU6, STM32WBA65CIU7, STM32WBA65I-DK1, STM32WBA65MGF6, STM32WBA65MGF7, STM32WBA65MIF6, STM32WBA65MIF7, STM32WBA65PGI6, STM32WBA65PGI7, STM32WBA65PII6, STM32WBA65PII7, STM32WBA65RGV6, STM32WBA65RGV7, STM32WBA65RIV6, STM32WBA65RIV7, STM32WL30K8V6, STM32WL30KBV6, STM32WL31C8V6, STM32WL31CBV6, STM32WL31K8V6, STM32WL31KBV6, STM32WL33C8V6, STM32WL33C8V6TR, STM32WL33C8V7, STM32WL33C8V7TR, STM32WL33CBV6, STM32WL33CBV6TR, STM32WL33CBV7, STM32WL33CBV7TR, STM32WL33CCV6, STM32WL33CCV6TR, STM32WL33CCV7, STM32WL33CCV7A, STM32WL33CCV7ATR, STM32WL33CCV7TR, STM32WL33K8V6, STM32WL33K8V6TR, STM32WL33K8V7, STM32WL33K8V7TR, STM32WL33KBV6, STM32WL33KBV6TR, STM32WL33KBV7, STM32WL33KBV7TR, STM32WL33KCV6, STM32WL33KCV6TR, STM32WL33KCV7, STM32WL33KCV7TR, STM32WL5MOCH6, STM32WL5MOCH6TR]
2025-10-27 16:54:36,535 [INFO] DbMcus:218 - Found 4747 MCUs, 4747 are supported
2025-10-27 16:54:36,535 [INFO] ApiDb:423 - Load user favorites file C:\Users\user/.stm32cubeide/favorites.mcus.txt: 0 item(s)
2025-10-27 16:54:36,536 [INFO] ApiDb:427 - User favorites MCUs=[]
2025-10-27 16:54:36,536 [INFO] DbMcus:224 - Set 0 / 0 favorites MCUs
2025-10-27 16:54:37,726 [INFO] BoardInfo:889 - No configuration file found for board P-NUCLEO-WB55
2025-10-27 16:54:37,730 [INFO] DbBoards:161 - Kit is not supported: P-NUCLEO-WB55
2025-10-27 16:54:37,748 [INFO] BoardInfo:889 - No configuration file found for board STEVAL-BFA001V1B
2025-10-27 16:54:37,751 [INFO] DbBoards:161 - Kit is not supported: STEVAL-BFA001V1B
2025-10-27 16:54:37,754 [INFO] BoardInfo:889 - No configuration file found for board STEVAL-BFA001V2B
2025-10-27 16:54:37,756 [INFO] DbBoards:161 - Kit is not supported: STEVAL-BFA001V2B
2025-10-27 16:54:38,260 [INFO] DbBoards:168 - Found 211 boards, 208 are supported
2025-10-27 16:54:38,261 [INFO] DbBoards:169 - Found 211 boards, 43 of them is supported for  Bsp
2025-10-27 16:54:38,264 [INFO] ApiDb:423 - Load user favorites file C:\Users\user/.stm32cubeide/favorites.boards.txt: 0 item(s)
2025-10-27 16:54:38,265 [INFO] ApiDb:427 - User favorites Boards=[]
2025-10-27 16:54:38,265 [INFO] DbBoards:198 - Set 0 / 0 favorites Boards
2025-10-27 16:54:38,265 [INFO] McuFinderGlobals:76 - Set McuFinderConnectedMode to true
2025-10-27 16:54:38,273 [INFO] MultiScanPanel:200 - Auto-refresh data requested => check proxy status ongoing
2025-10-27 16:54:38,279 [INFO] FinderPluginLoader:95 - Searching for filters in installed packs
2025-10-27 16:54:40,635 [INFO] ServerAccessManage:473 - Download File 
2025-10-27 16:54:40,703 [INFO] LoadUrlFilesThread:185 - End of LoadServerUrlFiles without Thread
2025-10-27 16:54:40,745 [INFO] DetailPanel:341 - Set advertising image to C:/Users/user/STM32Cube/Repository/\en.mcu-finder-stm32n6dk.jpg
2025-10-27 16:55:10,817 [INFO] MainUpdater:2872 - connection check result : 10
2025-10-27 16:55:10,818 [INFO] MainUpdater:2872 - connection check result : 10
2025-10-27 16:55:10,901 [INFO] MicroXplorer:468 - Change Database Path : 
2025-10-27 16:55:10,901 [INFO] MicroXplorer:498 - Change Database Version : DB.6.0.140
2025-10-27 16:55:10,909 [WARN] ThirdParty:871 - waiting for thirdparty lock release [close project]
2025-10-27 16:55:10,910 [INFO] ThirdParty:873 - entering critical section [close project]
2025-10-27 16:55:10,911 [INFO] ThirdParty:883 - exiting critical section [close project]
2025-10-27 16:55:10,916 [INFO] PinOutPanel:1589 - setPackage(No Configuration,No Configuration)
2025-10-27 16:55:10,990 [INFO] UtilMem:75 - Begin LoadConfig() Used Memory: 384039320 Bytes (622854144)
2025-10-27 16:55:10,991 [INFO] MicroXplorer:468 - Change Database Path : 
2025-10-27 16:55:10,991 [INFO] MicroXplorer:498 - Change Database Version : DB.6.0.140
2025-10-27 16:55:10,992 [INFO] OpenFileManager:354 - Change cursor
2025-10-27 16:55:11,126 [WARN] IntegrityCheckThread:84 - waiting for thirdparty lock release [integrity check]
2025-10-27 16:55:11,127 [INFO] IntegrityCheckThread:86 - entering critical section [integrity check]
2025-10-27 16:55:11,787 [WARN] PackLoader:240 - Cannot read IP mode file for STMicroelectronics.FP-SNS-MOTENVWB1.1.4.0
2025-10-27 16:55:11,801 [WARN] PackLoader:240 - Cannot read IP mode file for STMicroelectronics.FP-ATR-ASTRA1.2.0.2
2025-10-27 16:55:11,813 [WARN] PackLoader:240 - Cannot read IP mode file for STMicroelectronics.X-CUBE-SMBUS.2.1.0
2025-10-27 16:55:11,846 [WARN] PackLoader:240 - Cannot read IP mode file for STMicroelectronics.X-CUBE-ST60.1.0.0
2025-10-27 16:55:11,958 [WARN] PackLoader:240 - Cannot read IP mode file for STMicroelectronics.X-CUBE-AZRTOS-F7.1.1.0
2025-10-27 16:55:12,129 [WARN] PackLoader:240 - Cannot read IP mode file for Infineon.AIROC-Wi-Fi-Bluetooth-STM32.1.7.1
2025-10-27 16:55:12,202 [WARN] PackLoader:240 - Cannot read IP mode file for STMicroelectronics.X-CUBE-AZRTOS-H7.3.4.0
2025-10-27 16:55:12,239 [WARN] PackLoader:240 - Cannot read IP mode file for STMicroelectronics.X-CUBE-DISPLAY.3.0.0
2025-10-27 16:55:12,265 [WARN] PackLoader:240 - Cannot read IP mode file for STMicroelectronics.X-CUBE-NFC10.1.0.0
2025-10-27 16:55:12,274 [WARN] PackLoader:240 - Cannot read IP mode file for STMicroelectronics.X-CUBE-ST60.1.1.0
2025-10-27 16:55:12,286 [WARN] PackLoader:240 - Cannot read IP mode file for emotas.I-CUBE-CANOPEN.1.3.0
2025-10-27 16:55:12,297 [ERROR] Engine:466 - C:\Users\user\.stm32cubemx\thirdparties\pdsc\STMicroelectronics.FP-SNS-STBOX1.2.1.0.pdsc: PDSC version is not supported
2025-10-27 16:55:12,303 [WARN] PackLoader:240 - Cannot read IP mode file for STMicroelectronics.FP-SNS-SMARTAG2.1.2.0
2025-10-27 16:55:12,309 [WARN] PackLoader:240 - Cannot read IP mode file for STMicroelectronics.FP-SNS-FLIGHT1.5.1.0
2025-10-27 16:55:12,328 [INFO] LogOutputStream:77 - [STDOUT_REDIRECT] 1 : Invalid condition id : UX_CORESTACK_Condition cause : null
2025-10-27 16:55:12,329 [INFO] LogOutputStream:77 - [STDOUT_REDIRECT] 1 : Invalid condition id : UX_CORESTACK_Condition cause : null
2025-10-27 16:55:12,334 [INFO] LogOutputStream:77 - [STDOUT_REDIRECT] 1 : Invalid condition id : UX_CORESTACK_Condition cause : null
2025-10-27 16:55:12,336 [INFO] LogOutputStream:77 - [STDOUT_REDIRECT] 1 : Invalid condition id : UX_CORESTACK_Condition cause : null
2025-10-27 16:55:12,338 [INFO] LogOutputStream:77 - [STDOUT_REDIRECT] 1 : Invalid condition id : UX_CORESTACK_Condition cause : null
2025-10-27 16:55:12,344 [WARN] PackLoader:240 - Cannot read IP mode file for STMicroelectronics.X-CUBE-AZRTOS-WL.2.0.0
2025-10-27 16:55:12,362 [WARN] PackLoader:240 - Cannot read IP mode file for STMicroelectronics.FP-SNS-MOTENV1.5.0.0
2025-10-27 16:55:12,373 [WARN] PackLoader:240 - Cannot read IP mode file for WES.I-CUBE-Cesium.1.3.0
2025-10-27 16:55:12,381 [WARN] PackLoader:240 - Cannot read IP mode file for STMicroelectronics.X-CUBE-BLE2.3.3.0
2025-10-27 16:55:12,392 [WARN] PackLoader:240 - Cannot read IP mode file for STMicroelectronics.X-CUBE-NFC9.1.0.0
2025-10-27 16:55:12,402 [WARN] PackLoader:240 - Cannot read IP mode file for wolfSSL.I-CUBE-wolfSSL.5.8.2
2025-10-27 16:55:12,410 [WARN] PackLoader:240 - Cannot read IP mode file for STMicroelectronics.X-CUBE-BLE1.7.1.0
2025-10-27 16:55:12,415 [WARN] PackLoader:240 - Cannot read IP mode file for wolfSSL.I-CUBE-wolfMQTT.1.19.2
2025-10-27 16:55:12,424 [WARN] PackLoader:240 - Cannot read IP mode file for STMicroelectronics.X-CUBE-EEPRMA1.5.2.0
2025-10-27 16:55:12,432 [ERROR] Engine:466 - C:\Users\user\.stm32cubemx\thirdparties\pdsc\STMicroelectronics.X-CUBE-ST67W61.1.1.0.pdsc: PDSC version is not supported
2025-10-27 16:55:12,437 [WARN] PackLoader:240 - Cannot read IP mode file for STMicroelectronics.X-CUBE-AI.10.1.0
2025-10-27 16:55:12,502 [WARN] PackLoader:240 - Cannot read IP mode file for STMicroelectronics.X-CUBE-AZRTOS-G0.1.1.0
2025-10-27 16:55:12,516 [WARN] PackLoader:240 - Cannot read IP mode file for STMicroelectronics.X-CUBE-SAFEA1.1.2.2
2025-10-27 16:55:12,525 [WARN] PackLoader:240 - Cannot read IP mode file for STMicroelectronics.X-CUBE-NFC4.3.0.0
2025-10-27 16:55:12,540 [WARN] PackLoader:240 - Cannot read IP mode file for EmbeddedOffice.I-CUBE-FS-RTOS.1.0.1
2025-10-27 16:55:12,549 [WARN] PackLoader:240 - Cannot read IP mode file for STMicroelectronics.X-CUBE-WB05N.2.0.0
2025-10-27 16:55:12,554 [WARN] PackLoader:240 - Cannot read IP mode file for wolfSSL.I-CUBE-wolfTPM.3.8.0
2025-10-27 16:55:12,562 [WARN] PackLoader:240 - Cannot read IP mode file for STMicroelectronics.X-CUBE-TCPP.4.2.0
2025-10-27 16:55:12,571 [WARN] PackLoader:240 - Cannot read IP mode file for RealThread.X-CUBE-RT-Thread_Nano.4.1.1
2025-10-27 16:55:12,577 [WARN] PackLoader:240 - Cannot read IP mode file for STMicroelectronics.FP-ATR-SIGFOX1.3.2.0
2025-10-27 16:55:12,615 [WARN] PackLoader:240 - Cannot read IP mode file for ITTIA_DB.I-CUBE-ITTIADB.8.9.0
2025-10-27 16:55:12,624 [WARN] PackLoader:240 - Cannot read IP mode file for STMicroelectronics.X-CUBE-ST67W61.1.0.0
2025-10-27 16:55:12,629 [WARN] PackLoader:240 - Cannot read IP mode file for STMicroelectronics.X-CUBE-AI.10.2.0
2025-10-27 16:55:12,675 [WARN] PackLoader:240 - Cannot read IP mode file for SEGGER.I-CUBE-embOS.1.3.1
2025-10-27 16:55:12,787 [WARN] PackLoader:240 - Cannot read IP mode file for STMicroelectronics.X-CUBE-ALGOBUILD.1.4.0
2025-10-27 16:55:12,876 [WARN] PackLoader:240 - Cannot read IP mode file for STMicroelectronics.X-CUBE-MEMS1.11.3.0
2025-10-27 16:55:13,154 [WARN] PackLoader:240 - Cannot read IP mode file for STMicroelectronics.X-CUBE-PM33A1.1.0.0
2025-10-27 16:55:13,208 [WARN] PackLoader:240 - Cannot read IP mode file for STMicroelectronics.X-CUBE-AZRTOS-F4.1.1.0
2025-10-27 16:55:13,218 [WARN] PackLoader:240 - Cannot read IP mode file for STMicroelectronics.X-CUBE-ISPU.2.1.0
2025-10-27 16:55:13,226 [ERROR] Engine:466 - C:\Users\user\.stm32cubemx\thirdparties\pdsc\STMicroelectronics.X-CUBE-IPS.3.2.0.pdsc: PDSC version is not supported
2025-10-27 16:55:13,233 [WARN] PackLoader:240 - Cannot read IP mode file for STMicroelectronics.X-CUBE-NFC12.1.0.0
2025-10-27 16:55:13,258 [WARN] PackLoader:240 - Cannot read IP mode file for STMicroelectronics.X-CUBE-AZRTOS-L5.2.0.0
2025-10-27 16:55:13,274 [WARN] PackLoader:240 - Cannot read IP mode file for STMicroelectronics.X-CUBE-NFC6.3.1.0
2025-10-27 16:55:13,289 [WARN] PackLoader:240 - Cannot read IP mode file for STMicroelectronics.X-CUBE-FREERTOS.1.3.1
2025-10-27 16:55:13,295 [WARN] PackLoader:240 - Cannot read IP mode file for STMicroelectronics.X-CUBE-TOUCHGFX.4.26.0
2025-10-27 16:55:13,301 [WARN] PackLoader:240 - Cannot read IP mode file for STMicroelectronics.FP-SNS-STAIOTCFT.1.0.0
2025-10-27 16:55:13,308 [WARN] PackLoader:240 - Cannot read IP mode file for STMicroelectronics.X-CUBE-DPower.1.3.0
2025-10-27 16:55:13,331 [WARN] ConditionMgr:438 - getConditionDescription Invalid condition id : LAN8742 Phy interface Condition cause : null
2025-10-27 16:55:13,332 [WARN] PackLoader:240 - Cannot read IP mode file for STMicroelectronics.X-CUBE-AZRTOS-L4.2.0.0
2025-10-27 16:55:13,333 [WARN] ConditionMgr:1044 - genDependencies : Invalid condition id : LAN8742 Phy interface Condition cause : null
2025-10-27 16:55:13,333 [WARN] ConditionMgr:1044 - genDependencies : Invalid condition id : LAN8742 Phy interface Condition cause : null
2025-10-27 16:55:13,334 [WARN] ConditionMgr:1044 - genDependencies : Invalid condition id : LAN8742 Phy interface Condition cause : null
2025-10-27 16:55:13,344 [WARN] PackLoader:240 - Cannot read IP mode file for STMicroelectronics.X-CUBE-SFXS2LP1.4.0.0
2025-10-27 16:55:13,357 [WARN] PackLoader:240 - Cannot read IP mode file for STMicroelectronics.X-CUBE-BLEMGR.4.1.0
2025-10-27 16:55:13,376 [WARN] ConditionMgr:438 - getConditionDescription Invalid condition id : UX DEVICE CLASS RTOS Condition cause : null
2025-10-27 16:55:13,377 [WARN] ConditionMgr:438 - getConditionDescription Invalid condition id : UX DEVICE CLASS RTOS Condition cause : null
2025-10-27 16:55:13,381 [WARN] PackLoader:240 - Cannot read IP mode file for STMicroelectronics.X-CUBE-AZRTOS-WB.2.0.0
2025-10-27 16:55:13,381 [WARN] ConditionMgr:1044 - genDependencies : Invalid condition id : UX DEVICE CLASS RTOS Condition cause : null
2025-10-27 16:55:13,381 [WARN] ConditionMgr:1044 - genDependencies : Invalid condition id : UX DEVICE CLASS RTOS Condition cause : null
2025-10-27 16:55:13,382 [WARN] ConditionMgr:1044 - genDependencies : Invalid condition id : UX DEVICE CLASS RTOS Condition cause : null
2025-10-27 16:55:13,382 [WARN] ConditionMgr:1044 - genDependencies : Invalid condition id : UX DEVICE CLASS RTOS Condition cause : null
2025-10-27 16:55:13,383 [WARN] ConditionMgr:1044 - genDependencies : Invalid condition id : UX DEVICE CLASS RTOS Condition cause : null
2025-10-27 16:55:13,389 [WARN] PackLoader:240 - Cannot read IP mode file for STMicroelectronics.X-CUBE-GNSS1.7.0.1
2025-10-27 16:55:13,395 [WARN] PackLoader:240 - Cannot read IP mode file for STMicroelectronics.X-CUBE-TOUCHGFX.4.25.0
2025-10-27 16:55:13,403 [WARN] PackLoader:240 - Cannot read IP mode file for STMicroelectronics.FP-SNS-STBOX1.2.0.0
2025-10-27 16:55:13,415 [WARN] ConditionMgr:438 - getConditionDescription Invalid condition id : Cortex-A Device cause : null
2025-10-27 16:55:13,430 [WARN] ConditionMgr:1044 - genDependencies : Invalid condition id : Cortex-A Device cause : null
2025-10-27 16:55:13,430 [WARN] ConditionMgr:1044 - genDependencies : Invalid condition id : Cortex-A Device cause : null
2025-10-27 16:55:13,430 [WARN] ConditionMgr:1044 - genDependencies : Invalid condition id : Cortex-A Device cause : null
2025-10-27 16:55:13,441 [WARN] PackLoader:240 - Cannot read IP mode file for STMicroelectronics.X-CUBE-SUBG2.5.0.0
2025-10-27 16:55:13,476 [WARN] PackLoader:240 - Cannot read IP mode file for STMicroelectronics.X-CUBE-AZRTOS-H7RS.1.1.0
2025-10-27 16:55:13,485 [WARN] PackLoader:240 - Cannot read IP mode file for Cesanta.I-CUBE-Mongoose.7.13.0
2025-10-27 16:55:13,502 [WARN] PackLoader:240 - Cannot read IP mode file for STMicroelectronics.X-CUBE-AZRTOS-G4.2.0.0
2025-10-27 16:55:13,509 [WARN] PackLoader:240 - Cannot read IP mode file for wolfSSL.I-CUBE-wolfSSH.1.4.20
2025-10-27 16:55:13,516 [WARN] PackLoader:240 - Cannot read IP mode file for STMicroelectronics.X-CUBE-NFC7.2.0.0
2025-10-27 16:55:13,530 [WARN] PackLoader:240 - Cannot read IP mode file for STMicroelectronics.X-CUBE-IPS.3.1.0
2025-10-27 16:55:13,546 [WARN] PackLoader:240 - Cannot read IP mode file for STMicroelectronics.X-CUBE-ALS.1.0.2
2025-10-27 16:55:13,556 [WARN] PackLoader:240 - Cannot read IP mode file for STMicroelectronics.X-CUBE-STSE01.1.0.0
2025-10-27 16:55:13,564 [WARN] PackLoader:240 - Cannot read IP mode file for portGmbH.I-Cube-SoM-uGOAL.1.1.0
2025-10-27 16:55:13,580 [WARN] PackLoader:240 - Cannot read IP mode file for STMicroelectronics.X-CUBE-TOF1.3.4.3
2025-10-27 16:55:13,607 [INFO] ThirdParty:978 - Integrity check success = true
2025-10-27 16:55:13,607 [INFO] IntegrityCheckThread:100 - exiting critical section [integrity check]
2025-10-27 16:55:13,607 [INFO] IntegrityCheckThread:103 - End integrity checks thread
2025-10-27 16:55:13,857 [INFO] Mcu:2011 - Initializing MCU STM32F411CEUx STM32F411CEUx STM32F411CEU6
2025-10-27 16:55:16,611 [INFO] Context:756 - Trying to add GPIOservice into a context  which must be forbidden
2025-10-27 16:55:17,286 [INFO] ImportTextPane:218 - (OptionalMessage_ERROR) Unable to find key (Mcu.ThirdPartyNb) in loaded IOC file
2025-10-27 16:55:17,287 [INFO] ImportTextPane:218 - (OptionalMessage_ERROR) Unable to find key (Mcu.PinsNb) in loaded IOC file
2025-10-27 16:55:17,287 [INFO] ImportTextPane:218 - (OptionalMessage_ERROR) Pin0 (VP_RIF_VS_RIF1) cannot be retrieved for this MCU
2025-10-27 16:55:17,288 [INFO] ImportTextPane:218 - (OptionalMessage_ERROR) Unable to find key (Mcu.IPNb) in loaded IOC file
2025-10-27 16:55:17,469 [INFO] RtosManager:558 - Registered RTOS mode: class=CMSIS, group=RTOS, mode=CMSIS_V1, owner=FREERTOS
2025-10-27 16:55:17,469 [INFO] RtosManager:558 - Registered RTOS mode: class=CMSIS, group=RTOS2, mode=CMSIS_V2, owner=FREERTOS
2025-10-27 16:55:17,469 [INFO] RtosManager:558 - Registered RTOS mode: class=RTOS, group=Core, mode=CMSIS_V1, owner=FREERTOS
2025-10-27 16:55:17,469 [INFO] RtosManager:558 - Registered RTOS mode: class=RTOS, group=Core, mode=CMSIS_V2, owner=FREERTOS
2025-10-27 16:55:17,469 [WARN] ModelIntegratedComponent:184 - Missing modes for component STMicroelectronics:FreeRTOS:0.0.1:STMicroelectronics:RTOS:FreeRTOS:Core:::10.2.0:
2025-10-27 16:55:17,486 [WARN] ModelIntegratedComponent:182 - Modes not found for component STMicroelectronics:USB_HOST:1.0.0:STMicroelectronics:USB::USB Host:Audio HS::1.0:USB_HOST_1_0_RESTRICTED_HS
2025-10-27 16:55:17,486 [WARN] ModelIntegratedComponent:188 - Modes not found for component STMicroelectronics:USB_HOST:1.0.0:STMicroelectronics:USB::USB Host:Audio HS::1.0:USB_HOST_1_0_RESTRICTED_HS
2025-10-27 16:55:17,486 [WARN] ModelIntegratedComponent:182 - Modes not found for component STMicroelectronics:USB_HOST:1.0.0:STMicroelectronics:USB::USB Host:CDC HS::1.0:USB_HOST_1_0_RESTRICTED_HS
2025-10-27 16:55:17,486 [WARN] ModelIntegratedComponent:188 - Modes not found for component STMicroelectronics:USB_HOST:1.0.0:STMicroelectronics:USB::USB Host:CDC HS::1.0:USB_HOST_1_0_RESTRICTED_HS
2025-10-27 16:55:17,487 [WARN] ModelIntegratedComponent:182 - Modes not found for component STMicroelectronics:USB_HOST:1.0.0:STMicroelectronics:USB::USB Host:MSC HS::1.0:USB_HOST_1_0_RESTRICTED_HS
2025-10-27 16:55:17,487 [WARN] ModelIntegratedComponent:188 - Modes not found for component STMicroelectronics:USB_HOST:1.0.0:STMicroelectronics:USB::USB Host:MSC HS::1.0:USB_HOST_1_0_RESTRICTED_HS
2025-10-27 16:55:17,487 [WARN] ModelIntegratedComponent:182 - Modes not found for component STMicroelectronics:USB_HOST:1.0.0:STMicroelectronics:USB::USB Host:HID HS::1.0:USB_HOST_1_0_RESTRICTED_HS
2025-10-27 16:55:17,487 [WARN] ModelIntegratedComponent:188 - Modes not found for component STMicroelectronics:USB_HOST:1.0.0:STMicroelectronics:USB::USB Host:HID HS::1.0:USB_HOST_1_0_RESTRICTED_HS
2025-10-27 16:55:17,487 [WARN] ModelIntegratedComponent:182 - Modes not found for component STMicroelectronics:USB_HOST:1.0.0:STMicroelectronics:USB::USB Host:MTP HS::1.0:USB_HOST_1_0_RESTRICTED_HS
2025-10-27 16:55:17,487 [WARN] ModelIntegratedComponent:188 - Modes not found for component STMicroelectronics:USB_HOST:1.0.0:STMicroelectronics:USB::USB Host:MTP HS::1.0:USB_HOST_1_0_RESTRICTED_HS
2025-10-27 16:55:17,509 [WARN] ModelIntegratedComponent:63 - No mode defined for component null
2025-10-27 16:55:17,510 [WARN] ModelIntegratedComponent:63 - No mode defined for component null
2025-10-27 16:55:17,510 [WARN] ModelIntegratedComponent:63 - No mode defined for component null
2025-10-27 16:55:17,510 [WARN] ModelIntegratedComponent:63 - No mode defined for component null
2025-10-27 16:55:17,510 [WARN] ModelIntegratedComponent:63 - No mode defined for component null
2025-10-27 16:55:17,510 [WARN] ModelIntegratedComponent:63 - No mode defined for component null
2025-10-27 16:55:17,510 [WARN] ModelIntegratedComponent:63 - No mode defined for component null
2025-10-27 16:55:17,510 [WARN] ModelIntegratedComponent:63 - No mode defined for component null
2025-10-27 16:55:17,511 [WARN] ModelIntegratedComponent:63 - No mode defined for component null
2025-10-27 16:55:17,511 [WARN] ModelIntegratedComponent:63 - No mode defined for component null
2025-10-27 16:55:17,511 [WARN] ModelIntegratedComponent:63 - No mode defined for component null
2025-10-27 16:55:17,511 [WARN] ModelIntegratedComponent:63 - No mode defined for component null
2025-10-27 16:55:17,511 [WARN] ModelIntegratedComponent:63 - No mode defined for component null
2025-10-27 16:55:17,511 [WARN] ModelIntegratedComponent:63 - No mode defined for component null
2025-10-27 16:55:17,511 [WARN] ModelIntegratedComponent:63 - No mode defined for component null
2025-10-27 16:55:17,511 [WARN] ModelIntegratedComponent:63 - No mode defined for component null
2025-10-27 16:55:17,511 [WARN] ModelIntegratedComponent:63 - No mode defined for component null
2025-10-27 16:55:17,511 [WARN] ModelIntegratedComponent:63 - No mode defined for component null
2025-10-27 16:55:17,511 [WARN] ModelIntegratedComponent:63 - No mode defined for component null
2025-10-27 16:55:17,511 [WARN] ModelIntegratedComponent:63 - No mode defined for component null
2025-10-27 16:55:17,512 [WARN] ModelIntegratedComponent:63 - No mode defined for component null
2025-10-27 16:55:17,512 [WARN] ModelIntegratedComponent:63 - No mode defined for component null
2025-10-27 16:55:17,512 [WARN] ModelIntegratedComponent:63 - No mode defined for component null
2025-10-27 16:55:17,512 [WARN] ModelIntegratedComponent:63 - No mode defined for component null
2025-10-27 16:55:17,512 [WARN] ModelIntegratedComponent:63 - No mode defined for component null
2025-10-27 16:55:17,512 [WARN] ModelIntegratedComponent:63 - No mode defined for component null
2025-10-27 16:55:17,512 [WARN] ModelIntegratedComponent:63 - No mode defined for component null
2025-10-27 16:55:17,512 [WARN] ModelIntegratedComponent:63 - No mode defined for component null
2025-10-27 16:55:17,512 [WARN] ModelIntegratedComponent:63 - No mode defined for component null
2025-10-27 16:55:17,512 [WARN] ModelIntegratedComponent:63 - No mode defined for component null
2025-10-27 16:55:17,512 [WARN] ModelIntegratedComponent:63 - No mode defined for component null
2025-10-27 16:55:17,513 [WARN] ModelIntegratedComponent:63 - No mode defined for component null
2025-10-27 16:55:17,513 [WARN] ModelIntegratedComponent:63 - No mode defined for component null
2025-10-27 16:55:17,513 [WARN] ModelIntegratedComponent:63 - No mode defined for component null
2025-10-27 16:55:17,513 [WARN] ModelIntegratedComponent:63 - No mode defined for component null
2025-10-27 16:55:17,513 [WARN] ModelPack:524 - Component already loaded: STMicroelectronics:HAL Drivers:0.0.0:STMicroelectronics:Device:STMicro_Driver:XSPI:HAL::0.0.1:HAL_XSPI
2025-10-27 16:55:17,797 [WARN] ModelIntegratedComponent:182 - Modes not found for component STMicroelectronics:USB_DEVICE:1.0.0:STMicroelectronics:USB::USB Device:Audio HS::1.0:USB_DEVICE_1_0_RESTRICTED_HS
2025-10-27 16:55:17,797 [WARN] ModelIntegratedComponent:188 - Modes not found for component STMicroelectronics:USB_DEVICE:1.0.0:STMicroelectronics:USB::USB Device:Audio HS::1.0:USB_DEVICE_1_0_RESTRICTED_HS
2025-10-27 16:55:17,798 [WARN] ModelIntegratedComponent:182 - Modes not found for component STMicroelectronics:USB_DEVICE:1.0.0:STMicroelectronics:USB::USB Device:CDC HS::1.0:USB_DEVICE_1_0_RESTRICTED_HS
2025-10-27 16:55:17,798 [WARN] ModelIntegratedComponent:188 - Modes not found for component STMicroelectronics:USB_DEVICE:1.0.0:STMicroelectronics:USB::USB Device:CDC HS::1.0:USB_DEVICE_1_0_RESTRICTED_HS
2025-10-27 16:55:17,798 [WARN] ModelIntegratedComponent:182 - Modes not found for component STMicroelectronics:USB_DEVICE:1.0.0:STMicroelectronics:USB::USB Device:DFU HS::1.0:USB_DEVICE_1_0_RESTRICTED_HS
2025-10-27 16:55:17,798 [WARN] ModelIntegratedComponent:188 - Modes not found for component STMicroelectronics:USB_DEVICE:1.0.0:STMicroelectronics:USB::USB Device:DFU HS::1.0:USB_DEVICE_1_0_RESTRICTED_HS
2025-10-27 16:55:17,798 [WARN] ModelIntegratedComponent:182 - Modes not found for component STMicroelectronics:USB_DEVICE:1.0.0:STMicroelectronics:USB::USB Device:HID HS::1.0:USB_DEVICE_1_0_RESTRICTED_HS
2025-10-27 16:55:17,798 [WARN] ModelIntegratedComponent:188 - Modes not found for component STMicroelectronics:USB_DEVICE:1.0.0:STMicroelectronics:USB::USB Device:HID HS::1.0:USB_DEVICE_1_0_RESTRICTED_HS
2025-10-27 16:55:17,798 [WARN] ModelIntegratedComponent:182 - Modes not found for component STMicroelectronics:USB_DEVICE:1.0.0:STMicroelectronics:USB::USB Device:Custom HID HS::1.0:USB_DEVICE_1_0_RESTRICTED_HS
2025-10-27 16:55:17,798 [WARN] ModelIntegratedComponent:188 - Modes not found for component STMicroelectronics:USB_DEVICE:1.0.0:STMicroelectronics:USB::USB Device:Custom HID HS::1.0:USB_DEVICE_1_0_RESTRICTED_HS
2025-10-27 16:55:17,798 [WARN] ModelIntegratedComponent:182 - Modes not found for component STMicroelectronics:USB_DEVICE:1.0.0:STMicroelectronics:USB::USB Device:MSC HS::1.0:USB_DEVICE_1_0_RESTRICTED_HS
2025-10-27 16:55:17,798 [WARN] ModelIntegratedComponent:188 - Modes not found for component STMicroelectronics:USB_DEVICE:1.0.0:STMicroelectronics:USB::USB Device:MSC HS::1.0:USB_DEVICE_1_0_RESTRICTED_HS
2025-10-27 16:55:17,832 [INFO] ThirdPartyModel:298 - Start build external matchings
2025-10-27 16:55:19,897 [INFO] ThirdPartyModel:316 - End build external matchings
2025-10-27 16:55:20,423 [INFO] UtilMem:75 - End LoadConfig() Used Memory: 595564696 Bytes (685768704)
2025-10-27 16:55:20,462 [WARN] ThirdParty:833 - waiting for thirdparty lock release [change project]
2025-10-27 16:55:20,463 [INFO] ThirdParty:835 - entering critical section [change project]
2025-10-27 16:55:20,463 [INFO] ThirdParty:1030 - CMSIS Pack Vendor :STMicroelectronics X-CUBE-PM33A1 1.0.0
2025-10-27 16:55:20,463 [INFO] ThirdParty:1030 - CMSIS Pack Vendor :STMicroelectronics USBPD 4.1
2025-10-27 16:55:20,463 [INFO] ThirdParty:1030 - CMSIS Pack Vendor :STMicroelectronics X-CUBE-NFC9 1.0.0
2025-10-27 16:55:20,463 [INFO] ThirdParty:1030 - CMSIS Pack Vendor :STMicroelectronics USB_HOST 2.0.0
2025-10-27 16:55:20,463 [INFO] ThirdParty:1030 - CMSIS Pack Vendor :STMicroelectronics FP-SNS-MOTENVWB1 1.4.0
2025-10-27 16:55:20,463 [INFO] ThirdParty:1030 - CMSIS Pack Vendor :STMicroelectronics X-CUBE-AZRTOS-F4 1.1.0
2025-10-27 16:55:20,463 [INFO] ThirdParty:1030 - CMSIS Pack Vendor :STMicroelectronics LIBJPEG 8.0.0
2025-10-27 16:55:20,463 [INFO] ThirdParty:1030 - CMSIS Pack Vendor :STMicroelectronics FP-ATR-ASTRA1 2.0.2
2025-10-27 16:55:20,463 [INFO] ThirdParty:1030 - CMSIS Pack Vendor :wolfSSL I-CUBE-wolfSSL 5.8.2
2025-10-27 16:55:20,464 [INFO] ThirdParty:1030 - CMSIS Pack Vendor :STMicroelectronics X-CUBE-BLE1 7.1.0
2025-10-27 16:55:20,464 [INFO] ThirdParty:1030 - CMSIS Pack Vendor :STMicroelectronics X-CUBE-SMBUS 2.1.0
2025-10-27 16:55:20,464 [INFO] ThirdParty:1030 - CMSIS Pack Vendor :wolfSSL I-CUBE-wolfMQTT 1.19.2
2025-10-27 16:55:20,464 [INFO] ThirdParty:1030 - CMSIS Pack Vendor :STMicroelectronics USB_DEVICE 3.0.0
2025-10-27 16:55:20,464 [INFO] ThirdParty:1030 - CMSIS Pack Vendor :STMicroelectronics X-CUBE-ISPU 2.1.0
2025-10-27 16:55:20,464 [INFO] ThirdParty:1030 - CMSIS Pack Vendor :STMicroelectronics X-CUBE-EEPRMA1 5.2.0
2025-10-27 16:55:20,464 [INFO] ThirdParty:1030 - CMSIS Pack Vendor :STMicroelectronics X-CUBE-BLEMGR 4.1.0
2025-10-27 16:55:20,464 [INFO] ThirdParty:1030 - CMSIS Pack Vendor :STMicroelectronics X-CUBE-AZRTOS-WB 2.0.0
2025-10-27 16:55:20,464 [INFO] ThirdParty:1030 - CMSIS Pack Vendor :STMicroelectronics X-CUBE-ST60 1.0.0
2025-10-27 16:55:20,464 [INFO] ThirdParty:1030 - CMSIS Pack Vendor :STMicroelectronics X-CUBE-GNSS1 7.0.1
2025-10-27 16:55:20,464 [INFO] ThirdParty:1030 - CMSIS Pack Vendor :STMicroelectronics X-CUBE-NFC12 1.0.0
2025-10-27 16:55:20,464 [INFO] ThirdParty:1030 - CMSIS Pack Vendor :STMicroelectronics X-CUBE-AZRTOS-F7 1.1.0
2025-10-27 16:55:20,464 [INFO] ThirdParty:1030 - CMSIS Pack Vendor :STMicroelectronics X-CUBE-AZRTOS-L5 2.0.0
2025-10-27 16:55:20,464 [INFO] ThirdParty:1030 - CMSIS Pack Vendor :STMicroelectronics X-CUBE-TOUCHGFX 4.25.0
2025-10-27 16:55:20,464 [INFO] ThirdParty:1030 - CMSIS Pack Vendor :STMicroelectronics USB_DEVICE 2.0.0
2025-10-27 16:55:20,464 [INFO] ThirdParty:1030 - CMSIS Pack Vendor :STMicroelectronics X-CUBE-NFC6 3.1.0
2025-10-27 16:55:20,464 [INFO] ThirdParty:1030 - CMSIS Pack Vendor :STMicroelectronics X-CUBE-AI 10.1.0
2025-10-27 16:55:20,464 [INFO] ThirdParty:1030 - CMSIS Pack Vendor :STMicroelectronics FP-SNS-STBOX1 2.0.0
2025-10-27 16:55:20,464 [INFO] ThirdParty:1030 - CMSIS Pack Vendor :quantropi X-CUBE-qispace-sdk-base 2.1.0
2025-10-27 16:55:20,465 [INFO] ThirdParty:1030 - CMSIS Pack Vendor :STMicroelectronics FreeRTOS 0.0.1
2025-10-27 16:55:20,465 [INFO] ThirdParty:1030 - CMSIS Pack Vendor :STMicroelectronics X-CUBE-AZRTOS-G0 1.1.0
2025-10-27 16:55:20,465 [INFO] ThirdParty:1030 - CMSIS Pack Vendor :STMicroelectronics X-CUBE-SAFEA1 1.2.2
2025-10-27 16:55:20,465 [INFO] ThirdParty:1030 - CMSIS Pack Vendor :STMicroelectronics X-CUBE-NFC4 3.0.0
2025-10-27 16:55:20,465 [INFO] ThirdParty:1030 - CMSIS Pack Vendor :STMicroelectronics X-CUBE-SUBG2 5.0.0
2025-10-27 16:55:20,465 [INFO] ThirdParty:1030 - CMSIS Pack Vendor :STMicroelectronics X-CUBE-AZRTOS-H7RS 1.1.0
2025-10-27 16:55:20,465 [INFO] ThirdParty:1030 - CMSIS Pack Vendor :STMicroelectronics STM32_WPAN 1.0.0
2025-10-27 16:55:20,465 [INFO] ThirdParty:1030 - CMSIS Pack Vendor :EmbeddedOffice I-CUBE-FS-RTOS 1.0.1
2025-10-27 16:55:20,465 [INFO] ThirdParty:1030 - CMSIS Pack Vendor :STMicroelectronics lwIP 2.0.3
2025-10-27 16:55:20,465 [INFO] ThirdParty:1030 - CMSIS Pack Vendor :Cesanta I-CUBE-Mongoose 7.13.0
2025-10-27 16:55:20,465 [INFO] ThirdParty:1030 - CMSIS Pack Vendor :STMicroelectronics USB_HOST 1.0.0
2025-10-27 16:55:20,465 [INFO] ThirdParty:1030 - CMSIS Pack Vendor :Infineon AIROC-Wi-Fi-Bluetooth-STM32 1.7.1
2025-10-27 16:55:20,465 [INFO] ThirdParty:1030 - CMSIS Pack Vendor :STMicroelectronics X-CUBE-AZRTOS-G4 2.0.0
2025-10-27 16:55:20,465 [INFO] ThirdParty:1030 - CMSIS Pack Vendor :STMicroelectronics X-CUBE-WB05N 2.0.0
2025-10-27 16:55:20,465 [INFO] ThirdParty:1030 - CMSIS Pack Vendor :STMicroelectronics PDM2PCM 3.1.0
2025-10-27 16:55:20,465 [INFO] ThirdParty:1030 - CMSIS Pack Vendor :STMicroelectronics PDM2PCM 3.3.0
2025-10-27 16:55:20,465 [INFO] ThirdParty:1030 - CMSIS Pack Vendor :wolfSSL I-CUBE-wolfTPM 3.8.0
2025-10-27 16:55:20,465 [INFO] ThirdParty:1030 - CMSIS Pack Vendor :STMicroelectronics X-CUBE-AZRTOS-H7 3.4.0
2025-10-27 16:55:20,466 [INFO] ThirdParty:1030 - CMSIS Pack Vendor :STMicroelectronics X-CUBE-DISPLAY 3.0.0
2025-10-27 16:55:20,466 [INFO] ThirdParty:1030 - CMSIS Pack Vendor :wolfSSL I-CUBE-wolfSSH 1.4.20
2025-10-27 16:55:20,466 [INFO] ThirdParty:1030 - CMSIS Pack Vendor :STMicroelectronics X-CUBE-NFC7 2.0.0
2025-10-27 16:55:20,466 [INFO] ThirdParty:1030 - CMSIS Pack Vendor :STMicroelectronics X-CUBE-TCPP 4.2.0
2025-10-27 16:55:20,466 [INFO] ThirdParty:1030 - CMSIS Pack Vendor :RealThread X-CUBE-RT-Thread_Nano 4.1.1
2025-10-27 16:55:20,466 [INFO] ThirdParty:1030 - CMSIS Pack Vendor :STMicroelectronics FP-ATR-SIGFOX1 3.2.0
2025-10-27 16:55:20,466 [INFO] ThirdParty:1030 - CMSIS Pack Vendor :STMicroelectronics X-CUBE-NFC10 1.0.0
2025-10-27 16:55:20,466 [INFO] ThirdParty:1030 - CMSIS Pack Vendor :STMicroelectronics X-CUBE-FREERTOS 1.3.1
2025-10-27 16:55:20,466 [INFO] ThirdParty:1030 - CMSIS Pack Vendor :STMicroelectronics HAL Drivers 0.0.0
2025-10-27 16:55:20,466 [INFO] ThirdParty:1030 - CMSIS Pack Vendor :STMicroelectronics MBEDTLS 2.16.2
2025-10-27 16:55:20,466 [INFO] ThirdParty:1030 - CMSIS Pack Vendor :STMicroelectronics X-CUBE-ST60 1.1.0
2025-10-27 16:55:20,466 [INFO] ThirdParty:1030 - CMSIS Pack Vendor :STMicroelectronics X-CUBE-IPS 3.1.0
2025-10-27 16:55:20,466 [INFO] ThirdParty:1030 - CMSIS Pack Vendor :STMicroelectronics X-CUBE-ALS 1.0.2
2025-10-27 16:55:20,466 [INFO] ThirdParty:1030 - CMSIS Pack Vendor :emotas I-CUBE-CANOPEN 1.3.0
2025-10-27 16:55:20,466 [INFO] ThirdParty:1030 - CMSIS Pack Vendor :STMicroelectronics MBEDTLS 2.14.1
2025-10-27 16:55:20,467 [INFO] ThirdParty:1030 - CMSIS Pack Vendor :ITTIA_DB I-CUBE-ITTIADB 8.9.0
2025-10-27 16:55:20,467 [INFO] ThirdParty:1030 - CMSIS Pack Vendor :STMicroelectronics X-CUBE-TOUCHGFX 4.26.0
2025-10-27 16:55:20,467 [INFO] ThirdParty:1030 - CMSIS Pack Vendor :STMicroelectronics X-CUBE-STSE01 1.0.0
2025-10-27 16:55:20,467 [INFO] ThirdParty:1030 - CMSIS Pack Vendor :portGmbH I-Cube-SoM-uGOAL 1.1.0
2025-10-27 16:55:20,467 [INFO] ThirdParty:1030 - CMSIS Pack Vendor :STMicroelectronics X-CUBE-ST67W61 1.0.0
2025-10-27 16:55:20,467 [INFO] ThirdParty:1030 - CMSIS Pack Vendor :STMicroelectronics X-CUBE-AI 10.2.0
2025-10-27 16:55:20,467 [INFO] ThirdParty:1030 - CMSIS Pack Vendor :STMicroelectronics FP-SNS-STAIOTCFT 1.0.0
2025-10-27 16:55:20,467 [INFO] ThirdParty:1030 - CMSIS Pack Vendor :STMicroelectronics ThreadX 1.0.0
2025-10-27 16:55:20,467 [INFO] ThirdParty:1030 - CMSIS Pack Vendor :STMicroelectronics FP-SNS-SMARTAG2 1.2.0
2025-10-27 16:55:20,467 [INFO] ThirdParty:1030 - CMSIS Pack Vendor :STMicroelectronics FP-SNS-FLIGHT1 5.1.0
2025-10-27 16:55:20,467 [INFO] ThirdParty:1030 - CMSIS Pack Vendor :STMicroelectronics X-CUBE-AZRTOS-WL 2.0.0
2025-10-27 16:55:20,467 [INFO] ThirdParty:1030 - CMSIS Pack Vendor :SEGGER I-CUBE-embOS 1.3.1
2025-10-27 16:55:20,467 [INFO] ThirdParty:1030 - CMSIS Pack Vendor :STMicroelectronics X-CUBE-ALGOBUILD 1.4.0
2025-10-27 16:55:20,467 [INFO] ThirdParty:1030 - CMSIS Pack Vendor :STMicroelectronics X-CUBE-DPower 1.3.0
2025-10-27 16:55:20,467 [INFO] ThirdParty:1030 - CMSIS Pack Vendor :STMicroelectronics X-CUBE-MEMS1 11.3.0
2025-10-27 16:55:20,467 [INFO] ThirdParty:1030 - CMSIS Pack Vendor :STMicroelectronics FP-SNS-MOTENV1 5.0.0
2025-10-27 16:55:20,467 [INFO] ThirdParty:1030 - CMSIS Pack Vendor :STMicroelectronics USB_DEVICE 1.0.0
2025-10-27 16:55:20,468 [INFO] ThirdParty:1030 - CMSIS Pack Vendor :STMicroelectronics X-CUBE-AZRTOS-L4 2.0.0
2025-10-27 16:55:20,468 [INFO] ThirdParty:1030 - CMSIS Pack Vendor :STMicroelectronics ThreadX 0.0.2
2025-10-27 16:55:20,468 [INFO] ThirdParty:1030 - CMSIS Pack Vendor :WES I-CUBE-Cesium 1.3.0
2025-10-27 16:55:20,468 [INFO] ThirdParty:1030 - CMSIS Pack Vendor :STMicroelectronics lwIP 2.1.2
2025-10-27 16:55:20,468 [INFO] ThirdParty:1030 - CMSIS Pack Vendor :STMicroelectronics X-CUBE-SFXS2LP1 4.0.0
2025-10-27 16:55:20,468 [INFO] ThirdParty:1030 - CMSIS Pack Vendor :STMicroelectronics X-CUBE-BLE2 3.3.0
2025-10-27 16:55:20,468 [INFO] ThirdParty:1030 - CMSIS Pack Vendor :STMicroelectronics X-CUBE-TOF1 3.4.3
2025-10-27 16:55:20,468 [INFO] ThirdParty:1030 - CMSIS Pack Vendor :STMicroelectronics PDM2PCM 3.2.0
2025-10-27 16:55:20,468 [INFO] ThirdParty:841 - exiting critical section [change project]
2025-10-27 16:55:21,079 [INFO] PinOutPanel:1589 - setPackage(No Configuration,No Configuration)
2025-10-27 16:55:21,081 [INFO] PinOutPanel:1589 - setPackage(STM32F411CEUx,UFQFPN48)
2025-10-27 16:55:21,995 [INFO] UtilMem:75 - Before build in PCC Used Memory: 550504448 Bytes (685768704)
2025-10-27 16:55:23,336 [INFO] UtilMem:75 - After build in PCC Used Memory: 401082368 Bytes (685768704)
2025-10-27 16:55:23,393 [INFO] IPUIPlugin:80 - create IPUIPlugin
2025-10-27 16:55:23,394 [INFO] IPUIPlugin:80 - create IPUIPlugin
2025-10-27 16:55:23,394 [INFO] IPUIPlugin:80 - create IPUIPlugin
2025-10-27 16:55:23,394 [INFO] IPUIPlugin:80 - create IPUIPlugin
2025-10-27 16:55:23,394 [INFO] IPUIPlugin:80 - create IPUIPlugin
2025-10-27 16:55:23,394 [INFO] IPUIPlugin:80 - create IPUIPlugin
2025-10-27 16:55:23,396 [INFO] IPUIPlugin:80 - create IPUIPlugin
2025-10-27 16:55:23,396 [INFO] IPUIPlugin:80 - create IPUIPlugin
2025-10-27 16:55:23,396 [INFO] IPUIPlugin:80 - create IPUIPlugin
2025-10-27 16:55:23,396 [INFO] IPUIPlugin:80 - create IPUIPlugin
2025-10-27 16:55:23,396 [INFO] IPUIPlugin:80 - create IPUIPlugin
2025-10-27 16:55:23,396 [INFO] IPUIPlugin:80 - create IPUIPlugin
2025-10-27 16:55:23,396 [INFO] IPUIPlugin:80 - create IPUIPlugin
2025-10-27 16:55:23,396 [INFO] IPUIPlugin:80 - create IPUIPlugin
2025-10-27 16:55:23,398 [INFO] IPUIPlugin:80 - create IPUIPlugin
2025-10-27 16:55:23,399 [INFO] IPUIPlugin:80 - create IPUIPlugin
2025-10-27 16:55:23,399 [INFO] IPUIPlugin:80 - create IPUIPlugin
2025-10-27 16:55:23,399 [INFO] IPUIPlugin:80 - create IPUIPlugin
2025-10-27 16:55:23,400 [INFO] IPUIPlugin:80 - create IPUIPlugin
2025-10-27 16:55:23,400 [INFO] IPUIPlugin:80 - create IPUIPlugin
2025-10-27 16:55:23,400 [INFO] IPUIPlugin:80 - create IPUIPlugin
2025-10-27 16:55:23,401 [INFO] IPUIPlugin:80 - create IPUIPlugin
2025-10-27 16:55:23,401 [INFO] IPUIPlugin:80 - create IPUIPlugin
2025-10-27 16:55:23,403 [INFO] IPUIPlugin:80 - create IPUIPlugin
2025-10-27 16:55:23,406 [INFO] IPUIPlugin:80 - create IPUIPlugin
2025-10-27 16:55:23,406 [INFO] IPUIPlugin:80 - create IPUIPlugin
2025-10-27 16:55:23,406 [INFO] IPUIPlugin:80 - create IPUIPlugin
2025-10-27 16:55:23,407 [INFO] IPUIPlugin:80 - create IPUIPlugin
2025-10-27 16:55:23,407 [INFO] IPUIPlugin:80 - create IPUIPlugin
2025-10-27 16:55:23,408 [INFO] IPUIPlugin:80 - create IPUIPlugin
2025-10-27 16:55:23,408 [INFO] IPUIPlugin:80 - create IPUIPlugin
2025-10-27 16:55:23,416 [INFO] IPUIPlugin:80 - create IPUIPlugin
2025-10-27 16:55:23,417 [INFO] IPUIPlugin:80 - create IPUIPlugin
2025-10-27 16:55:23,417 [INFO] IPUIPlugin:80 - create IPUIPlugin
2025-10-27 16:55:23,417 [INFO] IPUIPlugin:80 - create IPUIPlugin
2025-10-27 16:55:23,418 [INFO] IPUIPlugin:80 - create IPUIPlugin
2025-10-27 16:55:23,418 [INFO] IPUIPlugin:80 - create IPUIPlugin
2025-10-27 16:55:23,418 [INFO] IPUIPlugin:80 - create IPUIPlugin
2025-10-27 16:55:23,419 [INFO] IPUIPlugin:80 - create IPUIPlugin
2025-10-27 16:55:23,419 [INFO] IPUIPlugin:80 - create IPUIPlugin
2025-10-27 16:55:23,420 [INFO] IPUIPlugin:80 - create IPUIPlugin
2025-10-27 16:55:23,420 [INFO] IPUIPlugin:80 - create IPUIPlugin
2025-10-27 16:55:23,421 [INFO] IPUIPlugin:80 - create IPUIPlugin
2025-10-27 16:55:23,511 [INFO] ApiDbMcu:508 - Load IP Config File for PDM2PCM
2025-10-27 16:55:23,811 [INFO] CADModel:165 - CPN selected for project levelSTM32F411CEU6
2025-10-27 16:55:23,811 [INFO] CADModel:114 - Register for checkConnection events
2025-10-27 16:55:23,862 [INFO] OpenFileManager:385 - Restore cursor
2025-10-27 16:55:25,337 [INFO] UtilMem:75 - End SaveConfig() Used Memory: 596639744 Bytes (685768704)
2025-10-27 16:55:25,463 [INFO] UtilMem:75 - End SaveConfig() Used Memory: 617956416 Bytes (685768704)
2025-10-27 16:55:27,300 [INFO] BlockDiagram:2775 - set Specific Code input for plugin: NVIC
2025-10-27 16:55:27,300 [INFO] BlockDiagram:2775 - set Specific Code input for plugin: RCC
2025-10-27 16:55:27,301 [INFO] CodeGenerator:882 - code generatio: config db path: C:\ST\STM32CubeIDE_1.18.0\STM32CubeIDE\plugins\com.st.stm32cube.common.mx_6.14.0.202502271554\\db\
2025-10-27 16:55:27,824 [INFO] CodeEngine:263 - oldGeneratedFile, D:\Bootloader_Course\P_1\MXTmpFiles\license.tmp_save
2025-10-27 16:55:28,501 [INFO] CodeEngine:287 - Generated code: D:\Bootloader_Course\P_1\MXTmpFiles\license.tmp
2025-10-27 16:55:28,523 [INFO] CodeEngine:263 - oldGeneratedFile, D:\Bootloader_Course\P_1\Core\Src\stm32f4xx_it.c_save
2025-10-27 16:55:28,777 [INFO] CodeEngine:287 - Generated code: D:\Bootloader_Course\P_1\Core\Src\stm32f4xx_it.c
2025-10-27 16:55:28,783 [INFO] CodeEngine:263 - oldGeneratedFile, D:\Bootloader_Course\P_1\Core\Inc\stm32f4xx_it.h_save
2025-10-27 16:55:28,967 [INFO] CodeEngine:287 - Generated code: D:\Bootloader_Course\P_1\Core\Inc\stm32f4xx_it.h
2025-10-27 16:55:29,103 [INFO] CodeEngine:263 - oldGeneratedFile, D:\Bootloader_Course\P_1\Core\Src\stm32f4xx_hal_msp.c_save
2025-10-27 16:55:29,362 [INFO] CodeEngine:287 - Generated code: D:\Bootloader_Course\P_1\Core\Src\stm32f4xx_hal_msp.c
2025-10-27 16:55:29,366 [INFO] CodeEngine:263 - oldGeneratedFile, D:\Bootloader_Course\P_1\MXTmpFiles\system.tmp_save
2025-10-27 16:55:29,500 [INFO] CodeEngine:287 - Generated code: D:\Bootloader_Course\P_1\MXTmpFiles\system.tmp
2025-10-27 16:55:29,512 [INFO] CodeEngine:319 - oldGeneratedFile, D:\Bootloader_Course\P_1\Core\Inc\stm32f4xx_hal_conf.h_save
2025-10-27 16:55:29,693 [INFO] CodeEngine:343 - Generated code: D:\Bootloader_Course\P_1\Core\Inc\stm32f4xx_hal_conf.h
2025-10-27 16:55:29,798 [INFO] ApiDbMcu:508 - Load IP Config File for RCC
2025-10-27 16:55:29,812 [INFO] CodeEngine:263 - oldGeneratedFile, D:\Bootloader_Course\P_1\Core\Inc\main.h_save
2025-10-27 16:55:30,000 [INFO] CodeEngine:287 - Generated code: D:\Bootloader_Course\P_1\Core\Inc\main.h
2025-10-27 16:55:30,009 [INFO] CodeEngine:263 - oldGeneratedFile, D:\Bootloader_Course\P_1\Core\Src\main.c_save
2025-10-27 16:55:30,206 [INFO] CodeEngine:287 - Generated code: D:\Bootloader_Course\P_1\Core\Src\main.c
2025-10-27 16:55:30,750 [INFO] ProjectBuilder:3324 - Time for Copy HAL[1] : 229mS.
2025-10-27 16:55:30,756 [INFO] ProjectBuilder:4912 - Project Generator version: 4.6.0-B36
2025-10-27 16:55:30,914 [INFO] ConfigFileManager:1590 - The Die is : DIE431
2025-10-27 16:55:30,934 [INFO] ApiDbMcu:508 - Load IP Config File for FATFS
2025-10-27 16:55:30,979 [INFO] ApiDbMcu:508 - Load IP Config File for FREERTOS
2025-10-27 16:55:30,986 [INFO] ApiDbMcu:508 - Load IP Config File for LIBJPEG
2025-10-27 16:55:31,051 [INFO] ApiDbMcu:508 - Load IP Config File for MBEDTLS
2025-10-27 16:55:31,118 [INFO] ApiDbMcu:508 - Load IP Config File for USB_DEVICE
2025-10-27 16:55:31,136 [INFO] ApiDbMcu:508 - Load IP Config File for USB_HOST
2025-10-27 16:55:32,116 [INFO] LogOutputStream:77 - [STDOUT_REDIRECT] 
2025-10-27 16:55:36,210 [INFO] ProjectBuilder:5191 - Time for Generating toolchain IDE Files: 5454mS.
2025-10-27 16:55:36,211 [INFO] ProjectBuilder:3181 - Time for Copy CMSIS : 1mS.
2025-10-27 16:55:36,212 [INFO] ProjectBuilder:3181 - Time for Copy CMSIS : 0mS.
2025-10-27 16:55:38,404 [INFO] McuFinderGlobals:76 - Set McuFinderConnectedMode to true
2025-10-27 16:55:38,409 [INFO] ApiDb:448 - Save user favorites file C:\Users\user/.stm32cubeide/favorites.mcus.txt: 0 item(s)
2025-10-27 16:55:38,409 [INFO] ApiDb:452 - User favorites MCUs=[]
2025-10-27 16:55:56,558 [INFO] NvicIntPanel:101 - NVIC parent = com.st.microxplorer.plugins.ip.nvic.MultiNvicIntPanel[,0,0,0x0,invalid,layout=javax.swing.BoxLayout,alignmentX=0.0,alignmentY=0.0,border=,flags=9,maximumSize=,minimumSize=,preferredSize=]
2025-10-27 16:55:56,711 [INFO] NvicIntPanel:101 - NVIC parent = com.st.microxplorer.plugins.ip.nvic.MultiNvicIntPanel[,0,0,0x0,invalid,layout=javax.swing.BoxLayout,alignmentX=0.0,alignmentY=0.0,border=,flags=9,maximumSize=,minimumSize=,preferredSize=]
2025-10-27 16:55:56,916 [INFO] NvicIntPanel:101 - NVIC parent = com.st.microxplorer.plugins.ip.nvic.MultiNvicIntPanel[,0,0,0x0,invalid,layout=javax.swing.BoxLayout,alignmentX=0.0,alignmentY=0.0,border=,flags=9,maximumSize=,minimumSize=,preferredSize=]
2025-10-27 16:55:57,064 [INFO] NvicIntPanel:101 - NVIC parent = com.st.microxplorer.plugins.ip.nvic.MultiNvicIntPanel[,0,0,0x0,invalid,layout=javax.swing.BoxLayout,alignmentX=0.0,alignmentY=0.0,border=,flags=9,maximumSize=,minimumSize=,preferredSize=]
2025-10-27 16:58:52,951 [INFO] UtilMem:75 - End SaveConfig() Used Memory: 702555760 Bytes (1073741824)
2025-10-27 16:58:54,748 [INFO] UtilMem:75 - End SaveConfig() Used Memory: 723937936 Bytes (1073741824)
2025-10-27 16:58:57,250 [INFO] UtilMem:75 - End SaveConfig() Used Memory: 829433464 Bytes (1073741824)
2025-10-27 16:58:57,859 [INFO] BlockDiagram:2775 - set Specific Code input for plugin: NVIC
2025-10-27 16:58:57,859 [INFO] BlockDiagram:2775 - set Specific Code input for plugin: USART
2025-10-27 16:58:57,859 [INFO] BlockDiagram:2775 - set Specific Code input for plugin: SYS
2025-10-27 16:58:57,859 [INFO] BlockDiagram:2775 - set Specific Code input for plugin: GPIO
2025-10-27 16:58:57,859 [INFO] BlockDiagram:2775 - set Specific Code input for plugin: RCC
2025-10-27 16:58:57,859 [INFO] BlockDiagram:2775 - set Specific Code input for plugin: CRC
2025-10-27 16:58:57,860 [INFO] CodeGenerator:882 - code generatio: config db path: C:\ST\STM32CubeIDE_1.18.0\STM32CubeIDE\plugins\com.st.stm32cube.common.mx_6.14.0.202502271554\\db\
2025-10-27 16:58:58,005 [INFO] CodeEngine:263 - oldGeneratedFile, D:\Bootloader_Course\P_1\MXTmpFiles\license.tmp_save
2025-10-27 16:58:58,113 [INFO] CodeEngine:287 - Generated code: D:\Bootloader_Course\P_1\MXTmpFiles\license.tmp
2025-10-27 16:58:58,149 [INFO] CodeEngine:263 - oldGeneratedFile, D:\Bootloader_Course\P_1\MXTmpFiles\gpio.tmp_save
2025-10-27 16:58:58,267 [INFO] CodeEngine:287 - Generated code: D:\Bootloader_Course\P_1\MXTmpFiles\gpio.tmp
2025-10-27 16:58:58,374 [INFO] CodeEngine:263 - oldGeneratedFile, D:\Bootloader_Course\P_1\Core\Src\stm32f4xx_it.c_save
2025-10-27 16:58:58,481 [INFO] CodeEngine:287 - Generated code: D:\Bootloader_Course\P_1\Core\Src\stm32f4xx_it.c
2025-10-27 16:58:58,485 [INFO] CodeEngine:263 - oldGeneratedFile, D:\Bootloader_Course\P_1\Core\Inc\stm32f4xx_it.h_save
2025-10-27 16:58:58,591 [INFO] CodeEngine:287 - Generated code: D:\Bootloader_Course\P_1\Core\Inc\stm32f4xx_it.h
2025-10-27 16:58:58,604 [INFO] CodeEngine:263 - oldGeneratedFile, D:\Bootloader_Course\P_1\Core\Src\stm32f4xx_hal_msp.c_save
2025-10-27 16:58:58,768 [INFO] CodeEngine:287 - Generated code: D:\Bootloader_Course\P_1\Core\Src\stm32f4xx_hal_msp.c
2025-10-27 16:58:58,772 [INFO] CodeEngine:263 - oldGeneratedFile, D:\Bootloader_Course\P_1\MXTmpFiles\system.tmp_save
2025-10-27 16:58:58,891 [INFO] CodeEngine:287 - Generated code: D:\Bootloader_Course\P_1\MXTmpFiles\system.tmp
2025-10-27 16:58:58,903 [INFO] CodeEngine:319 - oldGeneratedFile, D:\Bootloader_Course\P_1\Core\Inc\stm32f4xx_hal_conf.h_save
2025-10-27 16:58:59,010 [INFO] CodeEngine:343 - Generated code: D:\Bootloader_Course\P_1\Core\Inc\stm32f4xx_hal_conf.h
2025-10-27 16:58:59,056 [INFO] ApiDbMcu:508 - Load IP Config File for CRC
2025-10-27 16:58:59,067 [INFO] ApiDbMcu:508 - Load IP Config File for USART2
2025-10-27 16:58:59,076 [INFO] CodeEngine:263 - oldGeneratedFile, D:\Bootloader_Course\P_1\Core\Inc\main.h_save
2025-10-27 16:58:59,172 [INFO] CodeEngine:287 - Generated code: D:\Bootloader_Course\P_1\Core\Inc\main.h
2025-10-27 16:58:59,176 [INFO] CodeEngine:263 - oldGeneratedFile, D:\Bootloader_Course\P_1\Core\Src\main.c_save
2025-10-27 16:58:59,378 [INFO] CodeEngine:287 - Generated code: D:\Bootloader_Course\P_1\Core\Src\main.c
2025-10-27 16:58:59,756 [INFO] ProjectBuilder:3324 - Time for Copy HAL[1] : 115mS.
2025-10-27 16:58:59,759 [INFO] ProjectBuilder:4912 - Project Generator version: 4.6.0-B36
2025-10-27 16:58:59,869 [INFO] ConfigFileManager:1590 - The Die is : DIE431
2025-10-27 16:59:01,309 [INFO] ProjectBuilder:5191 - Time for Generating toolchain IDE Files: 1550mS.
2025-10-27 16:59:01,309 [INFO] ProjectBuilder:3181 - Time for Copy CMSIS : 0mS.
2025-10-27 16:59:01,311 [INFO] ProjectBuilder:3181 - Time for Copy CMSIS : 0mS.
2025-10-27 17:01:12,388 [INFO] Activator:176 - 


2025-10-27 17:01:12,392 [INFO] Activator:177 - !SESSION log4j initialized
2025-10-27 17:01:21,190 [INFO] LogOutputStream:77 - [STDOUT_REDIRECT] 
2025-10-27 17:01:22,391 [INFO] ApplicationProperties:184 - Using Application install path: C:\ST\STM32CubeIDE_1.18.0\STM32CubeIDE\plugins\com.st.stm32cube.common.mx_6.14.0.202502271554
2025-10-27 17:01:22,415 [INFO] DbMcusXml:78 - Set database path to: C:\ST\STM32CubeIDE_1.18.0\STM32CubeIDE\plugins\com.st.stm32cube.common.mx_6.14.0.202502271554\\db\/mcu/
2025-10-27 17:01:22,416 [INFO] ApiDb:274 - Set plugin database path to: C:\ST\STM32CubeIDE_1.18.0\STM32CubeIDE\plugins\com.st.stm32cube.common.mx_6.14.0.202502271554\\db\/plugins/boardmanager/
2025-10-27 17:01:22,416 [WARN] ApiDb:259 - Overriding images path with different value:  => C:\ST\STM32CubeIDE_1.18.0\STM32CubeIDE\plugins\com.st.stm32cube.common.mx_6.14.0.202502271554\\db\/plugins/mcufinder/images/
2025-10-27 17:01:22,425 [INFO] ApiDb:250 - Set database path to: C:\Users\user\.stmcufinder\plugins\mcufinder//mcu/
2025-10-27 17:01:22,427 [INFO] DbMcusAds:125 - Set database path to: C:\Users\user\.stmcufinder\plugins\mcufinder//mcu/
2025-10-27 17:01:22,430 [INFO] CrossReferenceDbSqlite:203 - Set database path to: C:\Users\user\.stmcufinder\plugins\mcufinder//mcu/cs/
2025-10-27 17:01:22,572 [INFO] RulesReader:64 - Compatibility file has been processed (301 Rules)
2025-10-27 17:01:22,658 [INFO] DbMcusXml:78 - Set database path to: C:\ST\STM32CubeIDE_1.18.0\STM32CubeIDE\plugins\com.st.stm32cube.common.mx_6.14.0.202502271554\\db\/mcu/
2025-10-27 17:01:22,658 [INFO] ApiDb:274 - Set plugin database path to: C:\ST\STM32CubeIDE_1.18.0\STM32CubeIDE\plugins\com.st.stm32cube.common.mx_6.14.0.202502271554\\db\/plugins/boardmanager/
2025-10-27 17:01:22,658 [INFO] ApiDb:261 - Set plugin images path to: C:\ST\STM32CubeIDE_1.18.0\STM32CubeIDE\plugins\com.st.stm32cube.common.mx_6.14.0.202502271554\\db\/plugins/mcufinder/images/
2025-10-27 17:01:22,658 [WARN] DbFile:41 - Overriding database path with different value: C:\Users\user\.stmcufinder\plugins\mcufinder/ => C:\Users\user\.stmcufinder\plugins\mcufinder
2025-10-27 17:01:22,659 [INFO] ApiDb:250 - Set database path to: C:\Users\user\.stmcufinder\plugins\mcufinder//mcu/
2025-10-27 17:01:22,659 [WARN] DbFile:41 - Overriding database path with different value: C:\Users\user\.stmcufinder\plugins\mcufinder/ => C:\Users\user\.stmcufinder\plugins\mcufinder
2025-10-27 17:01:22,659 [INFO] DbMcusAds:125 - Set database path to: C:\Users\user\.stmcufinder\plugins\mcufinder//mcu/
2025-10-27 17:01:22,659 [WARN] DbFile:41 - Overriding database path with different value: C:\Users\user\.stmcufinder\plugins\mcufinder/ => C:\Users\user\.stmcufinder\plugins\mcufinder
2025-10-27 17:01:22,659 [WARN] DbFile:41 - Overriding database path with different value: C:\Users\user\.stmcufinder\plugins\mcufinder/ => C:\Users\user\.stmcufinder\plugins\mcufinder
2025-10-27 17:01:22,659 [INFO] CrossReferenceDbSqlite:203 - Set database path to: C:\Users\user\.stmcufinder\plugins\mcufinder//mcu/cs/
2025-10-27 17:01:22,786 [INFO] MainPanel:272 - HeapMemory: 268435456
2025-10-27 17:01:22,887 [INFO] DbMcusXml:78 - Set database path to: C:\ST\STM32CubeIDE_1.18.0\STM32CubeIDE\plugins\com.st.stm32cube.common.mx_6.14.0.202502271554\\db\/mcu/
2025-10-27 17:01:22,887 [INFO] ApiDb:274 - Set plugin database path to: C:\ST\STM32CubeIDE_1.18.0\STM32CubeIDE\plugins\com.st.stm32cube.common.mx_6.14.0.202502271554\\db\/plugins/boardmanager/
2025-10-27 17:01:22,887 [INFO] ApiDb:261 - Set plugin images path to: C:\ST\STM32CubeIDE_1.18.0\STM32CubeIDE\plugins\com.st.stm32cube.common.mx_6.14.0.202502271554\\db\/plugins/mcufinder/images/
2025-10-27 17:01:22,887 [WARN] DbFile:41 - Overriding database path with different value: C:\Users\user\.stmcufinder\plugins\mcufinder/ => C:\Users\user\.stmcufinder\plugins\mcufinder
2025-10-27 17:01:22,887 [INFO] ApiDb:250 - Set database path to: C:\Users\user\.stmcufinder\plugins\mcufinder//mcu/
2025-10-27 17:01:22,888 [WARN] DbFile:41 - Overriding database path with different value: C:\Users\user\.stmcufinder\plugins\mcufinder/ => C:\Users\user\.stmcufinder\plugins\mcufinder
2025-10-27 17:01:22,888 [INFO] DbMcusAds:125 - Set database path to: C:\Users\user\.stmcufinder\plugins\mcufinder//mcu/
2025-10-27 17:01:22,888 [WARN] DbFile:41 - Overriding database path with different value: C:\Users\user\.stmcufinder\plugins\mcufinder/ => C:\Users\user\.stmcufinder\plugins\mcufinder
2025-10-27 17:01:22,888 [WARN] DbFile:41 - Overriding database path with different value: C:\Users\user\.stmcufinder\plugins\mcufinder/ => C:\Users\user\.stmcufinder\plugins\mcufinder
2025-10-27 17:01:22,888 [INFO] CrossReferenceDbSqlite:203 - Set database path to: C:\Users\user\.stmcufinder\plugins\mcufinder//mcu/cs/
2025-10-27 17:01:22,910 [INFO] ApplicationProperties:184 - Using Application install path: C:\ST\STM32CubeIDE_1.18.0\STM32CubeIDE\plugins\com.st.stm32cube.common.mx_6.14.0.202502271554
2025-10-27 17:01:22,912 [INFO] PluginManage:196 - Search for loadable plugins [exclusion list=, ]
2025-10-27 17:01:22,913 [INFO] PluginManage:310 - Check plugin analytics
2025-10-27 17:01:23,161 [INFO] AnalyticsPlugin:253 - Accepted Software Licenses: 
2025-10-27 17:01:23,162 [INFO] AnalyticsPlugin:255 - Accepted CMSIS Pack Licenses: 
2025-10-27 17:01:23,162 [INFO] AnalyticsPlugin:257 - Accepted Firmware Licenses: FW.F4.1.28.0
2025-10-27 17:01:23,166 [INFO] PluginManage:359 - Loaded plugin analytics (category:tool,tabindex:-1)
2025-10-27 17:01:23,167 [INFO] PluginManage:310 - Check plugin cadmodel
2025-10-27 17:01:23,177 [INFO] CADModel:105 - Init CAD model plugin
2025-10-27 17:01:23,177 [INFO] PluginManage:359 - Loaded plugin cadmodel (category:power,tabindex:5)
2025-10-27 17:01:23,178 [INFO] PluginManage:310 - Check plugin clock
2025-10-27 17:01:23,193 [INFO] PluginManage:359 - Loaded plugin clock (category:base,tabindex:2)
2025-10-27 17:01:23,193 [INFO] PluginManage:310 - Check plugin ddr
2025-10-27 17:01:23,196 [INFO] PluginManage:359 - Loaded plugin ddr (category:tool,tabindex:6)
2025-10-27 17:01:23,196 [INFO] PluginManage:310 - Check plugin filemanager
2025-10-27 17:01:23,385 [INFO] PluginManage:359 - Loaded plugin filemanager (category:base,tabindex:10)
2025-10-27 17:01:23,385 [INFO] PluginManage:310 - Check plugin ipmanager
2025-10-27 17:01:23,392 [INFO] PluginManage:359 - Loaded plugin ipmanager (category:base,tabindex:5)
2025-10-27 17:01:23,392 [INFO] PluginManage:310 - Check plugin lpbam
2025-10-27 17:01:23,400 [INFO] PluginManage:359 - Loaded plugin lpbam (category:base,tabindex:0)
2025-10-27 17:01:23,400 [INFO] PluginManage:310 - Check plugin memorymap
2025-10-27 17:01:23,412 [INFO] PluginManage:359 - Loaded plugin memorymap (category:base,tabindex:4)
2025-10-27 17:01:23,412 [INFO] PluginManage:310 - Check plugin pinoutandconfiguration
2025-10-27 17:01:23,421 [INFO] PluginManage:359 - Loaded plugin pinoutandconfiguration (category:base,tabindex:1)
2025-10-27 17:01:23,422 [INFO] PluginManage:310 - Check plugin pinoutconfig
2025-10-27 17:01:23,542 [WARN] SupportedApi:132 - Cannot load RTOS API schema: s4s-elt-must-match.1: The content of 'definitions' must match (annotation?, (simpleType | complexType)?, (unique | key | keyref)*)). A problem was found starting at: attribute.
2025-10-27 17:01:23,714 [INFO] PluginManage:359 - Loaded plugin pinoutconfig (category:base,tabindex:0)
2025-10-27 17:01:23,714 [INFO] PluginManage:310 - Check plugin power
2025-10-27 17:01:23,727 [INFO] PluginManage:359 - Loaded plugin power (category:power,tabindex:4)
2025-10-27 17:01:23,727 [INFO] PluginManage:310 - Check plugin projectmanager
2025-10-27 17:01:23,749 [INFO] PluginManage:359 - Loaded plugin projectmanager (category:projectmanager,tabindex:4)
2025-10-27 17:01:23,749 [INFO] PluginManage:310 - Check plugin rif
2025-10-27 17:01:23,758 [INFO] PluginManage:359 - Loaded plugin rif (category:base,tabindex:3)
2025-10-27 17:01:23,758 [INFO] PluginManage:310 - Check plugin thirdparty
2025-10-27 17:01:23,949 [INFO] PluginManage:359 - Loaded plugin thirdparty (category:base,tabindex:-1)
2025-10-27 17:01:23,949 [INFO] PluginManage:310 - Check plugin tools
2025-10-27 17:01:23,949 [WARN] IntegrityCheckThread:84 - waiting for thirdparty lock release [integrity check]
2025-10-27 17:01:23,950 [INFO] IntegrityCheckThread:86 - entering critical section [integrity check]
2025-10-27 17:01:23,951 [INFO] ThirdPartyUpdaterWithRetryManager:70 - Updater plugin not ready yet. [1/15]
2025-10-27 17:01:23,953 [INFO] PluginManage:359 - Loaded plugin tools (category:base,tabindex:7)
2025-10-27 17:01:23,953 [INFO] PluginManage:310 - Check plugin tutovideos
2025-10-27 17:01:24,134 [INFO] PluginManage:359 - Loaded plugin tutovideos (category:base,tabindex:-1)
2025-10-27 17:01:24,134 [INFO] PluginManage:310 - Check plugin updater
2025-10-27 17:01:24,160 [INFO] PluginManage:359 - Loaded plugin updater (category:base,tabindex:12)
2025-10-27 17:01:24,160 [INFO] PluginManage:310 - Check plugin userauth
2025-10-27 17:01:24,165 [INFO] UserAuth:118 - Init User Auth plugin
2025-10-27 17:01:24,166 [INFO] PluginManage:359 - Loaded plugin userauth (category:base,tabindex:14)
2025-10-27 17:01:24,166 [INFO] PluginManage:283 - PluginManage : Loaded plugins [18]
2025-10-27 17:01:24,451 [INFO] PinOutPanel:1589 - setPackage(No Configuration,No Configuration)
2025-10-27 17:01:24,564 [INFO] CADModel:165 - CPN selected for project level
2025-10-27 17:01:24,564 [INFO] CADModel:114 - Register for checkConnection events
2025-10-27 17:01:24,583 [INFO] IPUIPlugin:80 - create IPUIPlugin
2025-10-27 17:01:24,583 [INFO] PluginManager:220 - loadIPPluginJar : add adc
2025-10-27 17:01:24,587 [INFO] IPUIPlugin:80 - create IPUIPlugin
2025-10-27 17:01:24,588 [INFO] PluginManager:220 - loadIPPluginJar : add aes
2025-10-27 17:01:24,591 [INFO] IPUIPlugin:80 - create IPUIPlugin
2025-10-27 17:01:24,591 [INFO] PluginManager:220 - loadIPPluginJar : add can
2025-10-27 17:01:24,594 [INFO] IPUIPlugin:80 - create IPUIPlugin
2025-10-27 17:01:24,594 [INFO] PluginManager:220 - loadIPPluginJar : add comp
2025-10-27 17:01:24,597 [INFO] IPUIPlugin:80 - create IPUIPlugin
2025-10-27 17:01:24,597 [INFO] PluginManager:220 - loadIPPluginJar : add cryp
2025-10-27 17:01:24,599 [INFO] IPUIPlugin:80 - create IPUIPlugin
2025-10-27 17:01:24,600 [INFO] PluginManager:220 - loadIPPluginJar : add ddr_ctrl_phy
2025-10-27 17:01:24,603 [INFO] IPUIPlugin:80 - create IPUIPlugin
2025-10-27 17:01:24,603 [INFO] PluginManager:220 - loadIPPluginJar : add dfsdm
2025-10-27 17:01:24,609 [INFO] IPUIPlugin:80 - create IPUIPlugin
2025-10-27 17:01:24,610 [INFO] PluginManager:220 - loadIPPluginJar : add dma
2025-10-27 17:01:24,613 [INFO] IPUIPlugin:80 - create IPUIPlugin
2025-10-27 17:01:24,613 [INFO] PluginManager:220 - loadIPPluginJar : add dma3
2025-10-27 17:01:24,616 [INFO] IPUIPlugin:80 - create IPUIPlugin
2025-10-27 17:01:24,616 [INFO] PluginManager:220 - loadIPPluginJar : add extmemmanager
2025-10-27 17:01:24,618 [INFO] IPUIPlugin:80 - create IPUIPlugin
2025-10-27 17:01:24,618 [INFO] PluginManager:220 - loadIPPluginJar : add fatfs
2025-10-27 17:01:24,623 [INFO] IPUIPlugin:80 - create IPUIPlugin
2025-10-27 17:01:24,623 [INFO] PluginManager:220 - loadIPPluginJar : add fmc
2025-10-27 17:01:24,631 [INFO] IPUIPlugin:80 - create IPUIPlugin
2025-10-27 17:01:24,632 [INFO] PluginManager:220 - loadIPPluginJar : add freertos
2025-10-27 17:01:24,634 [INFO] IPUIPlugin:80 - create IPUIPlugin
2025-10-27 17:01:24,634 [INFO] PluginManager:220 - loadIPPluginJar : add genericplugin
2025-10-27 17:01:24,637 [INFO] IPUIPlugin:80 - create IPUIPlugin
2025-10-27 17:01:24,638 [INFO] PluginManager:220 - loadIPPluginJar : add gfxmmu
2025-10-27 17:01:24,646 [INFO] IPUIPlugin:80 - create IPUIPlugin
2025-10-27 17:01:24,646 [INFO] PluginManager:220 - loadIPPluginJar : add gic
2025-10-27 17:01:24,652 [INFO] IPUIPlugin:80 - create IPUIPlugin
2025-10-27 17:01:24,652 [INFO] PluginManager:220 - loadIPPluginJar : add gpio
2025-10-27 17:01:24,656 [INFO] IPUIPlugin:80 - create IPUIPlugin
2025-10-27 17:01:24,657 [INFO] PluginManager:220 - loadIPPluginJar : add gtzc
2025-10-27 17:01:24,660 [INFO] IPUIPlugin:80 - create IPUIPlugin
2025-10-27 17:01:24,660 [INFO] PluginManager:220 - loadIPPluginJar : add hash
2025-10-27 17:01:24,665 [INFO] IPUIPlugin:80 - create IPUIPlugin
2025-10-27 17:01:24,665 [INFO] PluginManager:220 - loadIPPluginJar : add i2c
2025-10-27 17:01:24,668 [INFO] IPUIPlugin:80 - create IPUIPlugin
2025-10-27 17:01:24,669 [INFO] PluginManager:220 - loadIPPluginJar : add i2s
2025-10-27 17:01:24,674 [INFO] IPUIPlugin:80 - create IPUIPlugin
2025-10-27 17:01:24,674 [INFO] PluginManager:220 - loadIPPluginJar : add i3c
2025-10-27 17:01:24,678 [INFO] IPUIPlugin:80 - create IPUIPlugin
2025-10-27 17:01:24,678 [INFO] PluginManager:220 - loadIPPluginJar : add ipddr
2025-10-27 17:01:24,687 [INFO] IPUIPlugin:80 - create IPUIPlugin
2025-10-27 17:01:24,687 [INFO] PluginManager:220 - loadIPPluginJar : add linkedlist
2025-10-27 17:01:24,691 [INFO] IPUIPlugin:80 - create IPUIPlugin
2025-10-27 17:01:24,691 [INFO] PluginManager:220 - loadIPPluginJar : add lorawan
2025-10-27 17:01:24,694 [INFO] IPUIPlugin:80 - create IPUIPlugin
2025-10-27 17:01:24,694 [INFO] PluginManager:220 - loadIPPluginJar : add ltdc
2025-10-27 17:01:24,702 [INFO] IPUIPlugin:80 - create IPUIPlugin
2025-10-27 17:01:24,702 [INFO] PluginManager:220 - loadIPPluginJar : add mdma
2025-10-27 17:01:24,708 [INFO] IPUIPlugin:80 - create IPUIPlugin
2025-10-27 17:01:24,708 [INFO] PluginManager:220 - loadIPPluginJar : add nvic
2025-10-27 17:01:24,712 [INFO] IPUIPlugin:80 - create IPUIPlugin
2025-10-27 17:01:24,712 [INFO] PluginManager:220 - loadIPPluginJar : add opamp
2025-10-27 17:01:24,716 [INFO] IPUIPlugin:80 - create IPUIPlugin
2025-10-27 17:01:24,716 [INFO] PluginManager:220 - loadIPPluginJar : add openamp
2025-10-27 17:01:24,720 [INFO] IPUIPlugin:80 - create IPUIPlugin
2025-10-27 17:01:24,720 [INFO] PluginManager:220 - loadIPPluginJar : add pdm2pcm
2025-10-27 17:01:24,728 [INFO] IPUIPlugin:80 - create IPUIPlugin
2025-10-27 17:01:24,731 [INFO] PluginManager:220 - loadIPPluginJar : add plateformsettings
2025-10-27 17:01:24,733 [INFO] IPUIPlugin:80 - create IPUIPlugin
2025-10-27 17:01:24,733 [INFO] PluginManager:220 - loadIPPluginJar : add quadspi
2025-10-27 17:01:24,736 [INFO] IPUIPlugin:80 - create IPUIPlugin
2025-10-27 17:01:24,736 [INFO] PluginManager:220 - loadIPPluginJar : add radio
2025-10-27 17:01:24,741 [INFO] IPUIPlugin:80 - create IPUIPlugin
2025-10-27 17:01:24,741 [INFO] PluginManager:220 - loadIPPluginJar : add resmgrutility
2025-10-27 17:01:24,745 [INFO] IPUIPlugin:80 - create IPUIPlugin
2025-10-27 17:01:24,745 [INFO] PluginManager:220 - loadIPPluginJar : add sai
2025-10-27 17:01:24,749 [INFO] IPUIPlugin:80 - create IPUIPlugin
2025-10-27 17:01:24,749 [INFO] PluginManager:220 - loadIPPluginJar : add spi
2025-10-27 17:01:24,758 [INFO] IPUIPlugin:80 - create IPUIPlugin
2025-10-27 17:01:24,758 [INFO] PluginManager:220 - loadIPPluginJar : add stm32_wpan
2025-10-27 17:01:24,760 [INFO] IPUIPlugin:80 - create IPUIPlugin
2025-10-27 17:01:24,760 [INFO] PluginManager:220 - loadIPPluginJar : add tim
2025-10-27 17:01:24,764 [INFO] IPUIPlugin:80 - create IPUIPlugin
2025-10-27 17:01:24,765 [INFO] PluginManager:220 - loadIPPluginJar : add touchsensing
2025-10-27 17:01:24,767 [INFO] IPUIPlugin:80 - create IPUIPlugin
2025-10-27 17:01:24,768 [INFO] PluginManager:220 - loadIPPluginJar : add tracer_emb
2025-10-27 17:01:24,770 [INFO] IPUIPlugin:80 - create IPUIPlugin
2025-10-27 17:01:24,771 [INFO] PluginManager:220 - loadIPPluginJar : add ts
2025-10-27 17:01:24,773 [INFO] IPUIPlugin:80 - create IPUIPlugin
2025-10-27 17:01:24,774 [INFO] PluginManager:220 - loadIPPluginJar : add tsc
2025-10-27 17:01:24,776 [INFO] IPUIPlugin:80 - create IPUIPlugin
2025-10-27 17:01:24,777 [INFO] PluginManager:220 - loadIPPluginJar : add ucpd
2025-10-27 17:01:24,780 [INFO] IPUIPlugin:80 - create IPUIPlugin
2025-10-27 17:01:24,780 [INFO] PluginManager:220 - loadIPPluginJar : add usart
2025-10-27 17:01:24,785 [INFO] IPUIPlugin:80 - create IPUIPlugin
2025-10-27 17:01:24,785 [INFO] PluginManager:220 - loadIPPluginJar : add usbx
2025-10-27 17:01:24,931 [FATAL] Updater:351 - Updater called before beeing initialized
2025-10-27 17:01:24,969 [INFO] RulesReader:64 - Compatibility file has been processed (301 Rules)
2025-10-27 17:01:24,987 [INFO] RulesReader:64 - Compatibility file has been processed (301 Rules)
2025-10-27 17:01:24,996 [INFO] CADModel:165 - CPN selected for project level
2025-10-27 17:01:24,996 [INFO] CADModel:114 - Register for checkConnection events
2025-10-27 17:01:24,997 [FATAL] Updater:351 - Updater called before beeing initialized
2025-10-27 17:01:24,997 [ERROR] CADModel:125 - Updater not yet initialized, retry later 
2025-10-27 17:01:25,174 [FATAL] Updater:351 - Updater called before beeing initialized
2025-10-27 17:01:25,176 [INFO] CADModel:165 - CPN selected for project level
2025-10-27 17:01:25,176 [INFO] CADModel:114 - Register for checkConnection events
2025-10-27 17:01:25,176 [FATAL] Updater:351 - Updater called before beeing initialized
2025-10-27 17:01:25,176 [ERROR] CADModel:125 - Updater not yet initialized, retry later 
2025-10-27 17:01:25,181 [FATAL] Updater:351 - Updater called before beeing initialized
2025-10-27 17:01:25,336 [FATAL] Updater:351 - Updater called before beeing initialized
2025-10-27 17:01:25,341 [INFO] DbMcusAds:53 - JSON generation date=Thu Oct 02 15:06:05 IST 2025 (1759397765645)
2025-10-27 17:01:25,341 [FATAL] Updater:351 - Updater called before beeing initialized
2025-10-27 17:01:25,381 [WARN] DetailPanel:346 - Failed to get advertising image, set to default
2025-10-27 17:01:25,786 [FATAL] Updater:351 - Updater called before beeing initialized
2025-10-27 17:01:25,789 [FATAL] Updater:351 - Updater called before beeing initialized
2025-10-27 17:01:25,789 [FATAL] Updater:351 - Updater called before beeing initialized
2025-10-27 17:01:25,789 [WARN] DetailPanel:346 - Failed to get advertising image, set to default
2025-10-27 17:01:25,791 [FATAL] Updater:351 - Updater called before beeing initialized
2025-10-27 17:01:25,852 [ERROR] Updater:1198 - MainUpdater not yet initialized. External WinMGr cannot be set.
2025-10-27 17:01:25,854 [INFO] Updater:1134 - Updater Version found : 6.14.0
2025-10-27 17:01:25,873 [INFO] ApplicationProperties:184 - Using Application install path: C:\ST\STM32CubeIDE_1.18.0\STM32CubeIDE\plugins\com.st.stm32cube.common.mx_6.14.0.202502271554
2025-10-27 17:01:26,953 [INFO] ThirdPartyUpdaterWithRetryManager:70 - Updater plugin not ready yet. [2/15]
2025-10-27 17:01:27,444 [ERROR] LogOutputStream:75 - [STDERR_REDIRECT] Oct 27, 2025 5:01:27 PM java.util.prefs.WindowsPreferences <init>
2025-10-27 17:01:27,447 [ERROR] LogOutputStream:75 - [STDERR_REDIRECT] WARNING: Could not open/create prefs root node Software\JavaSoft\Prefs at root 0xffffffff80000002. Windows RegCreateKeyEx(...) returned error code 5.
2025-10-27 17:01:27,447 [ERROR] LogOutputStream:75 - [STDERR_REDIRECT] 
2025-10-27 17:01:27,980 [INFO] MainUpdater:2872 - connection check result : 10
2025-10-27 17:01:27,981 [INFO] MainUpdater:289 - Updater Check For Update Now.
2025-10-27 17:01:27,981 [INFO] MicroXplorer:498 - Change Database Version : DB.6.0.140
2025-10-27 17:01:27,988 [INFO] McuFinderGlobals:63 - Set McuFinder mode to 2 (CubeIDE integrated)
2025-10-27 17:01:27,989 [INFO] UserAuth:486 - Internet connection configuration mode: 1
2025-10-27 17:01:28,008 [INFO] JxBrowserEngine:152 - Initiate JxBrowser Engine with user profile folder
2025-10-27 17:01:28,236 [INFO] CheckServerUpdateThread:120 - End of CheckServer Thread
2025-10-27 17:01:28,873 [INFO] WebApp:169 - Instantiating new browser for Auth
2025-10-27 17:01:29,815 [INFO] WebApp:463 - Apply proxy settings
2025-10-27 17:01:29,815 [INFO] WebApp:548 - Chromium requires no authentication
2025-10-27 17:01:29,833 [INFO] WebApp:491 - Direct internet connection detected
2025-10-27 17:01:29,884 [INFO] WebApp:894 - Register for checkConnection events
2025-10-27 17:01:29,885 [INFO] WebApp:463 - Apply proxy settings
2025-10-27 17:01:29,885 [INFO] WebApp:548 - Chromium requires no authentication
2025-10-27 17:01:29,886 [INFO] WebApp:491 - Direct internet connection detected
2025-10-27 17:01:30,265 [INFO] WebApp:225 - Starting web application
2025-10-27 17:01:30,266 [INFO] WebApp:593 - Web application path used C:\ST\STM32CubeIDE_1.18.0\STM32CubeIDE\plugins\com.st.stm32cube.common.mx_6.14.0.202502271554\db\plugins\mcufinder\reactClient1\index.html
2025-10-27 17:01:30,278 [INFO] WebApp:191 - Connection restablished
2025-10-27 17:01:30,390 [WARN] PackLoader:240 - Cannot read IP mode file for STMicroelectronics.FP-SNS-MOTENVWB1.1.4.0
2025-10-27 17:01:30,404 [WARN] PackLoader:240 - Cannot read IP mode file for STMicroelectronics.FP-ATR-ASTRA1.2.0.2
2025-10-27 17:01:30,415 [WARN] PackLoader:240 - Cannot read IP mode file for STMicroelectronics.X-CUBE-SMBUS.2.1.0
2025-10-27 17:01:30,424 [WARN] PackLoader:240 - Cannot read IP mode file for STMicroelectronics.X-CUBE-ST60.1.0.0
2025-10-27 17:01:30,491 [WARN] PackLoader:240 - Cannot read IP mode file for STMicroelectronics.X-CUBE-AZRTOS-F7.1.1.0
2025-10-27 17:01:30,554 [WARN] PackLoader:240 - Cannot read IP mode file for Infineon.AIROC-Wi-Fi-Bluetooth-STM32.1.7.1
2025-10-27 17:01:30,609 [WARN] PackLoader:240 - Cannot read IP mode file for STMicroelectronics.X-CUBE-AZRTOS-H7.3.4.0
2025-10-27 17:01:30,628 [WARN] PackLoader:240 - Cannot read IP mode file for STMicroelectronics.X-CUBE-DISPLAY.3.0.0
2025-10-27 17:01:30,677 [WARN] PackLoader:240 - Cannot read IP mode file for STMicroelectronics.X-CUBE-NFC10.1.0.0
2025-10-27 17:01:30,686 [INFO] UserAuth:486 - Internet connection configuration mode: 1
2025-10-27 17:01:31,037 [WARN] PackLoader:240 - Cannot read IP mode file for STMicroelectronics.X-CUBE-ST60.1.1.0
2025-10-27 17:01:31,047 [WARN] PackLoader:240 - Cannot read IP mode file for emotas.I-CUBE-CANOPEN.1.3.0
2025-10-27 17:01:31,054 [ERROR] Engine:466 - C:\Users\user\.stm32cubemx\thirdparties\pdsc\STMicroelectronics.FP-SNS-STBOX1.2.1.0.pdsc: PDSC version is not supported
2025-10-27 17:01:31,060 [WARN] PackLoader:240 - Cannot read IP mode file for STMicroelectronics.FP-SNS-SMARTAG2.1.2.0
2025-10-27 17:01:31,065 [WARN] PackLoader:240 - Cannot read IP mode file for STMicroelectronics.FP-SNS-FLIGHT1.5.1.0
2025-10-27 17:01:31,078 [INFO] LogOutputStream:77 - [STDOUT_REDIRECT] 1 : Invalid condition id : UX_CORESTACK_Condition cause : null
2025-10-27 17:01:31,079 [INFO] LogOutputStream:77 - [STDOUT_REDIRECT] 1 : Invalid condition id : UX_CORESTACK_Condition cause : null
2025-10-27 17:01:31,080 [INFO] LogOutputStream:77 - [STDOUT_REDIRECT] 1 : Invalid condition id : UX_CORESTACK_Condition cause : null
2025-10-27 17:01:31,082 [INFO] LogOutputStream:77 - [STDOUT_REDIRECT] 1 : Invalid condition id : UX_CORESTACK_Condition cause : null
2025-10-27 17:01:31,084 [INFO] LogOutputStream:77 - [STDOUT_REDIRECT] 1 : Invalid condition id : UX_CORESTACK_Condition cause : null
2025-10-27 17:01:31,090 [WARN] PackLoader:240 - Cannot read IP mode file for STMicroelectronics.X-CUBE-AZRTOS-WL.2.0.0
2025-10-27 17:01:31,099 [WARN] PackLoader:240 - Cannot read IP mode file for STMicroelectronics.FP-SNS-MOTENV1.5.0.0
2025-10-27 17:01:31,112 [WARN] PackLoader:240 - Cannot read IP mode file for WES.I-CUBE-Cesium.1.3.0
2025-10-27 17:01:31,137 [WARN] PackLoader:240 - Cannot read IP mode file for STMicroelectronics.X-CUBE-BLE2.3.3.0
2025-10-27 17:01:31,205 [WARN] PackLoader:240 - Cannot read IP mode file for STMicroelectronics.X-CUBE-NFC9.1.0.0
2025-10-27 17:01:31,214 [WARN] PackLoader:240 - Cannot read IP mode file for wolfSSL.I-CUBE-wolfSSL.5.8.2
2025-10-27 17:01:31,220 [WARN] PackLoader:240 - Cannot read IP mode file for STMicroelectronics.X-CUBE-BLE1.7.1.0
2025-10-27 17:01:31,225 [WARN] PackLoader:240 - Cannot read IP mode file for wolfSSL.I-CUBE-wolfMQTT.1.19.2
2025-10-27 17:01:31,232 [WARN] PackLoader:240 - Cannot read IP mode file for STMicroelectronics.X-CUBE-EEPRMA1.5.2.0
2025-10-27 17:01:31,240 [ERROR] Engine:466 - C:\Users\user\.stm32cubemx\thirdparties\pdsc\STMicroelectronics.X-CUBE-ST67W61.1.1.0.pdsc: PDSC version is not supported
2025-10-27 17:01:31,244 [WARN] PackLoader:240 - Cannot read IP mode file for STMicroelectronics.X-CUBE-AI.10.1.0
2025-10-27 17:01:31,264 [WARN] PackLoader:240 - Cannot read IP mode file for STMicroelectronics.X-CUBE-AZRTOS-G0.1.1.0
2025-10-27 17:01:31,419 [WARN] PackLoader:240 - Cannot read IP mode file for STMicroelectronics.X-CUBE-SAFEA1.1.2.2
2025-10-27 17:01:31,427 [WARN] PackLoader:240 - Cannot read IP mode file for STMicroelectronics.X-CUBE-NFC4.3.0.0
2025-10-27 17:01:31,468 [WARN] PackLoader:240 - Cannot read IP mode file for EmbeddedOffice.I-CUBE-FS-RTOS.1.0.1
2025-10-27 17:01:31,477 [WARN] PackLoader:240 - Cannot read IP mode file for STMicroelectronics.X-CUBE-WB05N.2.0.0
2025-10-27 17:01:31,500 [WARN] PackLoader:240 - Cannot read IP mode file for wolfSSL.I-CUBE-wolfTPM.3.8.0
2025-10-27 17:01:31,516 [WARN] PackLoader:240 - Cannot read IP mode file for STMicroelectronics.X-CUBE-TCPP.4.2.0
2025-10-27 17:01:31,532 [WARN] PackLoader:240 - Cannot read IP mode file for RealThread.X-CUBE-RT-Thread_Nano.4.1.1
2025-10-27 17:01:31,538 [WARN] PackLoader:240 - Cannot read IP mode file for STMicroelectronics.FP-ATR-SIGFOX1.3.2.0
2025-10-27 17:01:31,545 [WARN] PackLoader:240 - Cannot read IP mode file for ITTIA_DB.I-CUBE-ITTIADB.8.9.0
2025-10-27 17:01:31,556 [WARN] PackLoader:240 - Cannot read IP mode file for STMicroelectronics.X-CUBE-ST67W61.1.0.0
2025-10-27 17:01:31,562 [WARN] PackLoader:240 - Cannot read IP mode file for STMicroelectronics.X-CUBE-AI.10.2.0
2025-10-27 17:01:31,616 [WARN] PackLoader:240 - Cannot read IP mode file for SEGGER.I-CUBE-embOS.1.3.1
2025-10-27 17:01:32,233 [WARN] PackLoader:240 - Cannot read IP mode file for STMicroelectronics.X-CUBE-ALGOBUILD.1.4.0
2025-10-27 17:01:32,378 [WARN] PackLoader:240 - Cannot read IP mode file for STMicroelectronics.X-CUBE-MEMS1.11.3.0
2025-10-27 17:01:32,615 [WARN] PackLoader:240 - Cannot read IP mode file for STMicroelectronics.X-CUBE-PM33A1.1.0.0
2025-10-27 17:01:32,691 [WARN] PackLoader:240 - Cannot read IP mode file for STMicroelectronics.X-CUBE-AZRTOS-F4.1.1.0
2025-10-27 17:01:32,703 [WARN] PackLoader:240 - Cannot read IP mode file for STMicroelectronics.X-CUBE-ISPU.2.1.0
2025-10-27 17:01:32,712 [ERROR] Engine:466 - C:\Users\user\.stm32cubemx\thirdparties\pdsc\STMicroelectronics.X-CUBE-IPS.3.2.0.pdsc: PDSC version is not supported
2025-10-27 17:01:32,721 [WARN] PackLoader:240 - Cannot read IP mode file for STMicroelectronics.X-CUBE-NFC12.1.0.0
2025-10-27 17:01:32,782 [WARN] PackLoader:240 - Cannot read IP mode file for STMicroelectronics.X-CUBE-AZRTOS-L5.2.0.0
2025-10-27 17:01:32,794 [WARN] PackLoader:240 - Cannot read IP mode file for STMicroelectronics.X-CUBE-NFC6.3.1.0
2025-10-27 17:01:32,805 [WARN] PackLoader:240 - Cannot read IP mode file for STMicroelectronics.X-CUBE-FREERTOS.1.3.1
2025-10-27 17:01:32,811 [WARN] PackLoader:240 - Cannot read IP mode file for STMicroelectronics.X-CUBE-TOUCHGFX.4.26.0
2025-10-27 17:01:32,817 [WARN] PackLoader:240 - Cannot read IP mode file for STMicroelectronics.FP-SNS-STAIOTCFT.1.0.0
2025-10-27 17:01:32,825 [WARN] PackLoader:240 - Cannot read IP mode file for STMicroelectronics.X-CUBE-DPower.1.3.0
2025-10-27 17:01:33,031 [WARN] ConditionMgr:438 - getConditionDescription Invalid condition id : LAN8742 Phy interface Condition cause : null
2025-10-27 17:01:33,032 [WARN] PackLoader:240 - Cannot read IP mode file for STMicroelectronics.X-CUBE-AZRTOS-L4.2.0.0
2025-10-27 17:01:33,035 [WARN] ConditionMgr:1044 - genDependencies : Invalid condition id : LAN8742 Phy interface Condition cause : null
2025-10-27 17:01:33,035 [WARN] ConditionMgr:1044 - genDependencies : Invalid condition id : LAN8742 Phy interface Condition cause : null
2025-10-27 17:01:33,036 [WARN] ConditionMgr:1044 - genDependencies : Invalid condition id : LAN8742 Phy interface Condition cause : null
2025-10-27 17:01:33,047 [WARN] PackLoader:240 - Cannot read IP mode file for STMicroelectronics.X-CUBE-SFXS2LP1.4.0.0
2025-10-27 17:01:33,086 [WARN] PackLoader:240 - Cannot read IP mode file for STMicroelectronics.X-CUBE-BLEMGR.4.1.0
2025-10-27 17:01:33,114 [WARN] ConditionMgr:438 - getConditionDescription Invalid condition id : UX DEVICE CLASS RTOS Condition cause : null
2025-10-27 17:01:33,115 [WARN] ConditionMgr:438 - getConditionDescription Invalid condition id : UX DEVICE CLASS RTOS Condition cause : null
2025-10-27 17:01:33,119 [WARN] PackLoader:240 - Cannot read IP mode file for STMicroelectronics.X-CUBE-AZRTOS-WB.2.0.0
2025-10-27 17:01:33,120 [WARN] ConditionMgr:1044 - genDependencies : Invalid condition id : UX DEVICE CLASS RTOS Condition cause : null
2025-10-27 17:01:33,120 [WARN] ConditionMgr:1044 - genDependencies : Invalid condition id : UX DEVICE CLASS RTOS Condition cause : null
2025-10-27 17:01:33,121 [WARN] ConditionMgr:1044 - genDependencies : Invalid condition id : UX DEVICE CLASS RTOS Condition cause : null
2025-10-27 17:01:33,122 [WARN] ConditionMgr:1044 - genDependencies : Invalid condition id : UX DEVICE CLASS RTOS Condition cause : null
2025-10-27 17:01:33,122 [WARN] ConditionMgr:1044 - genDependencies : Invalid condition id : UX DEVICE CLASS RTOS Condition cause : null
2025-10-27 17:01:33,134 [WARN] PackLoader:240 - Cannot read IP mode file for STMicroelectronics.X-CUBE-GNSS1.7.0.1
2025-10-27 17:01:33,139 [WARN] PackLoader:240 - Cannot read IP mode file for STMicroelectronics.X-CUBE-TOUCHGFX.4.25.0
2025-10-27 17:01:33,149 [WARN] PackLoader:240 - Cannot read IP mode file for STMicroelectronics.FP-SNS-STBOX1.2.0.0
2025-10-27 17:01:33,159 [WARN] ConditionMgr:438 - getConditionDescription Invalid condition id : Cortex-A Device cause : null
2025-10-27 17:01:33,228 [WARN] ConditionMgr:1044 - genDependencies : Invalid condition id : Cortex-A Device cause : null
2025-10-27 17:01:33,229 [WARN] ConditionMgr:1044 - genDependencies : Invalid condition id : Cortex-A Device cause : null
2025-10-27 17:01:33,229 [WARN] ConditionMgr:1044 - genDependencies : Invalid condition id : Cortex-A Device cause : null
2025-10-27 17:01:33,260 [WARN] PackLoader:240 - Cannot read IP mode file for STMicroelectronics.X-CUBE-SUBG2.5.0.0
2025-10-27 17:01:33,297 [WARN] PackLoader:240 - Cannot read IP mode file for STMicroelectronics.X-CUBE-AZRTOS-H7RS.1.1.0
2025-10-27 17:01:33,364 [WARN] PackLoader:240 - Cannot read IP mode file for Cesanta.I-CUBE-Mongoose.7.13.0
2025-10-27 17:01:33,388 [WARN] PackLoader:240 - Cannot read IP mode file for STMicroelectronics.X-CUBE-AZRTOS-G4.2.0.0
2025-10-27 17:01:33,397 [WARN] PackLoader:240 - Cannot read IP mode file for wolfSSL.I-CUBE-wolfSSH.1.4.20
2025-10-27 17:01:33,486 [WARN] PackLoader:240 - Cannot read IP mode file for STMicroelectronics.X-CUBE-NFC7.2.0.0
2025-10-27 17:01:33,517 [WARN] PackLoader:240 - Cannot read IP mode file for STMicroelectronics.X-CUBE-IPS.3.1.0
2025-10-27 17:01:33,531 [WARN] PackLoader:240 - Cannot read IP mode file for STMicroelectronics.X-CUBE-ALS.1.0.2
2025-10-27 17:01:33,541 [WARN] PackLoader:240 - Cannot read IP mode file for STMicroelectronics.X-CUBE-STSE01.1.0.0
2025-10-27 17:01:33,550 [WARN] PackLoader:240 - Cannot read IP mode file for portGmbH.I-Cube-SoM-uGOAL.1.1.0
2025-10-27 17:01:33,567 [WARN] PackLoader:240 - Cannot read IP mode file for STMicroelectronics.X-CUBE-TOF1.3.4.3
2025-10-27 17:01:33,584 [INFO] ThirdParty:978 - Integrity check success = true
2025-10-27 17:01:33,584 [INFO] IntegrityCheckThread:100 - exiting critical section [integrity check]
2025-10-27 17:01:33,584 [INFO] IntegrityCheckThread:103 - End integrity checks thread
2025-10-27 17:08:35,475 [INFO] WebApp:194 - Connection lost
2025-10-27 17:08:35,707 [INFO] WebApp:191 - Connection restablished
2025-10-27 17:11:29,481 [INFO] WebApp:194 - Connection lost
2025-10-27 17:11:29,746 [INFO] WebApp:191 - Connection restablished
2025-10-27 17:16:32,968 [INFO] WebApp:194 - Connection lost
2025-10-27 17:16:33,229 [INFO] WebApp:191 - Connection restablished
2025-10-27 17:16:50,611 [INFO] McuFinderGlobals:63 - Set McuFinder mode to 2 (CubeIDE integrated)
2025-10-27 17:16:50,617 [INFO] MainUpdater:2872 - connection check result : 10
2025-10-27 17:16:50,618 [INFO] MainUpdater:2872 - connection check result : 10
2025-10-27 17:16:50,648 [INFO] MicroXplorer:468 - Change Database Path : 
2025-10-27 17:16:50,649 [INFO] MicroXplorer:498 - Change Database Version : DB.6.0.140
2025-10-27 17:16:50,660 [WARN] ThirdParty:871 - waiting for thirdparty lock release [close project]
2025-10-27 17:16:50,661 [INFO] ThirdParty:873 - entering critical section [close project]
2025-10-27 17:16:50,662 [INFO] ThirdParty:883 - exiting critical section [close project]
2025-10-27 17:16:50,665 [INFO] PinOutPanel:1589 - setPackage(No Configuration,No Configuration)
2025-10-27 17:16:50,672 [INFO] UtilMem:75 - Begin LoadConfig() Used Memory: 923810392 Bytes (1073741824)
2025-10-27 17:16:50,674 [INFO] MicroXplorer:468 - Change Database Path : 
2025-10-27 17:16:50,674 [INFO] MicroXplorer:498 - Change Database Version : DB.6.0.140
2025-10-27 17:16:50,675 [INFO] OpenFileManager:354 - Change cursor
2025-10-27 17:16:50,742 [INFO] Mcu:2011 - Initializing MCU STM32F411C(C-E)Ux STM32F411CEUx STM32F411CEU6
2025-10-27 17:16:53,972 [INFO] Context:756 - Trying to add GPIOservice into a context  which must be forbidden
2025-10-27 17:16:54,991 [INFO] ImportTextPane:218 - (OptionalMessage_ERROR) Pin4 (VP_RIF_VS_RIF1) cannot be retrieved for this MCU
2025-10-27 17:16:55,139 [INFO] RtosManager:558 - Registered RTOS mode: class=CMSIS, group=RTOS, mode=CMSIS_V1, owner=FREERTOS
2025-10-27 17:16:55,139 [INFO] RtosManager:558 - Registered RTOS mode: class=CMSIS, group=RTOS2, mode=CMSIS_V2, owner=FREERTOS
2025-10-27 17:16:55,139 [INFO] RtosManager:558 - Registered RTOS mode: class=RTOS, group=Core, mode=CMSIS_V1, owner=FREERTOS
2025-10-27 17:16:55,140 [INFO] RtosManager:558 - Registered RTOS mode: class=RTOS, group=Core, mode=CMSIS_V2, owner=FREERTOS
2025-10-27 17:16:55,140 [WARN] ModelIntegratedComponent:184 - Missing modes for component STMicroelectronics:FreeRTOS:0.0.1:STMicroelectronics:RTOS:FreeRTOS:Core:::10.2.0:
2025-10-27 17:16:55,164 [WARN] ModelIntegratedComponent:182 - Modes not found for component STMicroelectronics:USB_HOST:1.0.0:STMicroelectronics:USB::USB Host:Audio HS::1.0:USB_HOST_1_0_RESTRICTED_HS
2025-10-27 17:16:55,164 [WARN] ModelIntegratedComponent:188 - Modes not found for component STMicroelectronics:USB_HOST:1.0.0:STMicroelectronics:USB::USB Host:Audio HS::1.0:USB_HOST_1_0_RESTRICTED_HS
2025-10-27 17:16:55,165 [WARN] ModelIntegratedComponent:182 - Modes not found for component STMicroelectronics:USB_HOST:1.0.0:STMicroelectronics:USB::USB Host:CDC HS::1.0:USB_HOST_1_0_RESTRICTED_HS
2025-10-27 17:16:55,165 [WARN] ModelIntegratedComponent:188 - Modes not found for component STMicroelectronics:USB_HOST:1.0.0:STMicroelectronics:USB::USB Host:CDC HS::1.0:USB_HOST_1_0_RESTRICTED_HS
2025-10-27 17:16:55,165 [WARN] ModelIntegratedComponent:182 - Modes not found for component STMicroelectronics:USB_HOST:1.0.0:STMicroelectronics:USB::USB Host:MSC HS::1.0:USB_HOST_1_0_RESTRICTED_HS
2025-10-27 17:16:55,165 [WARN] ModelIntegratedComponent:188 - Modes not found for component STMicroelectronics:USB_HOST:1.0.0:STMicroelectronics:USB::USB Host:MSC HS::1.0:USB_HOST_1_0_RESTRICTED_HS
2025-10-27 17:16:55,165 [WARN] ModelIntegratedComponent:182 - Modes not found for component STMicroelectronics:USB_HOST:1.0.0:STMicroelectronics:USB::USB Host:HID HS::1.0:USB_HOST_1_0_RESTRICTED_HS
2025-10-27 17:16:55,165 [WARN] ModelIntegratedComponent:188 - Modes not found for component STMicroelectronics:USB_HOST:1.0.0:STMicroelectronics:USB::USB Host:HID HS::1.0:USB_HOST_1_0_RESTRICTED_HS
2025-10-27 17:16:55,165 [WARN] ModelIntegratedComponent:182 - Modes not found for component STMicroelectronics:USB_HOST:1.0.0:STMicroelectronics:USB::USB Host:MTP HS::1.0:USB_HOST_1_0_RESTRICTED_HS
2025-10-27 17:16:55,165 [WARN] ModelIntegratedComponent:188 - Modes not found for component STMicroelectronics:USB_HOST:1.0.0:STMicroelectronics:USB::USB Host:MTP HS::1.0:USB_HOST_1_0_RESTRICTED_HS
2025-10-27 17:16:55,186 [WARN] ModelIntegratedComponent:63 - No mode defined for component null
2025-10-27 17:16:55,186 [WARN] ModelIntegratedComponent:63 - No mode defined for component null
2025-10-27 17:16:55,186 [WARN] ModelIntegratedComponent:63 - No mode defined for component null
2025-10-27 17:16:55,187 [WARN] ModelIntegratedComponent:63 - No mode defined for component null
2025-10-27 17:16:55,187 [WARN] ModelIntegratedComponent:63 - No mode defined for component null
2025-10-27 17:16:55,187 [WARN] ModelIntegratedComponent:63 - No mode defined for component null
2025-10-27 17:16:55,187 [WARN] ModelIntegratedComponent:63 - No mode defined for component null
2025-10-27 17:16:55,187 [WARN] ModelIntegratedComponent:63 - No mode defined for component null
2025-10-27 17:16:55,187 [WARN] ModelIntegratedComponent:63 - No mode defined for component null
2025-10-27 17:16:55,187 [WARN] ModelIntegratedComponent:63 - No mode defined for component null
2025-10-27 17:16:55,187 [WARN] ModelIntegratedComponent:63 - No mode defined for component null
2025-10-27 17:16:55,187 [WARN] ModelIntegratedComponent:63 - No mode defined for component null
2025-10-27 17:16:55,187 [WARN] ModelIntegratedComponent:63 - No mode defined for component null
2025-10-27 17:16:55,187 [WARN] ModelIntegratedComponent:63 - No mode defined for component null
2025-10-27 17:16:55,187 [WARN] ModelIntegratedComponent:63 - No mode defined for component null
2025-10-27 17:16:55,187 [WARN] ModelIntegratedComponent:63 - No mode defined for component null
2025-10-27 17:16:55,187 [WARN] ModelIntegratedComponent:63 - No mode defined for component null
2025-10-27 17:16:55,188 [WARN] ModelIntegratedComponent:63 - No mode defined for component null
2025-10-27 17:16:55,188 [WARN] ModelIntegratedComponent:63 - No mode defined for component null
2025-10-27 17:16:55,188 [WARN] ModelIntegratedComponent:63 - No mode defined for component null
2025-10-27 17:16:55,188 [WARN] ModelIntegratedComponent:63 - No mode defined for component null
2025-10-27 17:16:55,188 [WARN] ModelIntegratedComponent:63 - No mode defined for component null
2025-10-27 17:16:55,188 [WARN] ModelIntegratedComponent:63 - No mode defined for component null
2025-10-27 17:16:55,188 [WARN] ModelIntegratedComponent:63 - No mode defined for component null
2025-10-27 17:16:55,188 [WARN] ModelIntegratedComponent:63 - No mode defined for component null
2025-10-27 17:16:55,188 [WARN] ModelIntegratedComponent:63 - No mode defined for component null
2025-10-27 17:16:55,188 [WARN] ModelIntegratedComponent:63 - No mode defined for component null
2025-10-27 17:16:55,188 [WARN] ModelIntegratedComponent:63 - No mode defined for component null
2025-10-27 17:16:55,188 [WARN] ModelIntegratedComponent:63 - No mode defined for component null
2025-10-27 17:16:55,188 [WARN] ModelIntegratedComponent:63 - No mode defined for component null
2025-10-27 17:16:55,188 [WARN] ModelIntegratedComponent:63 - No mode defined for component null
2025-10-27 17:16:55,189 [WARN] ModelIntegratedComponent:63 - No mode defined for component null
2025-10-27 17:16:55,189 [WARN] ModelIntegratedComponent:63 - No mode defined for component null
2025-10-27 17:16:55,189 [WARN] ModelIntegratedComponent:63 - No mode defined for component null
2025-10-27 17:16:55,190 [WARN] ModelIntegratedComponent:63 - No mode defined for component null
2025-10-27 17:16:55,190 [WARN] ModelPack:524 - Component already loaded: STMicroelectronics:HAL Drivers:0.0.0:STMicroelectronics:Device:STMicro_Driver:XSPI:HAL::0.0.1:HAL_XSPI
2025-10-27 17:16:55,414 [WARN] ModelIntegratedComponent:182 - Modes not found for component STMicroelectronics:USB_DEVICE:1.0.0:STMicroelectronics:USB::USB Device:Audio HS::1.0:USB_DEVICE_1_0_RESTRICTED_HS
2025-10-27 17:16:55,415 [WARN] ModelIntegratedComponent:188 - Modes not found for component STMicroelectronics:USB_DEVICE:1.0.0:STMicroelectronics:USB::USB Device:Audio HS::1.0:USB_DEVICE_1_0_RESTRICTED_HS
2025-10-27 17:16:55,415 [WARN] ModelIntegratedComponent:182 - Modes not found for component STMicroelectronics:USB_DEVICE:1.0.0:STMicroelectronics:USB::USB Device:CDC HS::1.0:USB_DEVICE_1_0_RESTRICTED_HS
2025-10-27 17:16:55,415 [WARN] ModelIntegratedComponent:188 - Modes not found for component STMicroelectronics:USB_DEVICE:1.0.0:STMicroelectronics:USB::USB Device:CDC HS::1.0:USB_DEVICE_1_0_RESTRICTED_HS
2025-10-27 17:16:55,415 [WARN] ModelIntegratedComponent:182 - Modes not found for component STMicroelectronics:USB_DEVICE:1.0.0:STMicroelectronics:USB::USB Device:DFU HS::1.0:USB_DEVICE_1_0_RESTRICTED_HS
2025-10-27 17:16:55,415 [WARN] ModelIntegratedComponent:188 - Modes not found for component STMicroelectronics:USB_DEVICE:1.0.0:STMicroelectronics:USB::USB Device:DFU HS::1.0:USB_DEVICE_1_0_RESTRICTED_HS
2025-10-27 17:16:55,415 [WARN] ModelIntegratedComponent:182 - Modes not found for component STMicroelectronics:USB_DEVICE:1.0.0:STMicroelectronics:USB::USB Device:HID HS::1.0:USB_DEVICE_1_0_RESTRICTED_HS
2025-10-27 17:16:55,415 [WARN] ModelIntegratedComponent:188 - Modes not found for component STMicroelectronics:USB_DEVICE:1.0.0:STMicroelectronics:USB::USB Device:HID HS::1.0:USB_DEVICE_1_0_RESTRICTED_HS
2025-10-27 17:16:55,415 [WARN] ModelIntegratedComponent:182 - Modes not found for component STMicroelectronics:USB_DEVICE:1.0.0:STMicroelectronics:USB::USB Device:Custom HID HS::1.0:USB_DEVICE_1_0_RESTRICTED_HS
2025-10-27 17:16:55,415 [WARN] ModelIntegratedComponent:188 - Modes not found for component STMicroelectronics:USB_DEVICE:1.0.0:STMicroelectronics:USB::USB Device:Custom HID HS::1.0:USB_DEVICE_1_0_RESTRICTED_HS
2025-10-27 17:16:55,415 [WARN] ModelIntegratedComponent:182 - Modes not found for component STMicroelectronics:USB_DEVICE:1.0.0:STMicroelectronics:USB::USB Device:MSC HS::1.0:USB_DEVICE_1_0_RESTRICTED_HS
2025-10-27 17:16:55,415 [WARN] ModelIntegratedComponent:188 - Modes not found for component STMicroelectronics:USB_DEVICE:1.0.0:STMicroelectronics:USB::USB Device:MSC HS::1.0:USB_DEVICE_1_0_RESTRICTED_HS
2025-10-27 17:16:55,451 [INFO] ThirdPartyModel:298 - Start build external matchings
2025-10-27 17:16:56,130 [INFO] ThirdPartyModel:316 - End build external matchings
2025-10-27 17:16:56,647 [INFO] ApiDb:581 - Connected to CubeFinder SQLite database (C:\Users\user\.stmcufinder\plugins\mcufinder\mcu\cube-finder-db.db)
2025-10-27 17:16:56,751 [INFO] ApiDb:668 - CubeFinder database Data Model version=2.1
2025-10-27 17:16:56,751 [INFO] ApiDb:669 - CubeFinder database Configuration version=3.0.39
2025-10-27 17:16:56,752 [INFO] ApiDb:670 - CubeFinder database generation date=2025-08-25 (1756130511)
2025-10-27 17:16:56,752 [INFO] ApiDb:671 - CubeFinder database FW Pack versions=[FP-ATR-ASTRA1_V2.0.0, FP-SNS-FLIGHT1_V5.1.0, FP-SNS-MOTENV1_V5.0.0, FP-SNS-MOTENVWB1_V1.4.0, FP-SNS-SMARTAG2_V1.2.0, FP-SNS-STBOX1_V2.1.0, STM32Cube_FW_C0_V1.4.0, STM32Cube_FW_F4_V1.28.3, STM32Cube_FW_F7_V1.17.4, STM32Cube_FW_G0_V1.6.2, STM32Cube_FW_G4_V1.6.1, STM32Cube_FW_H5_V1.5.0, STM32Cube_FW_H7RS_V1.2.0, STM32Cube_FW_H7_V1.12.1, STM32Cube_FW_L0_V1.12.2, STM32Cube_FW_L4_V1.18.1, STM32Cube_FW_L5_V1.5.1, STM32Cube_FW_N6_V1.2.0, STM32Cube_FW_U0_V1.3.0, STM32Cube_FW_U3_V1.2.0, STM32Cube_FW_U5_V1.8.0, STM32Cube_FW_WB0_V1.3.0, STM32Cube_FW_WBA_V1.7.0, STM32Cube_FW_WB_V1.23.0, STM32Cube_FW_WL3_V1.2.0, STM32Cube_FW_WL_V1.3.1, X-CUBE-ALGOBUILD_V1.4.0, X-CUBE-ALS_V1.0.2, X-CUBE-AZRTOS-F4_V1.1.0, X-CUBE-AZRTOS-F7_V1.1.0, X-CUBE-AZRTOS-G0_V1.1.0, X-CUBE-AZRTOS-G4_V2.0.0, X-CUBE-AZRTOS-H7RS_V1.1.0, X-CUBE-AZRTOS-H7_V3.4.0, X-CUBE-AZRTOS-L4_V2.0.0, X-CUBE-AZRTOS-L5_V2.0.0, X-CUBE-AZRTOS-WB_V2.0.0, X-CUBE-AZRTOS-WL_V2.0.0, X-CUBE-BLE1_V7.1.0, X-CUBE-BLE2_V3.3.0, X-CUBE-BLEMGR_V4.1.0, X-CUBE-EEPRMA1_V5.2.0, X-CUBE-FREERTOS_V1.3.1, X-CUBE-GNSS1_V6.0.0, X-CUBE-MEMS1_V11.3.0, X-CUBE-NFC4_V3.0.0, X-CUBE-NFC7_V2.0.0, X-CUBE-SFXS2LP1_V4.0.0, X-CUBE-ST67W61_V1.0.0, X-CUBE-SUBG2_V5.0.0, X-CUBE-TOF1_V3.4.3]
2025-10-27 17:16:56,839 [INFO] DbBoardsSqlite:226 - include board P-NUCLEO-WB55-NUCLEO as a kit item of type 'Nucleo-64'
2025-10-27 17:16:56,840 [INFO] DbBoardsSqlite:226 - include board P-NUCLEO-WB55-USBDONGLE as a kit item of type 'Nucleo USB Dongle'
2025-10-27 17:16:56,840 [INFO] DbBoardsSqlite:226 - include board STEVAL-IDP005V1 as a kit item of type 'Evaluation Board'
2025-10-27 17:16:56,843 [INFO] DbBoardsSqlite:226 - include board STEVAL-IDP005V2 as a kit item of type 'Evaluation Board'
2025-10-27 17:16:56,945 [INFO] ApiDb:240 - Found 895 in-development CPN: [B-G473E-ZEST1S, B-WB1M-WPAN1, B-WBA5M-WPAN, B-WL5M-SUBG1, NUCLEO-C031C6, NUCLEO-C051C8, NUCLEO-C071RB, NUCLEO-C092RC, NUCLEO-H503RB, NUCLEO-H533RE, NUCLEO-H563ZI, NUCLEO-H7S3L8, NUCLEO-N657X0-Q, NUCLEO-U031R8, NUCLEO-U083RC, NUCLEO-U385RG-Q, NUCLEO-U545RE-Q, NUCLEO-U5A5ZJ-Q, NUCLEO-WB05KZ, NUCLEO-WB07CC, NUCLEO-WB09KE, NUCLEO-WBA52CG, NUCLEO-WBA55CG, NUCLEO-WBA65RI, NUCLEO-WL33CC1, NUCLEO-WL33CC2, STEVAL-PROTEUS1, STEVAL-SMARTAG2, STEVAL-STWINBX1, STM320518-EVAL, STM32C0116-DK, STM32C011D6Y3TR, STM32C011D6Y6TR, STM32C011F4P3, STM32C011F4P6, STM32C011F4U3, STM32C011F4U6TR, STM32C011F6P3, STM32C011F6P6, STM32C011F6U3, STM32C011F6U6TR, STM32C011J4M3, STM32C011J4M6, STM32C011J6M3, STM32C011J6M6, STM32C0316-DK, STM32C031C4T3, STM32C031C4T6, STM32C031C4U3, STM32C031C4U6, STM32C031C6T3, STM32C031C6T6, STM32C031C6U3, STM32C031C6U6, STM32C031F4P3, STM32C031F4P6, STM32C031F6P3, STM32C031F6P6, STM32C031G4U3, STM32C031G4U6, STM32C031G6U3, STM32C031G6U6, STM32C031K4T3, STM32C031K4T6, STM32C031K4U3, STM32C031K4U6, STM32C031K6T3, STM32C031K6T6, STM32C031K6U3, STM32C031K6U6, STM32C051C6T6, STM32C051C6U6, STM32C051C8T6, STM32C051C8U6, STM32C051D8Y6TR, STM32C051F6P6, STM32C051F8P6, STM32C051G6U6, STM32C051G8U6, STM32C051K6T6, STM32C051K6U6, STM32C051K8T6, STM32C071C8T6, STM32C071C8T6N, STM32C071C8U6, STM32C071C8U6N, STM32C071CBT6, STM32C071CBT6N, STM32C071CBU6, STM32C071CBU6N, STM32C071F8P6, STM32C071F8P6N, STM32C071FBP6, STM32C071FBP6N, STM32C071FBY6TR, STM32C071G8U6, STM32C071G8U6N, STM32C071GBU6, STM32C071GBU6N, STM32C071K8T6, STM32C071K8T6N, STM32C071K8U6, STM32C071K8U6N, STM32C071KBT6, STM32C071KBT6N, STM32C071KBU6, STM32C071KBU6N, STM32C071R8T6, STM32C071R8T6N, STM32C071RBI6N, STM32C071RBT6, STM32C071RBT6N, STM32C091CBT6, STM32C091CBU6, STM32C091CCT6, STM32C091CCU6, STM32C091ECY6TR, STM32C091FBP6, STM32C091FCP6, STM32C091GBU6, STM32C091GCU6, STM32C091KBT6, STM32C091KBU6, STM32C091KCT6, STM32C091KCU6, STM32C091RBT6, STM32C091RCI6, STM32C091RCT6, STM32C092CBT6, STM32C092CBU6, STM32C092CCT6, STM32C092CCU6, STM32C092ECY6TR, STM32C092FBP6, STM32C092FCP6, STM32C092GBU6, STM32C092GCU6, STM32C092KBT6, STM32C092KBU6, STM32C092KCT6, STM32C092KCU6, STM32C092RBT6, STM32C092RCI6, STM32C092RCT6, STM32G071K8TXN, STM32G071K8UXN, STM32G081GBU6N, STM32G081KBT6N, STM32G081KBUXN, STM32G0B1CCT6N, STM32G0B1KCT6, STM32G0B1NEY6TR, STM32G0B1RCT6N, STM32G0C1CCT6, STM32G0C1CCT6N, STM32G0C1CCU6N, STM32G0C1CET6N, STM32G0C1CEU6N, STM32G0C1KCT6, STM32G0C1NEY6TR, STM32G0C1RCI6N, STM32G0C1RCT6N, STM32G0C1REI6N, STM32G0C1RET6N, STM32G0C1VCI6, STM32G0C1VEI6, STM32G411C6T3, STM32G411C6T6, STM32G411C6U3, STM32G411C6U6, STM32G411C8T3, STM32G411C8T6, STM32G411C8U3, STM32G411C8U6, STM32G411CBT3, STM32G411CBT6, STM32G411CBU3, STM32G411CBU6, STM32G411CCT3, STM32G411CCT6, STM32G411CCU3, STM32G411CCU6, STM32G411K6T3, STM32G411K6T6, STM32G411K6U3, STM32G411K6U6, STM32G411K8T3, STM32G411K8T6, STM32G411K8U3, STM32G411K8U6, STM32G411KBT3, STM32G411KBT6, STM32G411KBU3, STM32G411KBU6, STM32G411M6T3, STM32G411M6T6, STM32G411M8T3, STM32G411M8T6, STM32G411MBT3, STM32G411MBT6, STM32G411MCT3, STM32G411MCT6, STM32G411R6T3, STM32G411R6T6, STM32G411R8T3, STM32G411R8T6, STM32G411RBT3, STM32G411RBT6, STM32G411RCT3, STM32G411RCT6, STM32G414CBT3, STM32G414CBT6, STM32G414CBU3, STM32G414CBU6, STM32G414CCT3, STM32G414CCT6, STM32G414CCU3, STM32G414CCU6, STM32G414MBT3, STM32G414MBT6, STM32G414MCT3, STM32G414MCT6, STM32G414RBT3, STM32G414RBT6, STM32G414RCT3, STM32G414RCT6, STM32G414VBT3, STM32G414VBT6, STM32G414VCT3, STM32G414VCT6, STM32G431CBT3Z, STM32G431RBT3Z, STM32G471CCT6, STM32G471CCU6, STM32G471CET3, STM32G471CET6, STM32G471CEU3, STM32G471CEU6, STM32G471MCT6, STM32G471MET3, STM32G471MET6, STM32G471MEY6TR, STM32G471QCT6, STM32G471QET3, STM32G471RCT6, STM32G471RET3, STM32G471RET6, STM32G471VCH6, STM32G471VCI6, STM32G471VCT6, STM32G471VEH3, STM32G471VEH6, STM32G471VEI3, STM32G471VEI6, STM32G471VET3, STM32G471VET6, STM32G473QET3Z, STM32G473RET3Z, STM32G474CCT6, STM32G491RET3Z, STM32H503CBT6, STM32H503CBU6, STM32H503EBY6TR, STM32H503KBU6, STM32H503RBT6, STM32H523CCT6, STM32H523CCU6, STM32H523CET6, STM32H523CEU6, STM32H523HEY6TR, STM32H523RCT6, STM32H523RET6, STM32H523VCI6, STM32H523VCT6, STM32H523VEI6, STM32H523VET6, STM32H523ZCJ6, STM32H523ZCT6, STM32H523ZEJ6, STM32H523ZET6, STM32H533CET6, STM32H533CEU6, STM32H533HEY6TR, STM32H533RET6, STM32H533VEI6, STM32H533VET6, STM32H533ZEJ6, STM32H533ZET6, STM32H562AGI6, STM32H562AII6, STM32H562IGK6, STM32H562IGT6, STM32H562IIK6, STM32H562IIT6, STM32H562RGT6, STM32H562RGV6, STM32H562RIT6, STM32H562RIV6, STM32H562VGT6, STM32H562VIT6, STM32H562ZGT6, STM32H562ZIT6, STM32H563AGI6, STM32H563AII3Q, STM32H563AII6, STM32H563IGK6, STM32H563IGT6, STM32H563IIK3Q, STM32H563IIK6, STM32H563IIT3Q, STM32H563IIT6, STM32H563MIY3QTR, STM32H563RGT6, STM32H563RGV6, STM32H563RIT6, STM32H563RIV6, STM32H563VGT6, STM32H563VIT3Q, STM32H563VIT6, STM32H563ZGT6, STM32H563ZIT3Q, STM32H563ZIT6, STM32H573AII3Q, STM32H573AII6, STM32H573I-DK, STM32H573IIK3Q, STM32H573IIK6, STM32H573IIT3Q, STM32H573IIT6, STM32H573MIY3QTR, STM32H573RIT6, STM32H573RIV6, STM32H573VIT3Q, STM32H573VIT6, STM32H573ZIT3Q, STM32H573ZIT6, STM32H7R3A8I6, STM32H7R3I8K6, STM32H7R3I8T6, STM32H7R3L8H6, STM32H7R3L8H6H, STM32H7R3R8V6, STM32H7R3V8H6, STM32H7R3V8T6, STM32H7R3V8Y6TR, STM32H7R3Z8J6, STM32H7R3Z8T6, STM32H7R7A8I6, STM32H7R7I8K6, STM32H7R7I8T6, STM32H7R7L8H6, STM32H7R7L8H6H, STM32H7R7Z8J6, STM32H7S3A8I6, STM32H7S3I8K6, STM32H7S3I8T6, STM32H7S3L8H6, STM32H7S3L8H6H, STM32H7S3R8V6, STM32H7S3V8H6, STM32H7S3V8T6, STM32H7S3V8Y6TR, STM32H7S3Z8J6, STM32H7S3Z8T6, STM32H7S78-DK, STM32H7S7A8I6, STM32H7S7I8K6, STM32H7S7I8T6, STM32H7S7L8H6, STM32H7S7L8H6H, STM32H7S7Z8J6, STM32L4R5QGI6STR, STM32MP131AAE3, STM32MP131AAF3, STM32MP131AAG3, STM32MP131CAE3, STM32MP131CAF3, STM32MP131CAG3, STM32MP131DAE7, STM32MP131DAF7, STM32MP131DAG7, STM32MP131FAE7, STM32MP131FAF7, STM32MP131FAG7, STM32MP133AAE3, STM32MP133AAF3, STM32MP133AAG3, STM32MP133CAE3, STM32MP133CAF3, STM32MP133CAG3, STM32MP133DAE7, STM32MP133DAF7, STM32MP133DAG7, STM32MP133FAE7, STM32MP133FAF7, STM32MP133FAG7, STM32MP135AAE3, STM32MP135AAF3, STM32MP135AAG3, STM32MP135CAE3, STM32MP135CAF3, STM32MP135CAG3, STM32MP135DAE7, STM32MP135DAF7, STM32MP135DAG7, STM32MP135F-DK, STM32MP135FAE7, STM32MP135FAF7, STM32MP135FAF7T, STM32MP135FAF7U, STM32MP135FAG7, STM32MP231AAJ3, STM32MP231AAK3, STM32MP231AAL3, STM32MP231CAJ3, STM32MP231CAK3, STM32MP231CAL3, STM32MP231DAJ3, STM32MP231DAK3, STM32MP231DAL3, STM32MP231FAJ3, STM32MP231FAK3, STM32MP231FAL3, STM32MP233AAJ3, STM32MP233AAK3, STM32MP233AAL3, STM32MP233CAJ3, STM32MP233CAK3, STM32MP233CAL3, STM32MP233DAJ3, STM32MP233DAK3, STM32MP233DAL3, STM32MP233FAJ3, STM32MP233FAK3, STM32MP233FAL3, STM32MP235AAJ3, STM32MP235AAK3, STM32MP235AAL3, STM32MP235CAJ3, STM32MP235CAK3, STM32MP235CAL3, STM32MP235DAJ3, STM32MP235DAK3, STM32MP235DAL3, STM32MP235FAJ3, STM32MP235FAK3, STM32MP235FAL3, STM32MP251AAI3, STM32MP251AAJ3, STM32MP251AAK3, STM32MP251AAL3, STM32MP251CAI3, STM32MP251CAJ3, STM32MP251CAK3, STM32MP251CAL3, STM32MP251DAI3, STM32MP251DAJ3, STM32MP251DAK3, STM32MP251DAL3, STM32MP251FAI3, STM32MP251FAJ3, STM32MP251FAK3, STM32MP251FAL3, STM32MP253AAI3, STM32MP253AAJ3, STM32MP253AAK3, STM32MP253AAL3, STM32MP253CAI3, STM32MP253CAJ3, STM32MP253CAK3, STM32MP253CAL3, STM32MP253DAI3, STM32MP253DAJ3, STM32MP253DAK3, STM32MP253DAL3, STM32MP253FAI3, STM32MP253FAJ3, STM32MP253FAK3, STM32MP253FAL3, STM32MP255AAI3, STM32MP255AAJ3, STM32MP255AAK3, STM32MP255AAL3, STM32MP255CAI3, STM32MP255CAJ3, STM32MP255CAK3, STM32MP255CAL3, STM32MP255DAI3, STM32MP255DAJ3, STM32MP255DAK3, STM32MP255DAL3, STM32MP255FAI3, STM32MP255FAJ3, STM32MP255FAK3, STM32MP255FAL3, STM32MP257AAI3, STM32MP257AAJ3, STM32MP257AAK3, STM32MP257AAL3, STM32MP257CAI3, STM32MP257CAJ3, STM32MP257CAK3, STM32MP257CAL3, STM32MP257DAI3, STM32MP257DAJ3, STM32MP257DAK3, STM32MP257DAL3, STM32MP257F-DK, STM32MP257F-EV1, STM32MP257FAI3, STM32MP257FAJ3, STM32MP257FAK3, STM32MP257FAL3, STM32N645A0H3Q, STM32N645B0H3Q, STM32N645I0H3Q, STM32N645L0H3Q, STM32N645X0H3Q, STM32N645Z0H3Q, STM32N647A0H3Q, STM32N647B0H3Q, STM32N647I0H3Q, STM32N647L0H3Q, STM32N647X0H3Q, STM32N647Z0H3Q, STM32N655A0H3Q, STM32N655B0H3Q, STM32N655I0H3Q, STM32N655L0H3Q, STM32N655X0H3Q, STM32N655Z0H3Q, STM32N6570-DK, STM32N657A0H3Q, STM32N657B0H3Q, STM32N657I0H3Q, STM32N657L0H3Q, STM32N657X0H3Q, STM32N657Z0H3Q, STM32U031C6T6, STM32U031C6U6, STM32U031C8T6, STM32U031C8U6, STM32U031F4P6, STM32U031F6P6, STM32U031F8P6, STM32U031G6Y6TR, STM32U031G8Y6TR, STM32U031K4U6, STM32U031K6U6, STM32U031K8U6, STM32U031R6I6, STM32U031R6T6, STM32U031R8I6, STM32U031R8T6, STM32U073C8T6, STM32U073C8U6, STM32U073CBT6, STM32U073CBU6, STM32U073CCT6, STM32U073CCU6, STM32U073H8Y6TR, STM32U073HBY6TR, STM32U073HCY6TR, STM32U073K8U6, STM32U073KBU6, STM32U073KCU6, STM32U073M8I6, STM32U073M8T6, STM32U073MBI6, STM32U073MBT6, STM32U073MCI6, STM32U073MCT6, STM32U073R8I6, STM32U073R8T6, STM32U073RBI6, STM32U073RBT6, STM32U073RCI6, STM32U073RCT6, STM32U083C-DK, STM32U083CCT6, STM32U083CCU6, STM32U083HCY6TR, STM32U083KCU6, STM32U083MCI6, STM32U083MCT6, STM32U083RCI6, STM32U083RCT6, STM32U375CET6, STM32U375CET6Q, STM32U375CEU6, STM32U375CEU6Q, STM32U375CEY6QTR, STM32U375CGT6, STM32U375CGT6Q, STM32U375CGU6, STM32U375CGU6Q, STM32U375CGY6QTR, STM32U375KEU6, STM32U375KGU6, STM32U375REI6, STM32U375REI6Q, STM32U375RET6, STM32U375RET6Q, STM32U375REY6GTR, STM32U375REY6QTR, STM32U375RGI6, STM32U375RGI6Q, STM32U375RGT6, STM32U375RGT6Q, STM32U375RGY6GTR, STM32U375RGY6QTR, STM32U375VEI6, STM32U375VEI6Q, STM32U375VET6, STM32U375VET6Q, STM32U375VGI6, STM32U375VGI6Q, STM32U375VGT6, STM32U375VGT6Q, STM32U385CGT6, STM32U385CGT6Q, STM32U385CGU6, STM32U385CGU6Q, STM32U385CGY6QTR, STM32U385KGU6, STM32U385RGI6, STM32U385RGI6Q, STM32U385RGT6, STM32U385RGT6Q, STM32U385RGY6GTR, STM32U385RGY6QTR, STM32U385VGI6, STM32U385VGI6Q, STM32U385VGT6, STM32U385VGT6Q, STM32U535CBT6, STM32U535CBT6Q, STM32U535CBU6, STM32U535CBU6Q, STM32U535CCT6, STM32U535CCT6Q, STM32U535CCU6, STM32U535CCU6Q, STM32U535CET6, STM32U535CET6Q, STM32U535CEU6, STM32U535CEU6Q, STM32U535JEY6QTR, STM32U535NCY6QTR, STM32U535NEY6QTR, STM32U535RBI6, STM32U535RBI6Q, STM32U535RBT6, STM32U535RBT6Q, STM32U535RCI6, STM32U535RCI6Q, STM32U535RCT6, STM32U535RCT6Q, STM32U535REI6, STM32U535REI6Q, STM32U535RET6, STM32U535RET6Q, STM32U535VCI6, STM32U535VCI6Q, STM32U535VCT6, STM32U535VCT6Q, STM32U535VEI6, STM32U535VEI6Q, STM32U535VET6, STM32U535VET6Q, STM32U545CET6, STM32U545CET6Q, STM32U545CEU6, STM32U545CEU6Q, STM32U545JEY6QTR, STM32U545NEY6QTR, STM32U545REI6, STM32U545REI6Q, STM32U545RET6, STM32U545RET6Q, STM32U545VEI6, STM32U545VEI6Q, STM32U545VET6, STM32U545VET6Q, STM32U595AIH6, STM32U595AIH6Q, STM32U595AJH6, STM32U595AJH6Q, STM32U595QII6, STM32U595QII6Q, STM32U595QJI6, STM32U595QJI6Q, STM32U595RIT6, STM32U595RIT6Q, STM32U595RJT6, STM32U595RJT6Q, STM32U595VIT6, STM32U595VIT6Q, STM32U595VJT6, STM32U595VJT6Q, STM32U595ZIT6, STM32U595ZIT6Q, STM32U595ZIY6QTR, STM32U595ZJT6, STM32U595ZJT6Q, STM32U595ZJY6QTR, STM32U599BJY6QTR, STM32U599NIH6Q, STM32U599NJH6Q, STM32U599VIT6Q, STM32U599VJT6, STM32U599VJT6Q, STM32U599ZIT6Q, STM32U599ZIY6QTR, STM32U599ZJT6Q, STM32U599ZJY6QTR, STM32U5A5AJH6, STM32U5A5AJH6Q, STM32U5A5QII3Q , STM32U5A5QJI6, STM32U5A5QJI6Q, STM32U5A5RJT6, STM32U5A5RJT6Q, STM32U5A5VJT6, STM32U5A5VJT6Q, STM32U5A5ZJT6, STM32U5A5ZJT6Q, STM32U5A5ZJY6QTR, STM32U5A9BJY6QTR, STM32U5A9J-DK, STM32U5A9NJH6Q, STM32U5A9VJT6Q, STM32U5A9ZJT6Q, STM32U5A9ZJY6QTR, STM32U5F7VIT6, STM32U5F7VIT6Q, STM32U5F7VJT6, STM32U5F7VJT6Q, STM32U5F9BJY6QTR, STM32U5F9NJH6Q, STM32U5F9VIT6Q, STM32U5F9VJT6Q, STM32U5F9ZIJ6QTR, STM32U5F9ZIT6Q, STM32U5F9ZJJ6QTR, STM32U5F9ZJT6Q, STM32U5G7VJT6, STM32U5G7VJT6Q, STM32U5G9BJY6QTR, STM32U5G9J-DK1, STM32U5G9J-DK2, STM32U5G9NJH6Q, STM32U5G9VJT6Q, STM32U5G9ZJJ6QTR, STM32U5G9ZJT6Q, STM32WB05KZV6TR, STM32WB05KZV7TR, STM32WB05TZF6TR, STM32WB05TZF7TR, STM32WB06CCF6TR, STM32WB06CCF7TR, STM32WB06CCV6TR, STM32WB06CCV7TR, STM32WB06KCV6TR, STM32WB06KCV7TR, STM32WB07CCF6TR, STM32WB07CCF7TR, STM32WB07CCV6TR, STM32WB07CCV7TR, STM32WB07KCV6TR, STM32WB07KCV7TR, STM32WB09KEV6TR, STM32WB09KEV7TR, STM32WB09TEF6TR, STM32WB09TEF7TR, STM32WB1MMCH6, STM32WBA50KGU6, STM32WBA50KGU6TR, STM32WBA52CEU6, STM32WBA52CEU6TR, STM32WBA52CEU7, STM32WBA52CEU7TR, STM32WBA52CGU6, STM32WBA52CGU6TR, STM32WBA52CGU6U, STM32WBA52CGU7, STM32WBA52CGU7TR, STM32WBA52KEU6, STM32WBA52KEU6TR, STM32WBA52KGU6, STM32WBA52KGU6TR, STM32WBA54CEU6, STM32WBA54CEU6TR, STM32WBA54CEU7, STM32WBA54CEU7TR, STM32WBA54CGU6, STM32WBA54CGU6TR, STM32WBA54CGU7, STM32WBA54CGU7TR, STM32WBA54KEU6, STM32WBA54KEU6TR, STM32WBA54KEU7, STM32WBA54KEU7TR, STM32WBA54KGU6, STM32WBA54KGU6TR, STM32WBA54KGU7, STM32WBA54KGU7TR, STM32WBA55CEU6, STM32WBA55CEU6TR, STM32WBA55CEU7, STM32WBA55CEU7TR, STM32WBA55CGU6, STM32WBA55CGU6TR, STM32WBA55CGU6U, STM32WBA55CGU7, STM32WBA55CGU7TR, STM32WBA55G-DK1, STM32WBA55HEF6, STM32WBA55HEF7, STM32WBA55HGF6, STM32WBA55HGF7, STM32WBA55UEI6, STM32WBA55UEI6TR, STM32WBA55UEI7, STM32WBA55UEI7TR, STM32WBA55UGI6, STM32WBA55UGI6TR, STM32WBA55UGI7, STM32WBA55UGI7TR, STM32WBA5MJGH6TR, STM32WBA62CGU6, STM32WBA62CIU6, STM32WBA62MGF6, STM32WBA62MIF6, STM32WBA62PGI6, STM32WBA62PII6, STM32WBA63CGU6, STM32WBA63CGU7, STM32WBA63CIU6, STM32WBA63CIU7, STM32WBA64CGU6, STM32WBA64CGU7, STM32WBA64CIU6, STM32WBA64CIU7, STM32WBA65CGU6, STM32WBA65CGU7, STM32WBA65CIU6, STM32WBA65CIU7, STM32WBA65I-DK1, STM32WBA65MGF6, STM32WBA65MGF7, STM32WBA65MIF6, STM32WBA65MIF7, STM32WBA65PGI6, STM32WBA65PGI7, STM32WBA65PII6, STM32WBA65PII7, STM32WBA65RGV6, STM32WBA65RGV7, STM32WBA65RIV6, STM32WBA65RIV7, STM32WL30K8V6, STM32WL30KBV6, STM32WL31C8V6, STM32WL31CBV6, STM32WL31K8V6, STM32WL31KBV6, STM32WL33C8V6, STM32WL33C8V6TR, STM32WL33C8V7, STM32WL33C8V7TR, STM32WL33CBV6, STM32WL33CBV6TR, STM32WL33CBV7, STM32WL33CBV7TR, STM32WL33CCV6, STM32WL33CCV6TR, STM32WL33CCV7, STM32WL33CCV7A, STM32WL33CCV7ATR, STM32WL33CCV7TR, STM32WL33K8V6, STM32WL33K8V6TR, STM32WL33K8V7, STM32WL33K8V7TR, STM32WL33KBV6, STM32WL33KBV6TR, STM32WL33KBV7, STM32WL33KBV7TR, STM32WL33KCV6, STM32WL33KCV6TR, STM32WL33KCV7, STM32WL33KCV7TR, STM32WL5MOCH6, STM32WL5MOCH6TR]
2025-10-27 17:16:56,950 [INFO] ApiDb:668 - CubeFinder database Data Model version=2.1
2025-10-27 17:16:56,950 [INFO] ApiDb:669 - CubeFinder database Configuration version=3.0.39
2025-10-27 17:16:56,950 [INFO] ApiDb:670 - CubeFinder database generation date=2025-08-25 (1756130511)
2025-10-27 17:16:56,950 [INFO] ApiDb:671 - CubeFinder database FW Pack versions=[FP-ATR-ASTRA1_V2.0.0, FP-SNS-FLIGHT1_V5.1.0, FP-SNS-MOTENV1_V5.0.0, FP-SNS-MOTENVWB1_V1.4.0, FP-SNS-SMARTAG2_V1.2.0, FP-SNS-STBOX1_V2.1.0, STM32Cube_FW_C0_V1.4.0, STM32Cube_FW_F4_V1.28.3, STM32Cube_FW_F7_V1.17.4, STM32Cube_FW_G0_V1.6.2, STM32Cube_FW_G4_V1.6.1, STM32Cube_FW_H5_V1.5.0, STM32Cube_FW_H7RS_V1.2.0, STM32Cube_FW_H7_V1.12.1, STM32Cube_FW_L0_V1.12.2, STM32Cube_FW_L4_V1.18.1, STM32Cube_FW_L5_V1.5.1, STM32Cube_FW_N6_V1.2.0, STM32Cube_FW_U0_V1.3.0, STM32Cube_FW_U3_V1.2.0, STM32Cube_FW_U5_V1.8.0, STM32Cube_FW_WB0_V1.3.0, STM32Cube_FW_WBA_V1.7.0, STM32Cube_FW_WB_V1.23.0, STM32Cube_FW_WL3_V1.2.0, STM32Cube_FW_WL_V1.3.1, X-CUBE-ALGOBUILD_V1.4.0, X-CUBE-ALS_V1.0.2, X-CUBE-AZRTOS-F4_V1.1.0, X-CUBE-AZRTOS-F7_V1.1.0, X-CUBE-AZRTOS-G0_V1.1.0, X-CUBE-AZRTOS-G4_V2.0.0, X-CUBE-AZRTOS-H7RS_V1.1.0, X-CUBE-AZRTOS-H7_V3.4.0, X-CUBE-AZRTOS-L4_V2.0.0, X-CUBE-AZRTOS-L5_V2.0.0, X-CUBE-AZRTOS-WB_V2.0.0, X-CUBE-AZRTOS-WL_V2.0.0, X-CUBE-BLE1_V7.1.0, X-CUBE-BLE2_V3.3.0, X-CUBE-BLEMGR_V4.1.0, X-CUBE-EEPRMA1_V5.2.0, X-CUBE-FREERTOS_V1.3.1, X-CUBE-GNSS1_V6.0.0, X-CUBE-MEMS1_V11.3.0, X-CUBE-NFC4_V3.0.0, X-CUBE-NFC7_V2.0.0, X-CUBE-SFXS2LP1_V4.0.0, X-CUBE-ST67W61_V1.0.0, X-CUBE-SUBG2_V5.0.0, X-CUBE-TOF1_V3.4.3]
2025-10-27 17:16:59,505 [INFO] ApiDb:240 - Found 895 in-development CPN: [B-G473E-ZEST1S, B-WB1M-WPAN1, B-WBA5M-WPAN, B-WL5M-SUBG1, NUCLEO-C031C6, NUCLEO-C051C8, NUCLEO-C071RB, NUCLEO-C092RC, NUCLEO-H503RB, NUCLEO-H533RE, NUCLEO-H563ZI, NUCLEO-H7S3L8, NUCLEO-N657X0-Q, NUCLEO-U031R8, NUCLEO-U083RC, NUCLEO-U385RG-Q, NUCLEO-U545RE-Q, NUCLEO-U5A5ZJ-Q, NUCLEO-WB05KZ, NUCLEO-WB07CC, NUCLEO-WB09KE, NUCLEO-WBA52CG, NUCLEO-WBA55CG, NUCLEO-WBA65RI, NUCLEO-WL33CC1, NUCLEO-WL33CC2, STEVAL-PROTEUS1, STEVAL-SMARTAG2, STEVAL-STWINBX1, STM320518-EVAL, STM32C0116-DK, STM32C011D6Y3TR, STM32C011D6Y6TR, STM32C011F4P3, STM32C011F4P6, STM32C011F4U3, STM32C011F4U6TR, STM32C011F6P3, STM32C011F6P6, STM32C011F6U3, STM32C011F6U6TR, STM32C011J4M3, STM32C011J4M6, STM32C011J6M3, STM32C011J6M6, STM32C0316-DK, STM32C031C4T3, STM32C031C4T6, STM32C031C4U3, STM32C031C4U6, STM32C031C6T3, STM32C031C6T6, STM32C031C6U3, STM32C031C6U6, STM32C031F4P3, STM32C031F4P6, STM32C031F6P3, STM32C031F6P6, STM32C031G4U3, STM32C031G4U6, STM32C031G6U3, STM32C031G6U6, STM32C031K4T3, STM32C031K4T6, STM32C031K4U3, STM32C031K4U6, STM32C031K6T3, STM32C031K6T6, STM32C031K6U3, STM32C031K6U6, STM32C051C6T6, STM32C051C6U6, STM32C051C8T6, STM32C051C8U6, STM32C051D8Y6TR, STM32C051F6P6, STM32C051F8P6, STM32C051G6U6, STM32C051G8U6, STM32C051K6T6, STM32C051K6U6, STM32C051K8T6, STM32C071C8T6, STM32C071C8T6N, STM32C071C8U6, STM32C071C8U6N, STM32C071CBT6, STM32C071CBT6N, STM32C071CBU6, STM32C071CBU6N, STM32C071F8P6, STM32C071F8P6N, STM32C071FBP6, STM32C071FBP6N, STM32C071FBY6TR, STM32C071G8U6, STM32C071G8U6N, STM32C071GBU6, STM32C071GBU6N, STM32C071K8T6, STM32C071K8T6N, STM32C071K8U6, STM32C071K8U6N, STM32C071KBT6, STM32C071KBT6N, STM32C071KBU6, STM32C071KBU6N, STM32C071R8T6, STM32C071R8T6N, STM32C071RBI6N, STM32C071RBT6, STM32C071RBT6N, STM32C091CBT6, STM32C091CBU6, STM32C091CCT6, STM32C091CCU6, STM32C091ECY6TR, STM32C091FBP6, STM32C091FCP6, STM32C091GBU6, STM32C091GCU6, STM32C091KBT6, STM32C091KBU6, STM32C091KCT6, STM32C091KCU6, STM32C091RBT6, STM32C091RCI6, STM32C091RCT6, STM32C092CBT6, STM32C092CBU6, STM32C092CCT6, STM32C092CCU6, STM32C092ECY6TR, STM32C092FBP6, STM32C092FCP6, STM32C092GBU6, STM32C092GCU6, STM32C092KBT6, STM32C092KBU6, STM32C092KCT6, STM32C092KCU6, STM32C092RBT6, STM32C092RCI6, STM32C092RCT6, STM32G071K8TXN, STM32G071K8UXN, STM32G081GBU6N, STM32G081KBT6N, STM32G081KBUXN, STM32G0B1CCT6N, STM32G0B1KCT6, STM32G0B1NEY6TR, STM32G0B1RCT6N, STM32G0C1CCT6, STM32G0C1CCT6N, STM32G0C1CCU6N, STM32G0C1CET6N, STM32G0C1CEU6N, STM32G0C1KCT6, STM32G0C1NEY6TR, STM32G0C1RCI6N, STM32G0C1RCT6N, STM32G0C1REI6N, STM32G0C1RET6N, STM32G0C1VCI6, STM32G0C1VEI6, STM32G411C6T3, STM32G411C6T6, STM32G411C6U3, STM32G411C6U6, STM32G411C8T3, STM32G411C8T6, STM32G411C8U3, STM32G411C8U6, STM32G411CBT3, STM32G411CBT6, STM32G411CBU3, STM32G411CBU6, STM32G411CCT3, STM32G411CCT6, STM32G411CCU3, STM32G411CCU6, STM32G411K6T3, STM32G411K6T6, STM32G411K6U3, STM32G411K6U6, STM32G411K8T3, STM32G411K8T6, STM32G411K8U3, STM32G411K8U6, STM32G411KBT3, STM32G411KBT6, STM32G411KBU3, STM32G411KBU6, STM32G411M6T3, STM32G411M6T6, STM32G411M8T3, STM32G411M8T6, STM32G411MBT3, STM32G411MBT6, STM32G411MCT3, STM32G411MCT6, STM32G411R6T3, STM32G411R6T6, STM32G411R8T3, STM32G411R8T6, STM32G411RBT3, STM32G411RBT6, STM32G411RCT3, STM32G411RCT6, STM32G414CBT3, STM32G414CBT6, STM32G414CBU3, STM32G414CBU6, STM32G414CCT3, STM32G414CCT6, STM32G414CCU3, STM32G414CCU6, STM32G414MBT3, STM32G414MBT6, STM32G414MCT3, STM32G414MCT6, STM32G414RBT3, STM32G414RBT6, STM32G414RCT3, STM32G414RCT6, STM32G414VBT3, STM32G414VBT6, STM32G414VCT3, STM32G414VCT6, STM32G431CBT3Z, STM32G431RBT3Z, STM32G471CCT6, STM32G471CCU6, STM32G471CET3, STM32G471CET6, STM32G471CEU3, STM32G471CEU6, STM32G471MCT6, STM32G471MET3, STM32G471MET6, STM32G471MEY6TR, STM32G471QCT6, STM32G471QET3, STM32G471RCT6, STM32G471RET3, STM32G471RET6, STM32G471VCH6, STM32G471VCI6, STM32G471VCT6, STM32G471VEH3, STM32G471VEH6, STM32G471VEI3, STM32G471VEI6, STM32G471VET3, STM32G471VET6, STM32G473QET3Z, STM32G473RET3Z, STM32G474CCT6, STM32G491RET3Z, STM32H503CBT6, STM32H503CBU6, STM32H503EBY6TR, STM32H503KBU6, STM32H503RBT6, STM32H523CCT6, STM32H523CCU6, STM32H523CET6, STM32H523CEU6, STM32H523HEY6TR, STM32H523RCT6, STM32H523RET6, STM32H523VCI6, STM32H523VCT6, STM32H523VEI6, STM32H523VET6, STM32H523ZCJ6, STM32H523ZCT6, STM32H523ZEJ6, STM32H523ZET6, STM32H533CET6, STM32H533CEU6, STM32H533HEY6TR, STM32H533RET6, STM32H533VEI6, STM32H533VET6, STM32H533ZEJ6, STM32H533ZET6, STM32H562AGI6, STM32H562AII6, STM32H562IGK6, STM32H562IGT6, STM32H562IIK6, STM32H562IIT6, STM32H562RGT6, STM32H562RGV6, STM32H562RIT6, STM32H562RIV6, STM32H562VGT6, STM32H562VIT6, STM32H562ZGT6, STM32H562ZIT6, STM32H563AGI6, STM32H563AII3Q, STM32H563AII6, STM32H563IGK6, STM32H563IGT6, STM32H563IIK3Q, STM32H563IIK6, STM32H563IIT3Q, STM32H563IIT6, STM32H563MIY3QTR, STM32H563RGT6, STM32H563RGV6, STM32H563RIT6, STM32H563RIV6, STM32H563VGT6, STM32H563VIT3Q, STM32H563VIT6, STM32H563ZGT6, STM32H563ZIT3Q, STM32H563ZIT6, STM32H573AII3Q, STM32H573AII6, STM32H573I-DK, STM32H573IIK3Q, STM32H573IIK6, STM32H573IIT3Q, STM32H573IIT6, STM32H573MIY3QTR, STM32H573RIT6, STM32H573RIV6, STM32H573VIT3Q, STM32H573VIT6, STM32H573ZIT3Q, STM32H573ZIT6, STM32H7R3A8I6, STM32H7R3I8K6, STM32H7R3I8T6, STM32H7R3L8H6, STM32H7R3L8H6H, STM32H7R3R8V6, STM32H7R3V8H6, STM32H7R3V8T6, STM32H7R3V8Y6TR, STM32H7R3Z8J6, STM32H7R3Z8T6, STM32H7R7A8I6, STM32H7R7I8K6, STM32H7R7I8T6, STM32H7R7L8H6, STM32H7R7L8H6H, STM32H7R7Z8J6, STM32H7S3A8I6, STM32H7S3I8K6, STM32H7S3I8T6, STM32H7S3L8H6, STM32H7S3L8H6H, STM32H7S3R8V6, STM32H7S3V8H6, STM32H7S3V8T6, STM32H7S3V8Y6TR, STM32H7S3Z8J6, STM32H7S3Z8T6, STM32H7S78-DK, STM32H7S7A8I6, STM32H7S7I8K6, STM32H7S7I8T6, STM32H7S7L8H6, STM32H7S7L8H6H, STM32H7S7Z8J6, STM32L4R5QGI6STR, STM32MP131AAE3, STM32MP131AAF3, STM32MP131AAG3, STM32MP131CAE3, STM32MP131CAF3, STM32MP131CAG3, STM32MP131DAE7, STM32MP131DAF7, STM32MP131DAG7, STM32MP131FAE7, STM32MP131FAF7, STM32MP131FAG7, STM32MP133AAE3, STM32MP133AAF3, STM32MP133AAG3, STM32MP133CAE3, STM32MP133CAF3, STM32MP133CAG3, STM32MP133DAE7, STM32MP133DAF7, STM32MP133DAG7, STM32MP133FAE7, STM32MP133FAF7, STM32MP133FAG7, STM32MP135AAE3, STM32MP135AAF3, STM32MP135AAG3, STM32MP135CAE3, STM32MP135CAF3, STM32MP135CAG3, STM32MP135DAE7, STM32MP135DAF7, STM32MP135DAG7, STM32MP135F-DK, STM32MP135FAE7, STM32MP135FAF7, STM32MP135FAF7T, STM32MP135FAF7U, STM32MP135FAG7, STM32MP231AAJ3, STM32MP231AAK3, STM32MP231AAL3, STM32MP231CAJ3, STM32MP231CAK3, STM32MP231CAL3, STM32MP231DAJ3, STM32MP231DAK3, STM32MP231DAL3, STM32MP231FAJ3, STM32MP231FAK3, STM32MP231FAL3, STM32MP233AAJ3, STM32MP233AAK3, STM32MP233AAL3, STM32MP233CAJ3, STM32MP233CAK3, STM32MP233CAL3, STM32MP233DAJ3, STM32MP233DAK3, STM32MP233DAL3, STM32MP233FAJ3, STM32MP233FAK3, STM32MP233FAL3, STM32MP235AAJ3, STM32MP235AAK3, STM32MP235AAL3, STM32MP235CAJ3, STM32MP235CAK3, STM32MP235CAL3, STM32MP235DAJ3, STM32MP235DAK3, STM32MP235DAL3, STM32MP235FAJ3, STM32MP235FAK3, STM32MP235FAL3, STM32MP251AAI3, STM32MP251AAJ3, STM32MP251AAK3, STM32MP251AAL3, STM32MP251CAI3, STM32MP251CAJ3, STM32MP251CAK3, STM32MP251CAL3, STM32MP251DAI3, STM32MP251DAJ3, STM32MP251DAK3, STM32MP251DAL3, STM32MP251FAI3, STM32MP251FAJ3, STM32MP251FAK3, STM32MP251FAL3, STM32MP253AAI3, STM32MP253AAJ3, STM32MP253AAK3, STM32MP253AAL3, STM32MP253CAI3, STM32MP253CAJ3, STM32MP253CAK3, STM32MP253CAL3, STM32MP253DAI3, STM32MP253DAJ3, STM32MP253DAK3, STM32MP253DAL3, STM32MP253FAI3, STM32MP253FAJ3, STM32MP253FAK3, STM32MP253FAL3, STM32MP255AAI3, STM32MP255AAJ3, STM32MP255AAK3, STM32MP255AAL3, STM32MP255CAI3, STM32MP255CAJ3, STM32MP255CAK3, STM32MP255CAL3, STM32MP255DAI3, STM32MP255DAJ3, STM32MP255DAK3, STM32MP255DAL3, STM32MP255FAI3, STM32MP255FAJ3, STM32MP255FAK3, STM32MP255FAL3, STM32MP257AAI3, STM32MP257AAJ3, STM32MP257AAK3, STM32MP257AAL3, STM32MP257CAI3, STM32MP257CAJ3, STM32MP257CAK3, STM32MP257CAL3, STM32MP257DAI3, STM32MP257DAJ3, STM32MP257DAK3, STM32MP257DAL3, STM32MP257F-DK, STM32MP257F-EV1, STM32MP257FAI3, STM32MP257FAJ3, STM32MP257FAK3, STM32MP257FAL3, STM32N645A0H3Q, STM32N645B0H3Q, STM32N645I0H3Q, STM32N645L0H3Q, STM32N645X0H3Q, STM32N645Z0H3Q, STM32N647A0H3Q, STM32N647B0H3Q, STM32N647I0H3Q, STM32N647L0H3Q, STM32N647X0H3Q, STM32N647Z0H3Q, STM32N655A0H3Q, STM32N655B0H3Q, STM32N655I0H3Q, STM32N655L0H3Q, STM32N655X0H3Q, STM32N655Z0H3Q, STM32N6570-DK, STM32N657A0H3Q, STM32N657B0H3Q, STM32N657I0H3Q, STM32N657L0H3Q, STM32N657X0H3Q, STM32N657Z0H3Q, STM32U031C6T6, STM32U031C6U6, STM32U031C8T6, STM32U031C8U6, STM32U031F4P6, STM32U031F6P6, STM32U031F8P6, STM32U031G6Y6TR, STM32U031G8Y6TR, STM32U031K4U6, STM32U031K6U6, STM32U031K8U6, STM32U031R6I6, STM32U031R6T6, STM32U031R8I6, STM32U031R8T6, STM32U073C8T6, STM32U073C8U6, STM32U073CBT6, STM32U073CBU6, STM32U073CCT6, STM32U073CCU6, STM32U073H8Y6TR, STM32U073HBY6TR, STM32U073HCY6TR, STM32U073K8U6, STM32U073KBU6, STM32U073KCU6, STM32U073M8I6, STM32U073M8T6, STM32U073MBI6, STM32U073MBT6, STM32U073MCI6, STM32U073MCT6, STM32U073R8I6, STM32U073R8T6, STM32U073RBI6, STM32U073RBT6, STM32U073RCI6, STM32U073RCT6, STM32U083C-DK, STM32U083CCT6, STM32U083CCU6, STM32U083HCY6TR, STM32U083KCU6, STM32U083MCI6, STM32U083MCT6, STM32U083RCI6, STM32U083RCT6, STM32U375CET6, STM32U375CET6Q, STM32U375CEU6, STM32U375CEU6Q, STM32U375CEY6QTR, STM32U375CGT6, STM32U375CGT6Q, STM32U375CGU6, STM32U375CGU6Q, STM32U375CGY6QTR, STM32U375KEU6, STM32U375KGU6, STM32U375REI6, STM32U375REI6Q, STM32U375RET6, STM32U375RET6Q, STM32U375REY6GTR, STM32U375REY6QTR, STM32U375RGI6, STM32U375RGI6Q, STM32U375RGT6, STM32U375RGT6Q, STM32U375RGY6GTR, STM32U375RGY6QTR, STM32U375VEI6, STM32U375VEI6Q, STM32U375VET6, STM32U375VET6Q, STM32U375VGI6, STM32U375VGI6Q, STM32U375VGT6, STM32U375VGT6Q, STM32U385CGT6, STM32U385CGT6Q, STM32U385CGU6, STM32U385CGU6Q, STM32U385CGY6QTR, STM32U385KGU6, STM32U385RGI6, STM32U385RGI6Q, STM32U385RGT6, STM32U385RGT6Q, STM32U385RGY6GTR, STM32U385RGY6QTR, STM32U385VGI6, STM32U385VGI6Q, STM32U385VGT6, STM32U385VGT6Q, STM32U535CBT6, STM32U535CBT6Q, STM32U535CBU6, STM32U535CBU6Q, STM32U535CCT6, STM32U535CCT6Q, STM32U535CCU6, STM32U535CCU6Q, STM32U535CET6, STM32U535CET6Q, STM32U535CEU6, STM32U535CEU6Q, STM32U535JEY6QTR, STM32U535NCY6QTR, STM32U535NEY6QTR, STM32U535RBI6, STM32U535RBI6Q, STM32U535RBT6, STM32U535RBT6Q, STM32U535RCI6, STM32U535RCI6Q, STM32U535RCT6, STM32U535RCT6Q, STM32U535REI6, STM32U535REI6Q, STM32U535RET6, STM32U535RET6Q, STM32U535VCI6, STM32U535VCI6Q, STM32U535VCT6, STM32U535VCT6Q, STM32U535VEI6, STM32U535VEI6Q, STM32U535VET6, STM32U535VET6Q, STM32U545CET6, STM32U545CET6Q, STM32U545CEU6, STM32U545CEU6Q, STM32U545JEY6QTR, STM32U545NEY6QTR, STM32U545REI6, STM32U545REI6Q, STM32U545RET6, STM32U545RET6Q, STM32U545VEI6, STM32U545VEI6Q, STM32U545VET6, STM32U545VET6Q, STM32U595AIH6, STM32U595AIH6Q, STM32U595AJH6, STM32U595AJH6Q, STM32U595QII6, STM32U595QII6Q, STM32U595QJI6, STM32U595QJI6Q, STM32U595RIT6, STM32U595RIT6Q, STM32U595RJT6, STM32U595RJT6Q, STM32U595VIT6, STM32U595VIT6Q, STM32U595VJT6, STM32U595VJT6Q, STM32U595ZIT6, STM32U595ZIT6Q, STM32U595ZIY6QTR, STM32U595ZJT6, STM32U595ZJT6Q, STM32U595ZJY6QTR, STM32U599BJY6QTR, STM32U599NIH6Q, STM32U599NJH6Q, STM32U599VIT6Q, STM32U599VJT6, STM32U599VJT6Q, STM32U599ZIT6Q, STM32U599ZIY6QTR, STM32U599ZJT6Q, STM32U599ZJY6QTR, STM32U5A5AJH6, STM32U5A5AJH6Q, STM32U5A5QII3Q , STM32U5A5QJI6, STM32U5A5QJI6Q, STM32U5A5RJT6, STM32U5A5RJT6Q, STM32U5A5VJT6, STM32U5A5VJT6Q, STM32U5A5ZJT6, STM32U5A5ZJT6Q, STM32U5A5ZJY6QTR, STM32U5A9BJY6QTR, STM32U5A9J-DK, STM32U5A9NJH6Q, STM32U5A9VJT6Q, STM32U5A9ZJT6Q, STM32U5A9ZJY6QTR, STM32U5F7VIT6, STM32U5F7VIT6Q, STM32U5F7VJT6, STM32U5F7VJT6Q, STM32U5F9BJY6QTR, STM32U5F9NJH6Q, STM32U5F9VIT6Q, STM32U5F9VJT6Q, STM32U5F9ZIJ6QTR, STM32U5F9ZIT6Q, STM32U5F9ZJJ6QTR, STM32U5F9ZJT6Q, STM32U5G7VJT6, STM32U5G7VJT6Q, STM32U5G9BJY6QTR, STM32U5G9J-DK1, STM32U5G9J-DK2, STM32U5G9NJH6Q, STM32U5G9VJT6Q, STM32U5G9ZJJ6QTR, STM32U5G9ZJT6Q, STM32WB05KZV6TR, STM32WB05KZV7TR, STM32WB05TZF6TR, STM32WB05TZF7TR, STM32WB06CCF6TR, STM32WB06CCF7TR, STM32WB06CCV6TR, STM32WB06CCV7TR, STM32WB06KCV6TR, STM32WB06KCV7TR, STM32WB07CCF6TR, STM32WB07CCF7TR, STM32WB07CCV6TR, STM32WB07CCV7TR, STM32WB07KCV6TR, STM32WB07KCV7TR, STM32WB09KEV6TR, STM32WB09KEV7TR, STM32WB09TEF6TR, STM32WB09TEF7TR, STM32WB1MMCH6, STM32WBA50KGU6, STM32WBA50KGU6TR, STM32WBA52CEU6, STM32WBA52CEU6TR, STM32WBA52CEU7, STM32WBA52CEU7TR, STM32WBA52CGU6, STM32WBA52CGU6TR, STM32WBA52CGU6U, STM32WBA52CGU7, STM32WBA52CGU7TR, STM32WBA52KEU6, STM32WBA52KEU6TR, STM32WBA52KGU6, STM32WBA52KGU6TR, STM32WBA54CEU6, STM32WBA54CEU6TR, STM32WBA54CEU7, STM32WBA54CEU7TR, STM32WBA54CGU6, STM32WBA54CGU6TR, STM32WBA54CGU7, STM32WBA54CGU7TR, STM32WBA54KEU6, STM32WBA54KEU6TR, STM32WBA54KEU7, STM32WBA54KEU7TR, STM32WBA54KGU6, STM32WBA54KGU6TR, STM32WBA54KGU7, STM32WBA54KGU7TR, STM32WBA55CEU6, STM32WBA55CEU6TR, STM32WBA55CEU7, STM32WBA55CEU7TR, STM32WBA55CGU6, STM32WBA55CGU6TR, STM32WBA55CGU6U, STM32WBA55CGU7, STM32WBA55CGU7TR, STM32WBA55G-DK1, STM32WBA55HEF6, STM32WBA55HEF7, STM32WBA55HGF6, STM32WBA55HGF7, STM32WBA55UEI6, STM32WBA55UEI6TR, STM32WBA55UEI7, STM32WBA55UEI7TR, STM32WBA55UGI6, STM32WBA55UGI6TR, STM32WBA55UGI7, STM32WBA55UGI7TR, STM32WBA5MJGH6TR, STM32WBA62CGU6, STM32WBA62CIU6, STM32WBA62MGF6, STM32WBA62MIF6, STM32WBA62PGI6, STM32WBA62PII6, STM32WBA63CGU6, STM32WBA63CGU7, STM32WBA63CIU6, STM32WBA63CIU7, STM32WBA64CGU6, STM32WBA64CGU7, STM32WBA64CIU6, STM32WBA64CIU7, STM32WBA65CGU6, STM32WBA65CGU7, STM32WBA65CIU6, STM32WBA65CIU7, STM32WBA65I-DK1, STM32WBA65MGF6, STM32WBA65MGF7, STM32WBA65MIF6, STM32WBA65MIF7, STM32WBA65PGI6, STM32WBA65PGI7, STM32WBA65PII6, STM32WBA65PII7, STM32WBA65RGV6, STM32WBA65RGV7, STM32WBA65RIV6, STM32WBA65RIV7, STM32WL30K8V6, STM32WL30KBV6, STM32WL31C8V6, STM32WL31CBV6, STM32WL31K8V6, STM32WL31KBV6, STM32WL33C8V6, STM32WL33C8V6TR, STM32WL33C8V7, STM32WL33C8V7TR, STM32WL33CBV6, STM32WL33CBV6TR, STM32WL33CBV7, STM32WL33CBV7TR, STM32WL33CCV6, STM32WL33CCV6TR, STM32WL33CCV7, STM32WL33CCV7A, STM32WL33CCV7ATR, STM32WL33CCV7TR, STM32WL33K8V6, STM32WL33K8V6TR, STM32WL33K8V7, STM32WL33K8V7TR, STM32WL33KBV6, STM32WL33KBV6TR, STM32WL33KBV7, STM32WL33KBV7TR, STM32WL33KCV6, STM32WL33KCV6TR, STM32WL33KCV7, STM32WL33KCV7TR, STM32WL5MOCH6, STM32WL5MOCH6TR]
2025-10-27 17:16:59,515 [INFO] DbMcus:218 - Found 4747 MCUs, 4747 are supported
2025-10-27 17:16:59,516 [INFO] ApiDb:423 - Load user favorites file C:\Users\user/.stm32cubeide/favorites.mcus.txt: 0 item(s)
2025-10-27 17:16:59,516 [INFO] ApiDb:427 - User favorites MCUs=[]
2025-10-27 17:16:59,516 [INFO] DbMcus:224 - Set 0 / 0 favorites MCUs
2025-10-27 17:17:00,698 [INFO] BoardInfo:889 - No configuration file found for board P-NUCLEO-WB55
2025-10-27 17:17:00,700 [INFO] DbBoards:161 - Kit is not supported: P-NUCLEO-WB55
2025-10-27 17:17:00,711 [INFO] BoardInfo:889 - No configuration file found for board STEVAL-BFA001V1B
2025-10-27 17:17:00,713 [INFO] DbBoards:161 - Kit is not supported: STEVAL-BFA001V1B
2025-10-27 17:17:00,715 [INFO] BoardInfo:889 - No configuration file found for board STEVAL-BFA001V2B
2025-10-27 17:17:00,716 [INFO] DbBoards:161 - Kit is not supported: STEVAL-BFA001V2B
2025-10-27 17:17:01,133 [INFO] DbBoards:168 - Found 211 boards, 208 are supported
2025-10-27 17:17:01,134 [INFO] DbBoards:169 - Found 211 boards, 43 of them is supported for  Bsp
2025-10-27 17:17:01,136 [INFO] ApiDb:423 - Load user favorites file C:\Users\user/.stm32cubeide/favorites.boards.txt: 0 item(s)
2025-10-27 17:17:01,136 [INFO] ApiDb:427 - User favorites Boards=[]
2025-10-27 17:17:01,136 [INFO] DbBoards:198 - Set 0 / 0 favorites Boards
2025-10-27 17:17:01,179 [INFO] UtilMem:75 - End LoadConfig() Used Memory: 644988144 Bytes (1073741824)
2025-10-27 17:17:01,380 [WARN] ThirdParty:833 - waiting for thirdparty lock release [change project]
2025-10-27 17:17:01,380 [INFO] ThirdParty:835 - entering critical section [change project]
2025-10-27 17:17:01,380 [INFO] ThirdParty:1030 - CMSIS Pack Vendor :STMicroelectronics X-CUBE-PM33A1 1.0.0
2025-10-27 17:17:01,380 [INFO] ThirdParty:1030 - CMSIS Pack Vendor :STMicroelectronics USBPD 4.1
2025-10-27 17:17:01,380 [INFO] ThirdParty:1030 - CMSIS Pack Vendor :STMicroelectronics X-CUBE-NFC9 1.0.0
2025-10-27 17:17:01,380 [INFO] ThirdParty:1030 - CMSIS Pack Vendor :STMicroelectronics USB_HOST 2.0.0
2025-10-27 17:17:01,380 [INFO] ThirdParty:1030 - CMSIS Pack Vendor :STMicroelectronics FP-SNS-MOTENVWB1 1.4.0
2025-10-27 17:17:01,380 [INFO] ThirdParty:1030 - CMSIS Pack Vendor :STMicroelectronics X-CUBE-AZRTOS-F4 1.1.0
2025-10-27 17:17:01,380 [INFO] ThirdParty:1030 - CMSIS Pack Vendor :STMicroelectronics LIBJPEG 8.0.0
2025-10-27 17:17:01,380 [INFO] ThirdParty:1030 - CMSIS Pack Vendor :STMicroelectronics FP-ATR-ASTRA1 2.0.2
2025-10-27 17:17:01,380 [INFO] ThirdParty:1030 - CMSIS Pack Vendor :wolfSSL I-CUBE-wolfSSL 5.8.2
2025-10-27 17:17:01,381 [INFO] ThirdParty:1030 - CMSIS Pack Vendor :STMicroelectronics X-CUBE-BLE1 7.1.0
2025-10-27 17:17:01,381 [INFO] ThirdParty:1030 - CMSIS Pack Vendor :STMicroelectronics X-CUBE-SMBUS 2.1.0
2025-10-27 17:17:01,381 [INFO] ThirdParty:1030 - CMSIS Pack Vendor :wolfSSL I-CUBE-wolfMQTT 1.19.2
2025-10-27 17:17:01,381 [INFO] ThirdParty:1030 - CMSIS Pack Vendor :STMicroelectronics USB_DEVICE 3.0.0
2025-10-27 17:17:01,381 [INFO] ThirdParty:1030 - CMSIS Pack Vendor :STMicroelectronics X-CUBE-ISPU 2.1.0
2025-10-27 17:17:01,381 [INFO] ThirdParty:1030 - CMSIS Pack Vendor :STMicroelectronics X-CUBE-EEPRMA1 5.2.0
2025-10-27 17:17:01,381 [INFO] ThirdParty:1030 - CMSIS Pack Vendor :STMicroelectronics X-CUBE-BLEMGR 4.1.0
2025-10-27 17:17:01,381 [INFO] ThirdParty:1030 - CMSIS Pack Vendor :STMicroelectronics X-CUBE-AZRTOS-WB 2.0.0
2025-10-27 17:17:01,381 [INFO] ThirdParty:1030 - CMSIS Pack Vendor :STMicroelectronics X-CUBE-ST60 1.0.0
2025-10-27 17:17:01,381 [INFO] ThirdParty:1030 - CMSIS Pack Vendor :STMicroelectronics X-CUBE-GNSS1 7.0.1
2025-10-27 17:17:01,381 [INFO] ThirdParty:1030 - CMSIS Pack Vendor :STMicroelectronics X-CUBE-NFC12 1.0.0
2025-10-27 17:17:01,381 [INFO] ThirdParty:1030 - CMSIS Pack Vendor :STMicroelectronics X-CUBE-AZRTOS-F7 1.1.0
2025-10-27 17:17:01,381 [INFO] ThirdParty:1030 - CMSIS Pack Vendor :STMicroelectronics X-CUBE-AZRTOS-L5 2.0.0
2025-10-27 17:17:01,381 [INFO] ThirdParty:1030 - CMSIS Pack Vendor :STMicroelectronics X-CUBE-TOUCHGFX 4.25.0
2025-10-27 17:17:01,381 [INFO] ThirdParty:1030 - CMSIS Pack Vendor :STMicroelectronics USB_DEVICE 2.0.0
2025-10-27 17:17:01,381 [INFO] ThirdParty:1030 - CMSIS Pack Vendor :STMicroelectronics X-CUBE-NFC6 3.1.0
2025-10-27 17:17:01,381 [INFO] ThirdParty:1030 - CMSIS Pack Vendor :STMicroelectronics X-CUBE-AI 10.1.0
2025-10-27 17:17:01,381 [INFO] ThirdParty:1030 - CMSIS Pack Vendor :STMicroelectronics FP-SNS-STBOX1 2.0.0
2025-10-27 17:17:01,381 [INFO] ThirdParty:1030 - CMSIS Pack Vendor :quantropi X-CUBE-qispace-sdk-base 2.1.0
2025-10-27 17:17:01,381 [INFO] ThirdParty:1030 - CMSIS Pack Vendor :STMicroelectronics FreeRTOS 0.0.1
2025-10-27 17:17:01,381 [INFO] ThirdParty:1030 - CMSIS Pack Vendor :STMicroelectronics X-CUBE-AZRTOS-G0 1.1.0
2025-10-27 17:17:01,381 [INFO] ThirdParty:1030 - CMSIS Pack Vendor :STMicroelectronics X-CUBE-SAFEA1 1.2.2
2025-10-27 17:17:01,382 [INFO] ThirdParty:1030 - CMSIS Pack Vendor :STMicroelectronics X-CUBE-NFC4 3.0.0
2025-10-27 17:17:01,382 [INFO] ThirdParty:1030 - CMSIS Pack Vendor :STMicroelectronics X-CUBE-SUBG2 5.0.0
2025-10-27 17:17:01,382 [INFO] ThirdParty:1030 - CMSIS Pack Vendor :STMicroelectronics X-CUBE-AZRTOS-H7RS 1.1.0
2025-10-27 17:17:01,382 [INFO] ThirdParty:1030 - CMSIS Pack Vendor :STMicroelectronics STM32_WPAN 1.0.0
2025-10-27 17:17:01,382 [INFO] ThirdParty:1030 - CMSIS Pack Vendor :EmbeddedOffice I-CUBE-FS-RTOS 1.0.1
2025-10-27 17:17:01,382 [INFO] ThirdParty:1030 - CMSIS Pack Vendor :STMicroelectronics lwIP 2.0.3
2025-10-27 17:17:01,382 [INFO] ThirdParty:1030 - CMSIS Pack Vendor :Cesanta I-CUBE-Mongoose 7.13.0
2025-10-27 17:17:01,382 [INFO] ThirdParty:1030 - CMSIS Pack Vendor :STMicroelectronics USB_HOST 1.0.0
2025-10-27 17:17:01,382 [INFO] ThirdParty:1030 - CMSIS Pack Vendor :Infineon AIROC-Wi-Fi-Bluetooth-STM32 1.7.1
2025-10-27 17:17:01,382 [INFO] ThirdParty:1030 - CMSIS Pack Vendor :STMicroelectronics X-CUBE-AZRTOS-G4 2.0.0
2025-10-27 17:17:01,382 [INFO] ThirdParty:1030 - CMSIS Pack Vendor :STMicroelectronics X-CUBE-WB05N 2.0.0
2025-10-27 17:17:01,382 [INFO] ThirdParty:1030 - CMSIS Pack Vendor :STMicroelectronics PDM2PCM 3.1.0
2025-10-27 17:17:01,382 [INFO] ThirdParty:1030 - CMSIS Pack Vendor :STMicroelectronics PDM2PCM 3.3.0
2025-10-27 17:17:01,382 [INFO] ThirdParty:1030 - CMSIS Pack Vendor :wolfSSL I-CUBE-wolfTPM 3.8.0
2025-10-27 17:17:01,382 [INFO] ThirdParty:1030 - CMSIS Pack Vendor :STMicroelectronics X-CUBE-AZRTOS-H7 3.4.0
2025-10-27 17:17:01,382 [INFO] ThirdParty:1030 - CMSIS Pack Vendor :STMicroelectronics X-CUBE-DISPLAY 3.0.0
2025-10-27 17:17:01,382 [INFO] ThirdParty:1030 - CMSIS Pack Vendor :wolfSSL I-CUBE-wolfSSH 1.4.20
2025-10-27 17:17:01,382 [INFO] ThirdParty:1030 - CMSIS Pack Vendor :STMicroelectronics X-CUBE-NFC7 2.0.0
2025-10-27 17:17:01,382 [INFO] ThirdParty:1030 - CMSIS Pack Vendor :STMicroelectronics X-CUBE-TCPP 4.2.0
2025-10-27 17:17:01,382 [INFO] ThirdParty:1030 - CMSIS Pack Vendor :RealThread X-CUBE-RT-Thread_Nano 4.1.1
2025-10-27 17:17:01,383 [INFO] ThirdParty:1030 - CMSIS Pack Vendor :STMicroelectronics FP-ATR-SIGFOX1 3.2.0
2025-10-27 17:17:01,383 [INFO] ThirdParty:1030 - CMSIS Pack Vendor :STMicroelectronics X-CUBE-NFC10 1.0.0
2025-10-27 17:17:01,383 [INFO] ThirdParty:1030 - CMSIS Pack Vendor :STMicroelectronics X-CUBE-FREERTOS 1.3.1
2025-10-27 17:17:01,383 [INFO] ThirdParty:1030 - CMSIS Pack Vendor :STMicroelectronics HAL Drivers 0.0.0
2025-10-27 17:17:01,383 [INFO] ThirdParty:1030 - CMSIS Pack Vendor :STMicroelectronics MBEDTLS 2.16.2
2025-10-27 17:17:01,383 [INFO] ThirdParty:1030 - CMSIS Pack Vendor :STMicroelectronics X-CUBE-ST60 1.1.0
2025-10-27 17:17:01,383 [INFO] ThirdParty:1030 - CMSIS Pack Vendor :STMicroelectronics X-CUBE-IPS 3.1.0
2025-10-27 17:17:01,383 [INFO] ThirdParty:1030 - CMSIS Pack Vendor :STMicroelectronics X-CUBE-ALS 1.0.2
2025-10-27 17:17:01,383 [INFO] ThirdParty:1030 - CMSIS Pack Vendor :emotas I-CUBE-CANOPEN 1.3.0
2025-10-27 17:17:01,383 [INFO] ThirdParty:1030 - CMSIS Pack Vendor :STMicroelectronics MBEDTLS 2.14.1
2025-10-27 17:17:01,383 [INFO] ThirdParty:1030 - CMSIS Pack Vendor :ITTIA_DB I-CUBE-ITTIADB 8.9.0
2025-10-27 17:17:01,383 [INFO] ThirdParty:1030 - CMSIS Pack Vendor :STMicroelectronics X-CUBE-TOUCHGFX 4.26.0
2025-10-27 17:17:01,383 [INFO] ThirdParty:1030 - CMSIS Pack Vendor :STMicroelectronics X-CUBE-STSE01 1.0.0
2025-10-27 17:17:01,383 [INFO] ThirdParty:1030 - CMSIS Pack Vendor :portGmbH I-Cube-SoM-uGOAL 1.1.0
2025-10-27 17:17:01,383 [INFO] ThirdParty:1030 - CMSIS Pack Vendor :STMicroelectronics X-CUBE-ST67W61 1.0.0
2025-10-27 17:17:01,383 [INFO] ThirdParty:1030 - CMSIS Pack Vendor :STMicroelectronics X-CUBE-AI 10.2.0
2025-10-27 17:17:01,383 [INFO] ThirdParty:1030 - CMSIS Pack Vendor :STMicroelectronics FP-SNS-STAIOTCFT 1.0.0
2025-10-27 17:17:01,383 [INFO] ThirdParty:1030 - CMSIS Pack Vendor :STMicroelectronics ThreadX 1.0.0
2025-10-27 17:17:01,383 [INFO] ThirdParty:1030 - CMSIS Pack Vendor :STMicroelectronics FP-SNS-SMARTAG2 1.2.0
2025-10-27 17:17:01,383 [INFO] ThirdParty:1030 - CMSIS Pack Vendor :STMicroelectronics FP-SNS-FLIGHT1 5.1.0
2025-10-27 17:17:01,383 [INFO] ThirdParty:1030 - CMSIS Pack Vendor :STMicroelectronics X-CUBE-AZRTOS-WL 2.0.0
2025-10-27 17:17:01,383 [INFO] ThirdParty:1030 - CMSIS Pack Vendor :SEGGER I-CUBE-embOS 1.3.1
2025-10-27 17:17:01,383 [INFO] ThirdParty:1030 - CMSIS Pack Vendor :STMicroelectronics X-CUBE-ALGOBUILD 1.4.0
2025-10-27 17:17:01,384 [INFO] ThirdParty:1030 - CMSIS Pack Vendor :STMicroelectronics X-CUBE-DPower 1.3.0
2025-10-27 17:17:01,384 [INFO] ThirdParty:1030 - CMSIS Pack Vendor :STMicroelectronics X-CUBE-MEMS1 11.3.0
2025-10-27 17:17:01,384 [INFO] ThirdParty:1030 - CMSIS Pack Vendor :STMicroelectronics FP-SNS-MOTENV1 5.0.0
2025-10-27 17:17:01,384 [INFO] ThirdParty:1030 - CMSIS Pack Vendor :STMicroelectronics USB_DEVICE 1.0.0
2025-10-27 17:17:01,384 [INFO] ThirdParty:1030 - CMSIS Pack Vendor :STMicroelectronics X-CUBE-AZRTOS-L4 2.0.0
2025-10-27 17:17:01,384 [INFO] ThirdParty:1030 - CMSIS Pack Vendor :STMicroelectronics ThreadX 0.0.2
2025-10-27 17:17:01,384 [INFO] ThirdParty:1030 - CMSIS Pack Vendor :WES I-CUBE-Cesium 1.3.0
2025-10-27 17:17:01,384 [INFO] ThirdParty:1030 - CMSIS Pack Vendor :STMicroelectronics lwIP 2.1.2
2025-10-27 17:17:01,384 [INFO] ThirdParty:1030 - CMSIS Pack Vendor :STMicroelectronics X-CUBE-SFXS2LP1 4.0.0
2025-10-27 17:17:01,384 [INFO] ThirdParty:1030 - CMSIS Pack Vendor :STMicroelectronics X-CUBE-BLE2 3.3.0
2025-10-27 17:17:01,384 [INFO] ThirdParty:1030 - CMSIS Pack Vendor :STMicroelectronics X-CUBE-TOF1 3.4.3
2025-10-27 17:17:01,384 [INFO] ThirdParty:1030 - CMSIS Pack Vendor :STMicroelectronics PDM2PCM 3.2.0
2025-10-27 17:17:01,384 [INFO] ThirdParty:841 - exiting critical section [change project]
2025-10-27 17:17:02,167 [INFO] PinOutPanel:1589 - setPackage(No Configuration,No Configuration)
2025-10-27 17:17:02,170 [INFO] PinOutPanel:1589 - setPackage(STM32F411CEUx,UFQFPN48)
2025-10-27 17:17:03,140 [INFO] UtilMem:75 - Before build in PCC Used Memory: 602406912 Bytes (1073741824)
2025-10-27 17:17:05,512 [INFO] UtilMem:75 - After build in PCC Used Memory: 696463416 Bytes (1073741824)
2025-10-27 17:17:05,657 [INFO] IPUIPlugin:80 - create IPUIPlugin
2025-10-27 17:17:05,658 [INFO] IPUIPlugin:80 - create IPUIPlugin
2025-10-27 17:17:05,658 [INFO] IPUIPlugin:80 - create IPUIPlugin
2025-10-27 17:17:05,658 [INFO] IPUIPlugin:80 - create IPUIPlugin
2025-10-27 17:17:05,658 [INFO] IPUIPlugin:80 - create IPUIPlugin
2025-10-27 17:17:05,658 [INFO] IPUIPlugin:80 - create IPUIPlugin
2025-10-27 17:17:05,659 [INFO] IPUIPlugin:80 - create IPUIPlugin
2025-10-27 17:17:05,659 [INFO] IPUIPlugin:80 - create IPUIPlugin
2025-10-27 17:17:05,659 [INFO] IPUIPlugin:80 - create IPUIPlugin
2025-10-27 17:17:05,659 [INFO] IPUIPlugin:80 - create IPUIPlugin
2025-10-27 17:17:05,660 [INFO] IPUIPlugin:80 - create IPUIPlugin
2025-10-27 17:17:05,660 [INFO] IPUIPlugin:80 - create IPUIPlugin
2025-10-27 17:17:05,660 [INFO] IPUIPlugin:80 - create IPUIPlugin
2025-10-27 17:17:05,660 [INFO] IPUIPlugin:80 - create IPUIPlugin
2025-10-27 17:17:05,663 [INFO] IPUIPlugin:80 - create IPUIPlugin
2025-10-27 17:17:05,663 [INFO] IPUIPlugin:80 - create IPUIPlugin
2025-10-27 17:17:05,663 [INFO] IPUIPlugin:80 - create IPUIPlugin
2025-10-27 17:17:05,664 [INFO] IPUIPlugin:80 - create IPUIPlugin
2025-10-27 17:17:05,664 [INFO] IPUIPlugin:80 - create IPUIPlugin
2025-10-27 17:17:05,664 [INFO] IPUIPlugin:80 - create IPUIPlugin
2025-10-27 17:17:05,664 [INFO] IPUIPlugin:80 - create IPUIPlugin
2025-10-27 17:17:05,665 [INFO] IPUIPlugin:80 - create IPUIPlugin
2025-10-27 17:17:05,665 [INFO] IPUIPlugin:80 - create IPUIPlugin
2025-10-27 17:17:05,665 [INFO] IPUIPlugin:80 - create IPUIPlugin
2025-10-27 17:17:05,666 [INFO] IPUIPlugin:80 - create IPUIPlugin
2025-10-27 17:17:05,666 [INFO] IPUIPlugin:80 - create IPUIPlugin
2025-10-27 17:17:05,666 [INFO] IPUIPlugin:80 - create IPUIPlugin
2025-10-27 17:17:05,666 [INFO] IPUIPlugin:80 - create IPUIPlugin
2025-10-27 17:17:05,667 [INFO] IPUIPlugin:80 - create IPUIPlugin
2025-10-27 17:17:05,667 [INFO] IPUIPlugin:80 - create IPUIPlugin
2025-10-27 17:17:05,667 [INFO] IPUIPlugin:80 - create IPUIPlugin
2025-10-27 17:17:05,668 [INFO] IPUIPlugin:80 - create IPUIPlugin
2025-10-27 17:17:05,668 [INFO] IPUIPlugin:80 - create IPUIPlugin
2025-10-27 17:17:05,668 [INFO] IPUIPlugin:80 - create IPUIPlugin
2025-10-27 17:17:05,669 [INFO] IPUIPlugin:80 - create IPUIPlugin
2025-10-27 17:17:05,669 [INFO] IPUIPlugin:80 - create IPUIPlugin
2025-10-27 17:17:05,670 [INFO] IPUIPlugin:80 - create IPUIPlugin
2025-10-27 17:17:05,670 [INFO] IPUIPlugin:80 - create IPUIPlugin
2025-10-27 17:17:05,670 [INFO] IPUIPlugin:80 - create IPUIPlugin
2025-10-27 17:17:05,671 [INFO] IPUIPlugin:80 - create IPUIPlugin
2025-10-27 17:17:05,672 [INFO] IPUIPlugin:80 - create IPUIPlugin
2025-10-27 17:17:05,673 [INFO] IPUIPlugin:80 - create IPUIPlugin
2025-10-27 17:17:05,674 [INFO] IPUIPlugin:80 - create IPUIPlugin
2025-10-27 17:17:05,951 [INFO] ApiDbMcu:508 - Load IP Config File for PDM2PCM
2025-10-27 17:17:06,523 [INFO] CADModel:165 - CPN selected for project levelSTM32F411CEU6
2025-10-27 17:17:06,523 [INFO] CADModel:114 - Register for checkConnection events
2025-10-27 17:17:06,597 [INFO] OpenFileManager:385 - Restore cursor
2025-10-27 17:17:38,587 [INFO] UtilMem:75 - End SaveConfig() Used Memory: 970759352 Bytes (1073741824)
2025-10-27 17:17:40,164 [INFO] UtilMem:75 - End SaveConfig() Used Memory: 994574336 Bytes (1073741824)
2025-10-27 17:17:42,865 [INFO] UtilMem:75 - End SaveConfig() Used Memory: 646971392 Bytes (1073741824)
2025-10-27 17:17:43,873 [INFO] BlockDiagram:2775 - set Specific Code input for plugin: NVIC
2025-10-27 17:17:43,873 [INFO] BlockDiagram:2775 - set Specific Code input for plugin: USART
2025-10-27 17:17:43,873 [INFO] BlockDiagram:2775 - set Specific Code input for plugin: SYS
2025-10-27 17:17:43,874 [INFO] BlockDiagram:2775 - set Specific Code input for plugin: GPIO
2025-10-27 17:17:43,874 [INFO] BlockDiagram:2775 - set Specific Code input for plugin: RCC
2025-10-27 17:17:43,874 [INFO] BlockDiagram:2775 - set Specific Code input for plugin: CRC
2025-10-27 17:17:43,876 [INFO] CodeGenerator:882 - code generatio: config db path: C:\ST\STM32CubeIDE_1.18.0\STM32CubeIDE\plugins\com.st.stm32cube.common.mx_6.14.0.202502271554\\db\
2025-10-27 17:17:44,106 [INFO] CodeEngine:263 - oldGeneratedFile, D:\Bootloader_Course\P_1\MXTmpFiles\license.tmp_save
2025-10-27 17:17:44,885 [INFO] CodeEngine:287 - Generated code: D:\Bootloader_Course\P_1\MXTmpFiles\license.tmp
2025-10-27 17:17:44,995 [INFO] CodeEngine:263 - oldGeneratedFile, D:\Bootloader_Course\P_1\MXTmpFiles\gpio.tmp_save
2025-10-27 17:17:45,253 [INFO] CodeEngine:287 - Generated code: D:\Bootloader_Course\P_1\MXTmpFiles\gpio.tmp
2025-10-27 17:17:45,473 [INFO] CodeEngine:263 - oldGeneratedFile, D:\Bootloader_Course\P_1\Core\Src\stm32f4xx_it.c_save
2025-10-27 17:17:47,189 [INFO] CodeEngine:287 - Generated code: D:\Bootloader_Course\P_1\Core\Src\stm32f4xx_it.c
2025-10-27 17:17:47,199 [INFO] CodeEngine:263 - oldGeneratedFile, D:\Bootloader_Course\P_1\Core\Inc\stm32f4xx_it.h_save
2025-10-27 17:17:47,898 [INFO] CodeEngine:287 - Generated code: D:\Bootloader_Course\P_1\Core\Inc\stm32f4xx_it.h
2025-10-27 17:17:47,987 [INFO] CodeEngine:263 - oldGeneratedFile, D:\Bootloader_Course\P_1\Core\Src\stm32f4xx_hal_msp.c_save
2025-10-27 17:17:48,713 [INFO] CodeEngine:287 - Generated code: D:\Bootloader_Course\P_1\Core\Src\stm32f4xx_hal_msp.c
2025-10-27 17:17:48,717 [INFO] CodeEngine:263 - oldGeneratedFile, D:\Bootloader_Course\P_1\MXTmpFiles\system.tmp_save
2025-10-27 17:17:48,854 [INFO] CodeEngine:287 - Generated code: D:\Bootloader_Course\P_1\MXTmpFiles\system.tmp
2025-10-27 17:17:48,867 [INFO] CodeEngine:319 - oldGeneratedFile, D:\Bootloader_Course\P_1\Core\Inc\stm32f4xx_hal_conf.h_save
2025-10-27 17:17:49,017 [INFO] CodeEngine:343 - Generated code: D:\Bootloader_Course\P_1\Core\Inc\stm32f4xx_hal_conf.h
2025-10-27 17:17:49,088 [INFO] ApiDbMcu:508 - Load IP Config File for CRC
2025-10-27 17:17:49,106 [INFO] ApiDbMcu:508 - Load IP Config File for USART2
2025-10-27 17:17:49,126 [INFO] ApiDbMcu:508 - Load IP Config File for RCC
2025-10-27 17:17:49,139 [INFO] CodeEngine:263 - oldGeneratedFile, D:\Bootloader_Course\P_1\Core\Inc\main.h_save
2025-10-27 17:17:49,298 [INFO] CodeEngine:287 - Generated code: D:\Bootloader_Course\P_1\Core\Inc\main.h
2025-10-27 17:17:49,304 [INFO] CodeEngine:263 - oldGeneratedFile, D:\Bootloader_Course\P_1\Core\Src\main.c_save
2025-10-27 17:17:49,571 [INFO] CodeEngine:287 - Generated code: D:\Bootloader_Course\P_1\Core\Src\main.c
2025-10-27 17:17:50,053 [INFO] ProjectBuilder:3324 - Time for Copy HAL[1] : 117mS.
2025-10-27 17:17:50,062 [INFO] ProjectBuilder:4912 - Project Generator version: 4.6.0-B36
2025-10-27 17:17:50,210 [INFO] ConfigFileManager:1590 - The Die is : DIE431
2025-10-27 17:17:50,228 [INFO] ApiDbMcu:508 - Load IP Config File for FATFS
2025-10-27 17:17:50,261 [INFO] ApiDbMcu:508 - Load IP Config File for FREERTOS
2025-10-27 17:17:50,265 [INFO] ApiDbMcu:508 - Load IP Config File for LIBJPEG
2025-10-27 17:17:50,310 [INFO] ApiDbMcu:508 - Load IP Config File for MBEDTLS
2025-10-27 17:17:50,355 [INFO] ApiDbMcu:508 - Load IP Config File for USB_DEVICE
2025-10-27 17:17:50,367 [INFO] ApiDbMcu:508 - Load IP Config File for USB_HOST
2025-10-27 17:17:51,322 [INFO] LogOutputStream:77 - [STDOUT_REDIRECT] 
2025-10-27 17:17:54,401 [INFO] ProjectBuilder:5191 - Time for Generating toolchain IDE Files: 4339mS.
2025-10-27 17:17:54,404 [INFO] ProjectBuilder:3181 - Time for Copy CMSIS : 1mS.
2025-10-27 17:17:54,406 [INFO] ProjectBuilder:3181 - Time for Copy CMSIS : 1mS.
2025-10-27 17:50:34,520 [INFO] WebApp:194 - Connection lost
2025-10-27 17:50:34,889 [INFO] WebApp:191 - Connection restablished
2025-10-27 17:53:16,500 [INFO] WebApp:194 - Connection lost
2025-10-27 17:53:16,818 [INFO] WebApp:191 - Connection restablished
2025-10-27 17:55:31,981 [INFO] WebApp:194 - Connection lost
2025-10-27 17:55:32,227 [INFO] WebApp:191 - Connection restablished
2025-10-27 17:58:27,477 [INFO] WebApp:194 - Connection lost
2025-10-27 17:58:27,728 [INFO] WebApp:191 - Connection restablished
2025-10-27 18:02:20,474 [INFO] WebApp:194 - Connection lost
2025-10-27 18:02:20,726 [INFO] WebApp:191 - Connection restablished
2025-10-27 19:39:24,648 [INFO] WebApp:194 - Connection lost
2025-10-27 19:39:24,874 [INFO] WebApp:191 - Connection restablished
2025-10-27 19:39:26,487 [INFO] WebApp:194 - Connection lost
2025-10-27 19:39:26,714 [INFO] WebApp:191 - Connection restablished
2025-10-27 19:50:00,482 [INFO] WebApp:194 - Connection lost
2025-10-27 19:50:00,737 [INFO] WebApp:191 - Connection restablished
2025-10-27 19:54:34,474 [INFO] WebApp:194 - Connection lost
2025-10-27 19:54:34,749 [INFO] WebApp:191 - Connection restablished
2025-10-27 19:59:40,038 [INFO] WebApp:194 - Connection lost
2025-10-27 19:59:40,271 [INFO] WebApp:191 - Connection restablished
2025-10-27 20:47:09,579 [INFO] WebApp:194 - Connection lost
2025-10-27 20:47:09,828 [INFO] WebApp:191 - Connection restablished
2025-10-27 21:05:09,683 [INFO] WebApp:194 - Connection lost
2025-10-27 21:05:09,913 [INFO] WebApp:191 - Connection restablished
2025-10-27 21:05:50,176 [INFO] WebApp:194 - Connection lost
2025-10-27 21:05:50,436 [INFO] WebApp:191 - Connection restablished
2025-10-27 21:10:27,698 [INFO] WebApp:194 - Connection lost
2025-10-27 21:10:27,964 [INFO] WebApp:191 - Connection restablished
2025-10-27 21:43:05,806 [INFO] WebApp:194 - Connection lost
2025-10-27 21:43:06,187 [INFO] WebApp:191 - Connection restablished
2025-10-27 21:45:42,852 [INFO] WebApp:194 - Connection lost
2025-10-27 21:45:43,137 [INFO] WebApp:191 - Connection restablished
2025-10-27 21:48:39,824 [INFO] WebApp:194 - Connection lost
2025-10-27 21:48:40,073 [INFO] WebApp:191 - Connection restablished
2025-10-27 22:03:33,337 [INFO] WebApp:194 - Connection lost
2025-10-27 22:03:33,593 [INFO] WebApp:191 - Connection restablished
2025-10-27 22:03:47,342 [INFO] WebApp:194 - Connection lost
2025-10-27 22:03:47,539 [INFO] WebApp:191 - Connection restablished
2025-10-27 22:10:34,842 [INFO] WebApp:194 - Connection lost
2025-10-27 22:10:35,099 [INFO] WebApp:191 - Connection restablished
2025-10-27 22:10:51,340 [INFO] WebApp:194 - Connection lost
2025-10-27 22:10:51,555 [INFO] WebApp:191 - Connection restablished
2025-10-27 22:15:41,348 [INFO] WebApp:194 - Connection lost
2025-10-27 22:15:41,611 [INFO] WebApp:191 - Connection restablished
2025-10-27 22:18:48,358 [INFO] WebApp:194 - Connection lost
2025-10-27 22:18:48,592 [INFO] WebApp:191 - Connection restablished
2025-10-27 22:25:13,381 [INFO] WebApp:194 - Connection lost
2025-10-27 22:25:13,632 [INFO] WebApp:191 - Connection restablished
2025-10-27 22:30:16,868 [INFO] WebApp:194 - Connection lost
2025-10-27 22:30:17,099 [INFO] WebApp:191 - Connection restablished
2025-10-27 22:33:03,370 [INFO] WebApp:194 - Connection lost
2025-10-27 22:33:03,639 [INFO] WebApp:191 - Connection restablished
2025-10-27 22:37:17,870 [ERROR] LogOutputStream:75 - [STDERR_REDIRECT] 
2025-10-27 22:37:17,875 [ERROR] LogOutputStream:75 - [STDERR_REDIRECT] 
