2025-11-15 08:33:58,602 [INFO] Activator:176 - 


2025-11-15 08:33:58,607 [INFO] Activator:177 - !SESSION log4j initialized
2025-11-15 08:34:08,174 [INFO] LogOutputStream:77 - [STDOUT_REDIRECT] 
2025-11-15 08:34:10,280 [INFO] ApplicationProperties:184 - Using Application install path: C:\ST\STM32CubeIDE_1.18.0\STM32CubeIDE\plugins\com.st.stm32cube.common.mx_6.14.0.202502271554
2025-11-15 08:34:10,306 [INFO] DbMcusXml:78 - Set database path to: C:\ST\STM32CubeIDE_1.18.0\STM32CubeIDE\plugins\com.st.stm32cube.common.mx_6.14.0.202502271554\\db\/mcu/
2025-11-15 08:34:10,307 [INFO] ApiDb:274 - Set plugin database path to: C:\ST\STM32CubeIDE_1.18.0\STM32CubeIDE\plugins\com.st.stm32cube.common.mx_6.14.0.202502271554\\db\/plugins/boardmanager/
2025-11-15 08:34:10,307 [WARN] ApiDb:259 - Overriding images path with different value:  => C:\ST\STM32CubeIDE_1.18.0\STM32CubeIDE\plugins\com.st.stm32cube.common.mx_6.14.0.202502271554\\db\/plugins/mcufinder/images/
2025-11-15 08:34:10,321 [INFO] ApiDb:250 - Set database path to: C:\Users\user\.stmcufinder\plugins\mcufinder//mcu/
2025-11-15 08:34:10,322 [INFO] DbMcusAds:125 - Set database path to: C:\Users\user\.stmcufinder\plugins\mcufinder//mcu/
2025-11-15 08:34:10,325 [INFO] CrossReferenceDbSqlite:203 - Set database path to: C:\Users\user\.stmcufinder\plugins\mcufinder//mcu/cs/
2025-11-15 08:34:10,481 [INFO] RulesReader:64 - Compatibility file has been processed (301 Rules)
2025-11-15 08:34:10,632 [INFO] DbMcusXml:78 - Set database path to: C:\ST\STM32CubeIDE_1.18.0\STM32CubeIDE\plugins\com.st.stm32cube.common.mx_6.14.0.202502271554\\db\/mcu/
2025-11-15 08:34:10,632 [INFO] ApiDb:274 - Set plugin database path to: C:\ST\STM32CubeIDE_1.18.0\STM32CubeIDE\plugins\com.st.stm32cube.common.mx_6.14.0.202502271554\\db\/plugins/boardmanager/
2025-11-15 08:34:10,632 [INFO] ApiDb:261 - Set plugin images path to: C:\ST\STM32CubeIDE_1.18.0\STM32CubeIDE\plugins\com.st.stm32cube.common.mx_6.14.0.202502271554\\db\/plugins/mcufinder/images/
2025-11-15 08:34:10,632 [WARN] DbFile:41 - Overriding database path with different value: C:\Users\user\.stmcufinder\plugins\mcufinder/ => C:\Users\user\.stmcufinder\plugins\mcufinder
2025-11-15 08:34:10,633 [INFO] ApiDb:250 - Set database path to: C:\Users\user\.stmcufinder\plugins\mcufinder//mcu/
2025-11-15 08:34:10,633 [WARN] DbFile:41 - Overriding database path with different value: C:\Users\user\.stmcufinder\plugins\mcufinder/ => C:\Users\user\.stmcufinder\plugins\mcufinder
2025-11-15 08:34:10,633 [INFO] DbMcusAds:125 - Set database path to: C:\Users\user\.stmcufinder\plugins\mcufinder//mcu/
2025-11-15 08:34:10,633 [WARN] DbFile:41 - Overriding database path with different value: C:\Users\user\.stmcufinder\plugins\mcufinder/ => C:\Users\user\.stmcufinder\plugins\mcufinder
2025-11-15 08:34:10,633 [WARN] DbFile:41 - Overriding database path with different value: C:\Users\user\.stmcufinder\plugins\mcufinder/ => C:\Users\user\.stmcufinder\plugins\mcufinder
2025-11-15 08:34:10,633 [INFO] CrossReferenceDbSqlite:203 - Set database path to: C:\Users\user\.stmcufinder\plugins\mcufinder//mcu/cs/
2025-11-15 08:34:10,761 [INFO] MainPanel:272 - HeapMemory: 268435456
2025-11-15 08:34:10,972 [INFO] DbMcusXml:78 - Set database path to: C:\ST\STM32CubeIDE_1.18.0\STM32CubeIDE\plugins\com.st.stm32cube.common.mx_6.14.0.202502271554\\db\/mcu/
2025-11-15 08:34:10,973 [INFO] ApiDb:274 - Set plugin database path to: C:\ST\STM32CubeIDE_1.18.0\STM32CubeIDE\plugins\com.st.stm32cube.common.mx_6.14.0.202502271554\\db\/plugins/boardmanager/
2025-11-15 08:34:10,973 [INFO] ApiDb:261 - Set plugin images path to: C:\ST\STM32CubeIDE_1.18.0\STM32CubeIDE\plugins\com.st.stm32cube.common.mx_6.14.0.202502271554\\db\/plugins/mcufinder/images/
2025-11-15 08:34:10,973 [WARN] DbFile:41 - Overriding database path with different value: C:\Users\user\.stmcufinder\plugins\mcufinder/ => C:\Users\user\.stmcufinder\plugins\mcufinder
2025-11-15 08:34:10,973 [INFO] ApiDb:250 - Set database path to: C:\Users\user\.stmcufinder\plugins\mcufinder//mcu/
2025-11-15 08:34:10,974 [WARN] DbFile:41 - Overriding database path with different value: C:\Users\user\.stmcufinder\plugins\mcufinder/ => C:\Users\user\.stmcufinder\plugins\mcufinder
2025-11-15 08:34:10,974 [INFO] DbMcusAds:125 - Set database path to: C:\Users\user\.stmcufinder\plugins\mcufinder//mcu/
2025-11-15 08:34:10,974 [WARN] DbFile:41 - Overriding database path with different value: C:\Users\user\.stmcufinder\plugins\mcufinder/ => C:\Users\user\.stmcufinder\plugins\mcufinder
2025-11-15 08:34:10,974 [WARN] DbFile:41 - Overriding database path with different value: C:\Users\user\.stmcufinder\plugins\mcufinder/ => C:\Users\user\.stmcufinder\plugins\mcufinder
2025-11-15 08:34:10,974 [INFO] CrossReferenceDbSqlite:203 - Set database path to: C:\Users\user\.stmcufinder\plugins\mcufinder//mcu/cs/
2025-11-15 08:34:11,002 [INFO] ApplicationProperties:184 - Using Application install path: C:\ST\STM32CubeIDE_1.18.0\STM32CubeIDE\plugins\com.st.stm32cube.common.mx_6.14.0.202502271554
2025-11-15 08:34:11,003 [INFO] PluginManage:196 - Search for loadable plugins [exclusion list=, ]
2025-11-15 08:34:11,005 [INFO] PluginManage:310 - Check plugin analytics
2025-11-15 08:34:11,300 [INFO] AnalyticsPlugin:253 - Accepted Software Licenses: 
2025-11-15 08:34:11,301 [INFO] AnalyticsPlugin:255 - Accepted CMSIS Pack Licenses: 
2025-11-15 08:34:11,301 [INFO] AnalyticsPlugin:257 - Accepted Firmware Licenses: FW.F4.1.28.0,FW.G0.1.6.0
2025-11-15 08:34:11,304 [INFO] PluginManage:359 - Loaded plugin analytics (category:tool,tabindex:-1)
2025-11-15 08:34:11,305 [INFO] PluginManage:310 - Check plugin cadmodel
2025-11-15 08:34:11,314 [INFO] CADModel:105 - Init CAD model plugin
2025-11-15 08:34:11,314 [INFO] PluginManage:359 - Loaded plugin cadmodel (category:power,tabindex:5)
2025-11-15 08:34:11,315 [INFO] PluginManage:310 - Check plugin clock
2025-11-15 08:34:11,327 [INFO] PluginManage:359 - Loaded plugin clock (category:base,tabindex:2)
2025-11-15 08:34:11,327 [INFO] PluginManage:310 - Check plugin ddr
2025-11-15 08:34:11,331 [INFO] PluginManage:359 - Loaded plugin ddr (category:tool,tabindex:6)
2025-11-15 08:34:11,331 [INFO] PluginManage:310 - Check plugin filemanager
2025-11-15 08:34:11,512 [INFO] PluginManage:359 - Loaded plugin filemanager (category:base,tabindex:10)
2025-11-15 08:34:11,512 [INFO] PluginManage:310 - Check plugin ipmanager
2025-11-15 08:34:11,520 [INFO] PluginManage:359 - Loaded plugin ipmanager (category:base,tabindex:5)
2025-11-15 08:34:11,520 [INFO] PluginManage:310 - Check plugin lpbam
2025-11-15 08:34:11,531 [INFO] PluginManage:359 - Loaded plugin lpbam (category:base,tabindex:0)
2025-11-15 08:34:11,531 [INFO] PluginManage:310 - Check plugin memorymap
2025-11-15 08:34:11,555 [INFO] PluginManage:359 - Loaded plugin memorymap (category:base,tabindex:4)
2025-11-15 08:34:11,555 [INFO] PluginManage:310 - Check plugin pinoutandconfiguration
2025-11-15 08:34:11,568 [INFO] PluginManage:359 - Loaded plugin pinoutandconfiguration (category:base,tabindex:1)
2025-11-15 08:34:11,568 [INFO] PluginManage:310 - Check plugin pinoutconfig
2025-11-15 08:34:11,697 [WARN] SupportedApi:132 - Cannot load RTOS API schema: s4s-elt-must-match.1: The content of 'definitions' must match (annotation?, (simpleType | complexType)?, (unique | key | keyref)*)). A problem was found starting at: attribute.
2025-11-15 08:34:11,881 [INFO] PluginManage:359 - Loaded plugin pinoutconfig (category:base,tabindex:0)
2025-11-15 08:34:11,881 [INFO] PluginManage:310 - Check plugin power
2025-11-15 08:34:11,899 [INFO] PluginManage:359 - Loaded plugin power (category:power,tabindex:4)
2025-11-15 08:34:11,899 [INFO] PluginManage:310 - Check plugin projectmanager
2025-11-15 08:34:11,923 [INFO] PluginManage:359 - Loaded plugin projectmanager (category:projectmanager,tabindex:4)
2025-11-15 08:34:11,923 [INFO] PluginManage:310 - Check plugin rif
2025-11-15 08:34:11,935 [INFO] PluginManage:359 - Loaded plugin rif (category:base,tabindex:3)
2025-11-15 08:34:11,936 [INFO] PluginManage:310 - Check plugin thirdparty
2025-11-15 08:34:12,163 [INFO] PluginManage:359 - Loaded plugin thirdparty (category:base,tabindex:-1)
2025-11-15 08:34:12,163 [INFO] PluginManage:310 - Check plugin tools
2025-11-15 08:34:12,163 [WARN] IntegrityCheckThread:84 - waiting for thirdparty lock release [integrity check]
2025-11-15 08:34:12,164 [INFO] IntegrityCheckThread:86 - entering critical section [integrity check]
2025-11-15 08:34:12,164 [INFO] ThirdPartyUpdaterWithRetryManager:70 - Updater plugin not ready yet. [1/15]
2025-11-15 08:34:12,168 [INFO] PluginManage:359 - Loaded plugin tools (category:base,tabindex:7)
2025-11-15 08:34:12,168 [INFO] PluginManage:310 - Check plugin tutovideos
2025-11-15 08:34:12,398 [INFO] PluginManage:359 - Loaded plugin tutovideos (category:base,tabindex:-1)
2025-11-15 08:34:12,398 [INFO] PluginManage:310 - Check plugin updater
2025-11-15 08:34:12,430 [INFO] PluginManage:359 - Loaded plugin updater (category:base,tabindex:12)
2025-11-15 08:34:12,430 [INFO] PluginManage:310 - Check plugin userauth
2025-11-15 08:34:12,436 [INFO] UserAuth:118 - Init User Auth plugin
2025-11-15 08:34:12,437 [INFO] PluginManage:359 - Loaded plugin userauth (category:base,tabindex:14)
2025-11-15 08:34:12,437 [INFO] PluginManage:283 - PluginManage : Loaded plugins [18]
2025-11-15 08:34:12,725 [INFO] PinOutPanel:1589 - setPackage(No Configuration,No Configuration)
2025-11-15 08:34:12,837 [INFO] CADModel:165 - CPN selected for project level
2025-11-15 08:34:12,837 [INFO] CADModel:114 - Register for checkConnection events
2025-11-15 08:34:12,863 [INFO] IPUIPlugin:80 - create IPUIPlugin
2025-11-15 08:34:12,863 [INFO] PluginManager:220 - loadIPPluginJar : add adc
2025-11-15 08:34:12,868 [INFO] IPUIPlugin:80 - create IPUIPlugin
2025-11-15 08:34:12,868 [INFO] PluginManager:220 - loadIPPluginJar : add aes
2025-11-15 08:34:12,872 [INFO] IPUIPlugin:80 - create IPUIPlugin
2025-11-15 08:34:12,872 [INFO] PluginManager:220 - loadIPPluginJar : add can
2025-11-15 08:34:12,875 [INFO] IPUIPlugin:80 - create IPUIPlugin
2025-11-15 08:34:12,875 [INFO] PluginManager:220 - loadIPPluginJar : add comp
2025-11-15 08:34:12,879 [INFO] IPUIPlugin:80 - create IPUIPlugin
2025-11-15 08:34:12,880 [INFO] PluginManager:220 - loadIPPluginJar : add cryp
2025-11-15 08:34:12,887 [INFO] IPUIPlugin:80 - create IPUIPlugin
2025-11-15 08:34:12,887 [INFO] PluginManager:220 - loadIPPluginJar : add ddr_ctrl_phy
2025-11-15 08:34:12,891 [INFO] IPUIPlugin:80 - create IPUIPlugin
2025-11-15 08:34:12,891 [INFO] PluginManager:220 - loadIPPluginJar : add dfsdm
2025-11-15 08:34:12,899 [INFO] IPUIPlugin:80 - create IPUIPlugin
2025-11-15 08:34:12,900 [INFO] PluginManager:220 - loadIPPluginJar : add dma
2025-11-15 08:34:12,932 [INFO] IPUIPlugin:80 - create IPUIPlugin
2025-11-15 08:34:12,933 [INFO] PluginManager:220 - loadIPPluginJar : add dma3
2025-11-15 08:34:12,937 [INFO] IPUIPlugin:80 - create IPUIPlugin
2025-11-15 08:34:12,938 [INFO] PluginManager:220 - loadIPPluginJar : add extmemmanager
2025-11-15 08:34:12,941 [INFO] IPUIPlugin:80 - create IPUIPlugin
2025-11-15 08:34:12,941 [INFO] PluginManager:220 - loadIPPluginJar : add fatfs
2025-11-15 08:34:12,950 [INFO] IPUIPlugin:80 - create IPUIPlugin
2025-11-15 08:34:12,950 [INFO] PluginManager:220 - loadIPPluginJar : add fmc
2025-11-15 08:34:12,962 [INFO] IPUIPlugin:80 - create IPUIPlugin
2025-11-15 08:34:12,962 [INFO] PluginManager:220 - loadIPPluginJar : add freertos
2025-11-15 08:34:12,965 [INFO] IPUIPlugin:80 - create IPUIPlugin
2025-11-15 08:34:12,965 [INFO] PluginManager:220 - loadIPPluginJar : add genericplugin
2025-11-15 08:34:12,970 [INFO] IPUIPlugin:80 - create IPUIPlugin
2025-11-15 08:34:12,970 [INFO] PluginManager:220 - loadIPPluginJar : add gfxmmu
2025-11-15 08:34:12,979 [INFO] IPUIPlugin:80 - create IPUIPlugin
2025-11-15 08:34:12,979 [INFO] PluginManager:220 - loadIPPluginJar : add gic
2025-11-15 08:34:12,986 [INFO] IPUIPlugin:80 - create IPUIPlugin
2025-11-15 08:34:12,986 [INFO] PluginManager:220 - loadIPPluginJar : add gpio
2025-11-15 08:34:12,991 [INFO] IPUIPlugin:80 - create IPUIPlugin
2025-11-15 08:34:12,991 [INFO] PluginManager:220 - loadIPPluginJar : add gtzc
2025-11-15 08:34:12,996 [INFO] IPUIPlugin:80 - create IPUIPlugin
2025-11-15 08:34:12,996 [INFO] PluginManager:220 - loadIPPluginJar : add hash
2025-11-15 08:34:13,001 [INFO] IPUIPlugin:80 - create IPUIPlugin
2025-11-15 08:34:13,001 [INFO] PluginManager:220 - loadIPPluginJar : add i2c
2025-11-15 08:34:13,006 [INFO] IPUIPlugin:80 - create IPUIPlugin
2025-11-15 08:34:13,006 [INFO] PluginManager:220 - loadIPPluginJar : add i2s
2025-11-15 08:34:13,012 [INFO] IPUIPlugin:80 - create IPUIPlugin
2025-11-15 08:34:13,012 [INFO] PluginManager:220 - loadIPPluginJar : add i3c
2025-11-15 08:34:13,018 [INFO] IPUIPlugin:80 - create IPUIPlugin
2025-11-15 08:34:13,018 [INFO] PluginManager:220 - loadIPPluginJar : add ipddr
2025-11-15 08:34:13,031 [INFO] IPUIPlugin:80 - create IPUIPlugin
2025-11-15 08:34:13,031 [INFO] PluginManager:220 - loadIPPluginJar : add linkedlist
2025-11-15 08:34:13,036 [INFO] IPUIPlugin:80 - create IPUIPlugin
2025-11-15 08:34:13,036 [INFO] PluginManager:220 - loadIPPluginJar : add lorawan
2025-11-15 08:34:13,042 [INFO] IPUIPlugin:80 - create IPUIPlugin
2025-11-15 08:34:13,043 [INFO] PluginManager:220 - loadIPPluginJar : add ltdc
2025-11-15 08:34:13,052 [INFO] IPUIPlugin:80 - create IPUIPlugin
2025-11-15 08:34:13,052 [INFO] PluginManager:220 - loadIPPluginJar : add mdma
2025-11-15 08:34:13,062 [INFO] IPUIPlugin:80 - create IPUIPlugin
2025-11-15 08:34:13,063 [INFO] PluginManager:220 - loadIPPluginJar : add nvic
2025-11-15 08:34:13,068 [INFO] IPUIPlugin:80 - create IPUIPlugin
2025-11-15 08:34:13,068 [INFO] PluginManager:220 - loadIPPluginJar : add opamp
2025-11-15 08:34:13,075 [INFO] IPUIPlugin:80 - create IPUIPlugin
2025-11-15 08:34:13,075 [INFO] PluginManager:220 - loadIPPluginJar : add openamp
2025-11-15 08:34:13,081 [INFO] IPUIPlugin:80 - create IPUIPlugin
2025-11-15 08:34:13,082 [INFO] PluginManager:220 - loadIPPluginJar : add pdm2pcm
2025-11-15 08:34:13,091 [INFO] IPUIPlugin:80 - create IPUIPlugin
2025-11-15 08:34:13,096 [INFO] PluginManager:220 - loadIPPluginJar : add plateformsettings
2025-11-15 08:34:13,100 [INFO] IPUIPlugin:80 - create IPUIPlugin
2025-11-15 08:34:13,100 [INFO] PluginManager:220 - loadIPPluginJar : add quadspi
2025-11-15 08:34:13,103 [INFO] IPUIPlugin:80 - create IPUIPlugin
2025-11-15 08:34:13,103 [INFO] PluginManager:220 - loadIPPluginJar : add radio
2025-11-15 08:34:13,110 [INFO] IPUIPlugin:80 - create IPUIPlugin
2025-11-15 08:34:13,110 [INFO] PluginManager:220 - loadIPPluginJar : add resmgrutility
2025-11-15 08:34:13,115 [INFO] IPUIPlugin:80 - create IPUIPlugin
2025-11-15 08:34:13,115 [INFO] PluginManager:220 - loadIPPluginJar : add sai
2025-11-15 08:34:13,119 [INFO] IPUIPlugin:80 - create IPUIPlugin
2025-11-15 08:34:13,120 [INFO] PluginManager:220 - loadIPPluginJar : add spi
2025-11-15 08:34:13,129 [INFO] IPUIPlugin:80 - create IPUIPlugin
2025-11-15 08:34:13,129 [INFO] PluginManager:220 - loadIPPluginJar : add stm32_wpan
2025-11-15 08:34:13,132 [INFO] IPUIPlugin:80 - create IPUIPlugin
2025-11-15 08:34:13,132 [INFO] PluginManager:220 - loadIPPluginJar : add tim
2025-11-15 08:34:13,136 [INFO] IPUIPlugin:80 - create IPUIPlugin
2025-11-15 08:34:13,137 [INFO] PluginManager:220 - loadIPPluginJar : add touchsensing
2025-11-15 08:34:13,141 [INFO] IPUIPlugin:80 - create IPUIPlugin
2025-11-15 08:34:13,141 [INFO] PluginManager:220 - loadIPPluginJar : add tracer_emb
2025-11-15 08:34:13,146 [INFO] IPUIPlugin:80 - create IPUIPlugin
2025-11-15 08:34:13,146 [INFO] PluginManager:220 - loadIPPluginJar : add ts
2025-11-15 08:34:13,149 [INFO] IPUIPlugin:80 - create IPUIPlugin
2025-11-15 08:34:13,149 [INFO] PluginManager:220 - loadIPPluginJar : add tsc
2025-11-15 08:34:13,152 [INFO] IPUIPlugin:80 - create IPUIPlugin
2025-11-15 08:34:13,152 [INFO] PluginManager:220 - loadIPPluginJar : add ucpd
2025-11-15 08:34:13,156 [INFO] IPUIPlugin:80 - create IPUIPlugin
2025-11-15 08:34:13,156 [INFO] PluginManager:220 - loadIPPluginJar : add usart
2025-11-15 08:34:13,161 [INFO] IPUIPlugin:80 - create IPUIPlugin
2025-11-15 08:34:13,161 [INFO] PluginManager:220 - loadIPPluginJar : add usbx
2025-11-15 08:34:13,312 [FATAL] Updater:351 - Updater called before beeing initialized
2025-11-15 08:34:13,392 [INFO] RulesReader:64 - Compatibility file has been processed (301 Rules)
2025-11-15 08:34:13,411 [INFO] RulesReader:64 - Compatibility file has been processed (301 Rules)
2025-11-15 08:34:13,422 [INFO] CADModel:165 - CPN selected for project level
2025-11-15 08:34:13,423 [INFO] CADModel:114 - Register for checkConnection events
2025-11-15 08:34:13,423 [FATAL] Updater:351 - Updater called before beeing initialized
2025-11-15 08:34:13,423 [ERROR] CADModel:125 - Updater not yet initialized, retry later 
2025-11-15 08:34:13,653 [FATAL] Updater:351 - Updater called before beeing initialized
2025-11-15 08:34:13,656 [INFO] CADModel:165 - CPN selected for project level
2025-11-15 08:34:13,656 [INFO] CADModel:114 - Register for checkConnection events
2025-11-15 08:34:13,656 [FATAL] Updater:351 - Updater called before beeing initialized
2025-11-15 08:34:13,656 [ERROR] CADModel:125 - Updater not yet initialized, retry later 
2025-11-15 08:34:13,661 [FATAL] Updater:351 - Updater called before beeing initialized
2025-11-15 08:34:13,807 [FATAL] Updater:351 - Updater called before beeing initialized
2025-11-15 08:34:13,813 [INFO] DbMcusAds:53 - JSON generation date=Mon Nov 10 16:13:01 IST 2025 (1762771381096)
2025-11-15 08:34:13,813 [FATAL] Updater:351 - Updater called before beeing initialized
2025-11-15 08:34:13,866 [WARN] DetailPanel:346 - Failed to get advertising image, set to default
2025-11-15 08:34:14,163 [FATAL] Updater:351 - Updater called before beeing initialized
2025-11-15 08:34:14,165 [FATAL] Updater:351 - Updater called before beeing initialized
2025-11-15 08:34:14,166 [FATAL] Updater:351 - Updater called before beeing initialized
2025-11-15 08:34:14,166 [WARN] DetailPanel:346 - Failed to get advertising image, set to default
2025-11-15 08:34:14,167 [FATAL] Updater:351 - Updater called before beeing initialized
2025-11-15 08:34:14,252 [ERROR] Updater:1198 - MainUpdater not yet initialized. External WinMGr cannot be set.
2025-11-15 08:34:14,254 [INFO] Updater:1134 - Updater Version found : 6.14.0
2025-11-15 08:34:14,289 [INFO] ApplicationProperties:184 - Using Application install path: C:\ST\STM32CubeIDE_1.18.0\STM32CubeIDE\plugins\com.st.stm32cube.common.mx_6.14.0.202502271554
2025-11-15 08:34:15,166 [INFO] ThirdPartyUpdaterWithRetryManager:70 - Updater plugin not ready yet. [2/15]
2025-11-15 08:34:15,869 [ERROR] LogOutputStream:75 - [STDERR_REDIRECT] Nov 15, 2025 8:34:15 AM java.util.prefs.WindowsPreferences <init>
2025-11-15 08:34:15,872 [ERROR] LogOutputStream:75 - [STDERR_REDIRECT] WARNING: Could not open/create prefs root node Software\JavaSoft\Prefs at root 0xffffffff80000002. Windows RegCreateKeyEx(...) returned error code 5.
2025-11-15 08:34:15,872 [ERROR] LogOutputStream:75 - [STDERR_REDIRECT] 
2025-11-15 08:34:16,463 [INFO] MainUpdater:2872 - connection check result : 10
2025-11-15 08:34:16,463 [INFO] MainUpdater:289 - Updater Check For Update Now.
2025-11-15 08:34:16,464 [INFO] MicroXplorer:498 - Change Database Version : DB.6.0.140
2025-11-15 08:34:16,473 [INFO] McuFinderGlobals:63 - Set McuFinder mode to 2 (CubeIDE integrated)
2025-11-15 08:34:16,476 [INFO] UserAuth:486 - Internet connection configuration mode: 1
2025-11-15 08:34:16,537 [INFO] JxBrowserEngine:152 - Initiate JxBrowser Engine with user profile folder
2025-11-15 08:34:16,776 [INFO] CheckServerUpdateThread:120 - End of CheckServer Thread
2025-11-15 08:34:19,020 [WARN] PackLoader:240 - Cannot read IP mode file for STMicroelectronics.FP-SNS-MOTENVWB1.1.4.0
2025-11-15 08:34:19,045 [WARN] PackLoader:240 - Cannot read IP mode file for STMicroelectronics.FP-ATR-ASTRA1.2.0.2
2025-11-15 08:34:19,054 [WARN] PackLoader:240 - Cannot read IP mode file for STMicroelectronics.X-CUBE-SMBUS.2.1.0
2025-11-15 08:34:19,065 [WARN] PackLoader:240 - Cannot read IP mode file for STMicroelectronics.X-CUBE-ST60.1.0.0
2025-11-15 08:34:19,081 [INFO] WebApp:169 - Instantiating new browser for Auth
2025-11-15 08:34:19,232 [WARN] PackLoader:240 - Cannot read IP mode file for STMicroelectronics.X-CUBE-AZRTOS-F7.1.1.0
2025-11-15 08:34:19,285 [ERROR] Engine:466 - C:\Users\user\.stm32cubemx\thirdparties\pdsc\STMicroelectronics.FP-SNS-MOTENV1.5.1.0.pdsc: PDSC version is not supported
2025-11-15 08:34:19,396 [WARN] PackLoader:240 - Cannot read IP mode file for Infineon.AIROC-Wi-Fi-Bluetooth-STM32.1.7.1
2025-11-15 08:34:19,681 [WARN] PackLoader:240 - Cannot read IP mode file for STMicroelectronics.X-CUBE-AZRTOS-H7.3.4.0
2025-11-15 08:34:19,718 [WARN] PackLoader:240 - Cannot read IP mode file for STMicroelectronics.X-CUBE-DISPLAY.3.0.0
2025-11-15 08:34:19,753 [WARN] PackLoader:240 - Cannot read IP mode file for STMicroelectronics.X-CUBE-NFC10.1.0.0
2025-11-15 08:34:19,765 [WARN] PackLoader:240 - Cannot read IP mode file for STMicroelectronics.X-CUBE-ST60.1.1.0
2025-11-15 08:34:19,782 [WARN] PackLoader:240 - Cannot read IP mode file for emotas.I-CUBE-CANOPEN.1.3.0
2025-11-15 08:34:19,796 [WARN] PackLoader:240 - Cannot read IP mode file for STMicroelectronics.X-CUBE-GNSS1.7.1.0
2025-11-15 08:34:19,807 [ERROR] Engine:466 - C:\Users\user\.stm32cubemx\thirdparties\pdsc\STMicroelectronics.FP-SNS-STBOX1.2.1.0.pdsc: PDSC version is not supported
2025-11-15 08:34:19,818 [WARN] PackLoader:240 - Cannot read IP mode file for STMicroelectronics.FP-SNS-SMARTAG2.1.2.0
2025-11-15 08:34:19,832 [WARN] PackLoader:240 - Cannot read IP mode file for STMicroelectronics.FP-SNS-FLIGHT1.5.1.0
2025-11-15 08:34:19,854 [INFO] LogOutputStream:77 - [STDOUT_REDIRECT] 1 : Invalid condition id : UX_CORESTACK_Condition cause : null
2025-11-15 08:34:19,855 [INFO] LogOutputStream:77 - [STDOUT_REDIRECT] 1 : Invalid condition id : UX_CORESTACK_Condition cause : null
2025-11-15 08:34:19,864 [INFO] LogOutputStream:77 - [STDOUT_REDIRECT] 1 : Invalid condition id : UX_CORESTACK_Condition cause : null
2025-11-15 08:34:19,866 [INFO] LogOutputStream:77 - [STDOUT_REDIRECT] 1 : Invalid condition id : UX_CORESTACK_Condition cause : null
2025-11-15 08:34:19,868 [INFO] LogOutputStream:77 - [STDOUT_REDIRECT] 1 : Invalid condition id : UX_CORESTACK_Condition cause : null
2025-11-15 08:34:19,872 [WARN] PackLoader:240 - Cannot read IP mode file for STMicroelectronics.X-CUBE-AZRTOS-WL.2.0.0
2025-11-15 08:34:19,897 [WARN] PackLoader:240 - Cannot read IP mode file for STMicroelectronics.FP-SNS-MOTENV1.5.0.0
2025-11-15 08:34:19,942 [WARN] PackLoader:240 - Cannot read IP mode file for WES.I-CUBE-Cesium.1.3.0
2025-11-15 08:34:19,962 [WARN] PackLoader:240 - Cannot read IP mode file for STMicroelectronics.X-CUBE-BLE2.3.3.0
2025-11-15 08:34:19,979 [WARN] PackLoader:240 - Cannot read IP mode file for STMicroelectronics.X-CUBE-NFC9.1.0.0
2025-11-15 08:34:20,003 [WARN] PackLoader:240 - Cannot read IP mode file for wolfSSL.I-CUBE-wolfSSL.5.8.2
2025-11-15 08:34:20,105 [WARN] PackLoader:240 - Cannot read IP mode file for STMicroelectronics.X-CUBE-BLE1.7.1.0
2025-11-15 08:34:20,117 [WARN] PackLoader:240 - Cannot read IP mode file for wolfSSL.I-CUBE-wolfMQTT.1.19.2
2025-11-15 08:34:20,128 [WARN] PackLoader:240 - Cannot read IP mode file for STMicroelectronics.X-CUBE-EEPRMA1.5.2.0
2025-11-15 08:34:20,136 [ERROR] Engine:466 - C:\Users\user\.stm32cubemx\thirdparties\pdsc\STMicroelectronics.X-CUBE-ST67W61.1.1.0.pdsc: PDSC version is not supported
2025-11-15 08:34:20,149 [WARN] PackLoader:240 - Cannot read IP mode file for STMicroelectronics.X-CUBE-AI.10.1.0
2025-11-15 08:34:20,182 [WARN] PackLoader:240 - Cannot read IP mode file for STMicroelectronics.X-CUBE-AZRTOS-G0.1.1.0
2025-11-15 08:34:20,199 [WARN] PackLoader:240 - Cannot read IP mode file for STMicroelectronics.X-CUBE-SAFEA1.1.2.2
2025-11-15 08:34:20,211 [WARN] PackLoader:240 - Cannot read IP mode file for STMicroelectronics.X-CUBE-NFC4.3.0.0
2025-11-15 08:34:20,227 [WARN] PackLoader:240 - Cannot read IP mode file for EmbeddedOffice.I-CUBE-FS-RTOS.1.0.1
2025-11-15 08:34:20,235 [WARN] PackLoader:240 - Cannot read IP mode file for STMicroelectronics.X-CUBE-WB05N.2.0.0
2025-11-15 08:34:20,243 [WARN] PackLoader:240 - Cannot read IP mode file for wolfSSL.I-CUBE-wolfTPM.3.8.0
2025-11-15 08:34:20,251 [WARN] PackLoader:240 - Cannot read IP mode file for STMicroelectronics.X-CUBE-TCPP.4.2.0
2025-11-15 08:34:20,263 [WARN] PackLoader:240 - Cannot read IP mode file for RealThread.X-CUBE-RT-Thread_Nano.4.1.1
2025-11-15 08:34:20,269 [WARN] PackLoader:240 - Cannot read IP mode file for STMicroelectronics.FP-ATR-SIGFOX1.3.2.0
2025-11-15 08:34:20,283 [WARN] PackLoader:240 - Cannot read IP mode file for ITTIA_DB.I-CUBE-ITTIADB.8.9.0
2025-11-15 08:34:20,293 [WARN] PackLoader:240 - Cannot read IP mode file for STMicroelectronics.X-CUBE-ST67W61.1.0.0
2025-11-15 08:34:20,299 [WARN] PackLoader:240 - Cannot read IP mode file for STMicroelectronics.X-CUBE-AI.10.2.0
2025-11-15 08:34:20,387 [WARN] PackLoader:240 - Cannot read IP mode file for SEGGER.I-CUBE-embOS.1.3.1
2025-11-15 08:34:20,715 [WARN] PackLoader:240 - Cannot read IP mode file for STMicroelectronics.X-CUBE-ALGOBUILD.1.4.0
2025-11-15 08:34:20,818 [WARN] PackLoader:240 - Cannot read IP mode file for STMicroelectronics.X-CUBE-MEMS1.11.3.0
2025-11-15 08:34:21,478 [WARN] PackLoader:240 - Cannot read IP mode file for STMicroelectronics.X-CUBE-PM33A1.1.0.0
2025-11-15 08:34:21,528 [WARN] PackLoader:240 - Cannot read IP mode file for STMicroelectronics.X-CUBE-AZRTOS-F4.1.1.0
2025-11-15 08:34:21,538 [WARN] PackLoader:240 - Cannot read IP mode file for STMicroelectronics.X-CUBE-ISPU.2.1.0
2025-11-15 08:34:21,619 [ERROR] Engine:466 - C:\Users\user\.stm32cubemx\thirdparties\pdsc\STMicroelectronics.X-CUBE-IPS.3.2.0.pdsc: PDSC version is not supported
2025-11-15 08:34:21,629 [WARN] PackLoader:240 - Cannot read IP mode file for STMicroelectronics.X-CUBE-NFC12.1.0.0
2025-11-15 08:34:21,691 [WARN] PackLoader:240 - Cannot read IP mode file for STMicroelectronics.X-CUBE-AZRTOS-L5.2.0.0
2025-11-15 08:34:21,728 [WARN] PackLoader:240 - Cannot read IP mode file for STMicroelectronics.X-CUBE-NFC6.3.1.0
2025-11-15 08:34:21,738 [WARN] PackLoader:240 - Cannot read IP mode file for STMicroelectronics.X-CUBE-FREERTOS.1.3.1
2025-11-15 08:34:21,747 [WARN] PackLoader:240 - Cannot read IP mode file for STMicroelectronics.X-CUBE-TOUCHGFX.4.26.0
2025-11-15 08:34:21,771 [WARN] PackLoader:240 - Cannot read IP mode file for STMicroelectronics.FP-SNS-STAIOTCFT.1.0.0
2025-11-15 08:34:21,784 [WARN] PackLoader:240 - Cannot read IP mode file for STMicroelectronics.X-CUBE-DPower.1.3.0
2025-11-15 08:34:21,838 [WARN] ConditionMgr:438 - getConditionDescription Invalid condition id : LAN8742 Phy interface Condition cause : null
2025-11-15 08:34:21,840 [WARN] PackLoader:240 - Cannot read IP mode file for STMicroelectronics.X-CUBE-AZRTOS-L4.2.0.0
2025-11-15 08:34:21,842 [WARN] ConditionMgr:1044 - genDependencies : Invalid condition id : LAN8742 Phy interface Condition cause : null
2025-11-15 08:34:21,842 [WARN] ConditionMgr:1044 - genDependencies : Invalid condition id : LAN8742 Phy interface Condition cause : null
2025-11-15 08:34:21,843 [WARN] ConditionMgr:1044 - genDependencies : Invalid condition id : LAN8742 Phy interface Condition cause : null
2025-11-15 08:34:21,855 [WARN] PackLoader:240 - Cannot read IP mode file for STMicroelectronics.X-CUBE-SFXS2LP1.4.0.0
2025-11-15 08:34:21,883 [WARN] PackLoader:240 - Cannot read IP mode file for STMicroelectronics.X-CUBE-BLEMGR.4.1.0
2025-11-15 08:34:22,034 [WARN] ConditionMgr:438 - getConditionDescription Invalid condition id : UX DEVICE CLASS RTOS Condition cause : null
2025-11-15 08:34:22,034 [WARN] ConditionMgr:438 - getConditionDescription Invalid condition id : UX DEVICE CLASS RTOS Condition cause : null
2025-11-15 08:34:22,037 [WARN] PackLoader:240 - Cannot read IP mode file for STMicroelectronics.X-CUBE-AZRTOS-WB.2.0.0
2025-11-15 08:34:22,038 [WARN] ConditionMgr:1044 - genDependencies : Invalid condition id : UX DEVICE CLASS RTOS Condition cause : null
2025-11-15 08:34:22,038 [WARN] ConditionMgr:1044 - genDependencies : Invalid condition id : UX DEVICE CLASS RTOS Condition cause : null
2025-11-15 08:34:22,039 [WARN] ConditionMgr:1044 - genDependencies : Invalid condition id : UX DEVICE CLASS RTOS Condition cause : null
2025-11-15 08:34:22,040 [WARN] ConditionMgr:1044 - genDependencies : Invalid condition id : UX DEVICE CLASS RTOS Condition cause : null
2025-11-15 08:34:22,040 [WARN] ConditionMgr:1044 - genDependencies : Invalid condition id : UX DEVICE CLASS RTOS Condition cause : null
2025-11-15 08:34:22,386 [WARN] PackLoader:240 - Cannot read IP mode file for STMicroelectronics.X-CUBE-GNSS1.7.0.1
2025-11-15 08:34:22,705 [WARN] PackLoader:240 - Cannot read IP mode file for STMicroelectronics.X-CUBE-TOUCHGFX.4.25.0
2025-11-15 08:34:22,719 [WARN] PackLoader:240 - Cannot read IP mode file for STMicroelectronics.FP-SNS-STBOX1.2.0.0
2025-11-15 08:34:22,731 [WARN] ConditionMgr:438 - getConditionDescription Invalid condition id : Cortex-A Device cause : null
2025-11-15 08:34:22,763 [WARN] ConditionMgr:1044 - genDependencies : Invalid condition id : Cortex-A Device cause : null
2025-11-15 08:34:22,763 [WARN] ConditionMgr:1044 - genDependencies : Invalid condition id : Cortex-A Device cause : null
2025-11-15 08:34:22,763 [WARN] ConditionMgr:1044 - genDependencies : Invalid condition id : Cortex-A Device cause : null
2025-11-15 08:34:22,780 [WARN] PackLoader:240 - Cannot read IP mode file for STMicroelectronics.X-CUBE-SUBG2.5.0.0
2025-11-15 08:34:22,876 [WARN] PackLoader:240 - Cannot read IP mode file for STMicroelectronics.X-CUBE-AZRTOS-H7RS.1.1.0
2025-11-15 08:34:22,886 [WARN] PackLoader:240 - Cannot read IP mode file for Cesanta.I-CUBE-Mongoose.7.13.0
2025-11-15 08:34:22,950 [WARN] PackLoader:240 - Cannot read IP mode file for STMicroelectronics.X-CUBE-AZRTOS-G4.2.0.0
2025-11-15 08:34:22,959 [WARN] PackLoader:240 - Cannot read IP mode file for wolfSSL.I-CUBE-wolfSSH.1.4.20
2025-11-15 08:34:22,965 [WARN] PackLoader:240 - Cannot read IP mode file for STMicroelectronics.X-CUBE-NFC7.2.0.0
2025-11-15 08:34:23,020 [WARN] PackLoader:240 - Cannot read IP mode file for STMicroelectronics.X-CUBE-IPS.3.1.0
2025-11-15 08:34:23,037 [WARN] PackLoader:240 - Cannot read IP mode file for STMicroelectronics.X-CUBE-ALS.1.0.2
2025-11-15 08:34:23,047 [WARN] PackLoader:240 - Cannot read IP mode file for STMicroelectronics.X-CUBE-STSE01.1.0.0
2025-11-15 08:34:23,092 [WARN] PackLoader:240 - Cannot read IP mode file for portGmbH.I-Cube-SoM-uGOAL.1.1.0
2025-11-15 08:34:23,214 [WARN] PackLoader:240 - Cannot read IP mode file for STMicroelectronics.X-CUBE-TOF1.3.4.3
2025-11-15 08:34:23,234 [INFO] ThirdParty:978 - Integrity check success = true
2025-11-15 08:34:23,234 [INFO] IntegrityCheckThread:100 - exiting critical section [integrity check]
2025-11-15 08:34:23,234 [INFO] IntegrityCheckThread:103 - End integrity checks thread
2025-11-15 08:34:23,969 [INFO] WebApp:463 - Apply proxy settings
2025-11-15 08:34:23,970 [INFO] WebApp:548 - Chromium requires no authentication
2025-11-15 08:34:24,001 [INFO] WebApp:491 - Direct internet connection detected
2025-11-15 08:34:24,138 [INFO] WebApp:894 - Register for checkConnection events
2025-11-15 08:34:24,139 [INFO] WebApp:463 - Apply proxy settings
2025-11-15 08:34:24,139 [INFO] WebApp:548 - Chromium requires no authentication
2025-11-15 08:34:24,140 [INFO] WebApp:491 - Direct internet connection detected
2025-11-15 08:34:24,609 [INFO] WebApp:225 - Starting web application
2025-11-15 08:34:24,610 [INFO] WebApp:593 - Web application path used C:\ST\STM32CubeIDE_1.18.0\STM32CubeIDE\plugins\com.st.stm32cube.common.mx_6.14.0.202502271554\db\plugins\mcufinder\reactClient1\index.html
2025-11-15 08:34:24,836 [INFO] UserAuth:486 - Internet connection configuration mode: 1
2025-11-15 08:34:25,339 [INFO] WebApp:191 - Connection restablished
2025-11-15 13:05:55,165 [INFO] McuFinderGlobals:63 - Set McuFinder mode to 2 (CubeIDE integrated)
2025-11-15 13:05:55,179 [INFO] MainUpdater:2872 - connection check result : 10
2025-11-15 13:05:55,181 [INFO] MainUpdater:2872 - connection check result : 10
2025-11-15 13:05:55,323 [INFO] MicroXplorer:468 - Change Database Path : 
2025-11-15 13:05:55,323 [INFO] MicroXplorer:498 - Change Database Version : DB.6.0.140
2025-11-15 13:05:55,342 [WARN] ThirdParty:871 - waiting for thirdparty lock release [close project]
2025-11-15 13:05:55,342 [INFO] ThirdParty:873 - entering critical section [close project]
2025-11-15 13:05:55,355 [INFO] ThirdParty:883 - exiting critical section [close project]
2025-11-15 13:05:55,366 [INFO] PinOutPanel:1589 - setPackage(No Configuration,No Configuration)
2025-11-15 13:05:55,381 [INFO] UtilMem:75 - Begin LoadConfig() Used Memory: 551687584 Bytes (1073741824)
2025-11-15 13:05:55,387 [INFO] MicroXplorer:468 - Change Database Path : 
2025-11-15 13:05:55,387 [INFO] MicroXplorer:498 - Change Database Version : DB.6.0.140
2025-11-15 13:05:55,387 [INFO] OpenFileManager:354 - Change cursor
2025-11-15 13:05:55,533 [INFO] Mcu:2011 - Initializing MCU STM32G030K(6-8)Tx STM32G030K6Tx STM32G030K6T6TR
2025-11-15 13:05:58,614 [INFO] Context:756 - Trying to add GPIOservice into a context  which must be forbidden
2025-11-15 13:05:59,448 [INFO] ImportTextPane:218 - (OptionalMessage_ERROR) Pin15 (VP_RIF_VS_RIF1) cannot be retrieved for this MCU
2025-11-15 13:05:59,661 [INFO] RtosManager:558 - Registered RTOS mode: class=CMSIS, group=RTOS, mode=CMSIS_V1, owner=FREERTOS
2025-11-15 13:05:59,662 [INFO] RtosManager:558 - Registered RTOS mode: class=CMSIS, group=RTOS2, mode=CMSIS_V2, owner=FREERTOS
2025-11-15 13:05:59,662 [INFO] RtosManager:558 - Registered RTOS mode: class=RTOS, group=Core, mode=CMSIS_V1, owner=FREERTOS
2025-11-15 13:05:59,662 [INFO] RtosManager:558 - Registered RTOS mode: class=RTOS, group=Core, mode=CMSIS_V2, owner=FREERTOS
2025-11-15 13:05:59,662 [WARN] ModelIntegratedComponent:184 - Missing modes for component STMicroelectronics:FreeRTOS:0.0.1:STMicroelectronics:RTOS:FreeRTOS:Core:::10.2.0:
2025-11-15 13:05:59,710 [WARN] ModelIntegratedComponent:63 - No mode defined for component null
2025-11-15 13:05:59,710 [WARN] ModelIntegratedComponent:63 - No mode defined for component null
2025-11-15 13:05:59,711 [WARN] ModelIntegratedComponent:63 - No mode defined for component null
2025-11-15 13:05:59,711 [WARN] ModelIntegratedComponent:63 - No mode defined for component null
2025-11-15 13:05:59,711 [WARN] ModelIntegratedComponent:63 - No mode defined for component null
2025-11-15 13:05:59,712 [WARN] ModelIntegratedComponent:63 - No mode defined for component null
2025-11-15 13:05:59,712 [WARN] ModelIntegratedComponent:63 - No mode defined for component null
2025-11-15 13:05:59,713 [WARN] ModelIntegratedComponent:63 - No mode defined for component null
2025-11-15 13:05:59,713 [WARN] ModelIntegratedComponent:63 - No mode defined for component null
2025-11-15 13:05:59,713 [WARN] ModelIntegratedComponent:63 - No mode defined for component null
2025-11-15 13:05:59,713 [WARN] ModelIntegratedComponent:63 - No mode defined for component null
2025-11-15 13:05:59,713 [WARN] ModelIntegratedComponent:63 - No mode defined for component null
2025-11-15 13:05:59,713 [WARN] ModelIntegratedComponent:63 - No mode defined for component null
2025-11-15 13:05:59,713 [WARN] ModelIntegratedComponent:63 - No mode defined for component null
2025-11-15 13:05:59,714 [WARN] ModelIntegratedComponent:63 - No mode defined for component null
2025-11-15 13:05:59,715 [WARN] ModelIntegratedComponent:63 - No mode defined for component null
2025-11-15 13:05:59,716 [WARN] ModelIntegratedComponent:63 - No mode defined for component null
2025-11-15 13:05:59,716 [WARN] ModelIntegratedComponent:63 - No mode defined for component null
2025-11-15 13:05:59,716 [WARN] ModelIntegratedComponent:63 - No mode defined for component null
2025-11-15 13:05:59,717 [WARN] ModelIntegratedComponent:63 - No mode defined for component null
2025-11-15 13:05:59,717 [WARN] ModelIntegratedComponent:63 - No mode defined for component null
2025-11-15 13:05:59,718 [WARN] ModelIntegratedComponent:63 - No mode defined for component null
2025-11-15 13:05:59,719 [WARN] ModelIntegratedComponent:63 - No mode defined for component null
2025-11-15 13:05:59,719 [WARN] ModelIntegratedComponent:63 - No mode defined for component null
2025-11-15 13:05:59,721 [WARN] ModelIntegratedComponent:63 - No mode defined for component null
2025-11-15 13:05:59,721 [WARN] ModelIntegratedComponent:63 - No mode defined for component null
2025-11-15 13:05:59,722 [WARN] ModelIntegratedComponent:63 - No mode defined for component null
2025-11-15 13:05:59,722 [WARN] ModelIntegratedComponent:63 - No mode defined for component null
2025-11-15 13:05:59,722 [WARN] ModelIntegratedComponent:63 - No mode defined for component null
2025-11-15 13:05:59,722 [WARN] ModelIntegratedComponent:63 - No mode defined for component null
2025-11-15 13:05:59,723 [WARN] ModelIntegratedComponent:63 - No mode defined for component null
2025-11-15 13:05:59,723 [WARN] ModelIntegratedComponent:63 - No mode defined for component null
2025-11-15 13:05:59,723 [WARN] ModelIntegratedComponent:63 - No mode defined for component null
2025-11-15 13:05:59,724 [WARN] ModelIntegratedComponent:63 - No mode defined for component null
2025-11-15 13:05:59,724 [WARN] ModelIntegratedComponent:63 - No mode defined for component null
2025-11-15 13:05:59,724 [WARN] ModelPack:524 - Component already loaded: STMicroelectronics:HAL Drivers:0.0.0:STMicroelectronics:Device:STMicro_Driver:XSPI:HAL::0.0.1:HAL_XSPI
2025-11-15 13:06:00,067 [INFO] ThirdPartyModel:298 - Start build external matchings
2025-11-15 13:06:01,342 [INFO] ThirdPartyModel:316 - End build external matchings
2025-11-15 13:06:02,274 [INFO] ApiDb:581 - Connected to CubeFinder SQLite database (C:\Users\user\.stmcufinder\plugins\mcufinder\mcu\cube-finder-db.db)
2025-11-15 13:06:02,513 [INFO] ApiDb:668 - CubeFinder database Data Model version=2.1
2025-11-15 13:06:02,513 [INFO] ApiDb:669 - CubeFinder database Configuration version=3.0.39
2025-11-15 13:06:02,515 [INFO] ApiDb:670 - CubeFinder database generation date=2025-10-27 (1761571959)
2025-11-15 13:06:02,515 [INFO] ApiDb:671 - CubeFinder database FW Pack versions=[FP-ATR-ASTRA1_V2.0.0, FP-SNS-FLIGHT1_V5.1.0, FP-SNS-MOTENV1_V5.0.0, FP-SNS-MOTENVWB1_V1.4.0, FP-SNS-SMARTAG2_V1.2.0, FP-SNS-STBOX1_V2.1.0, STM32Cube_FW_C0_V1.4.0, STM32Cube_FW_F4_V1.28.3, STM32Cube_FW_F7_V1.17.4, STM32Cube_FW_G0_V1.6.2, STM32Cube_FW_G4_V1.6.1, STM32Cube_FW_H5_V1.5.0, STM32Cube_FW_H7RS_V1.2.0, STM32Cube_FW_H7_V1.12.1, STM32Cube_FW_L0_V1.12.2, STM32Cube_FW_L4_V1.18.1, STM32Cube_FW_L5_V1.5.1, STM32Cube_FW_N6_V1.2.0, STM32Cube_FW_U0_V1.3.0, STM32Cube_FW_U3_V1.2.1, STM32Cube_FW_U5_V1.8.0, STM32Cube_FW_WB0_V1.3.0, STM32Cube_FW_WBA_V1.7.0, STM32Cube_FW_WB_V1.23.0, STM32Cube_FW_WL3_V1.2.0, STM32Cube_FW_WL_V1.3.1, X-CUBE-ALGOBUILD_V1.4.0, X-CUBE-ALS_V1.0.2, X-CUBE-AZRTOS-F4_V1.1.0, X-CUBE-AZRTOS-F7_V1.1.0, X-CUBE-AZRTOS-G0_V1.1.0, X-CUBE-AZRTOS-G4_V2.0.0, X-CUBE-AZRTOS-H7RS_V1.1.0, X-CUBE-AZRTOS-H7_V3.4.0, X-CUBE-AZRTOS-L4_V2.0.0, X-CUBE-AZRTOS-L5_V2.0.0, X-CUBE-AZRTOS-WB_V2.0.0, X-CUBE-AZRTOS-WL_V2.0.0, X-CUBE-BLE1_V7.1.0, X-CUBE-BLE2_V3.3.0, X-CUBE-BLEMGR_V4.1.0, X-CUBE-EEPRMA1_V5.2.0, X-CUBE-FREERTOS_V1.3.1, X-CUBE-GNSS1_V6.0.0, X-CUBE-MEMS1_V11.3.0, X-CUBE-NFC4_V3.0.0, X-CUBE-NFC7_V2.0.0, X-CUBE-SFXS2LP1_V4.0.0, X-CUBE-ST67W61_V1.1.0, X-CUBE-SUBG2_V5.0.0, X-CUBE-TOF1_V3.4.3]
2025-11-15 13:06:02,806 [INFO] DbBoardsSqlite:226 - include board P-NUCLEO-WB55-NUCLEO as a kit item of type 'Nucleo-64'
2025-11-15 13:06:02,807 [INFO] DbBoardsSqlite:226 - include board P-NUCLEO-WB55-USBDONGLE as a kit item of type 'Nucleo USB Dongle'
2025-11-15 13:06:02,817 [INFO] DbBoardsSqlite:226 - include board STEVAL-IDP005V1 as a kit item of type 'Evaluation Board'
2025-11-15 13:06:02,818 [INFO] DbBoardsSqlite:226 - include board STEVAL-IDP005V2 as a kit item of type 'Evaluation Board'
2025-11-15 13:06:03,946 [INFO] ApiDb:240 - Found 895 in-development CPN: [B-G473E-ZEST1S, B-WB1M-WPAN1, B-WBA5M-WPAN, B-WL5M-SUBG1, NUCLEO-C031C6, NUCLEO-C051C8, NUCLEO-C071RB, NUCLEO-C092RC, NUCLEO-H503RB, NUCLEO-H533RE, NUCLEO-H563ZI, NUCLEO-H7S3L8, NUCLEO-N657X0-Q, NUCLEO-U031R8, NUCLEO-U083RC, NUCLEO-U385RG-Q, NUCLEO-U545RE-Q, NUCLEO-U5A5ZJ-Q, NUCLEO-WB05KZ, NUCLEO-WB07CC, NUCLEO-WB09KE, NUCLEO-WBA52CG, NUCLEO-WBA55CG, NUCLEO-WBA65RI, NUCLEO-WL33CC1, NUCLEO-WL33CC2, STEVAL-PROTEUS1, STEVAL-SMARTAG2, STEVAL-STWINBX1, STM320518-EVAL, STM32C0116-DK, STM32C011D6Y3TR, STM32C011D6Y6TR, STM32C011F4P3, STM32C011F4P6, STM32C011F4U3, STM32C011F4U6TR, STM32C011F6P3, STM32C011F6P6, STM32C011F6U3, STM32C011F6U6TR, STM32C011J4M3, STM32C011J4M6, STM32C011J6M3, STM32C011J6M6, STM32C0316-DK, STM32C031C4T3, STM32C031C4T6, STM32C031C4U3, STM32C031C4U6, STM32C031C6T3, STM32C031C6T6, STM32C031C6U3, STM32C031C6U6, STM32C031F4P3, STM32C031F4P6, STM32C031F6P3, STM32C031F6P6, STM32C031G4U3, STM32C031G4U6, STM32C031G6U3, STM32C031G6U6, STM32C031K4T3, STM32C031K4T6, STM32C031K4U3, STM32C031K4U6, STM32C031K6T3, STM32C031K6T6, STM32C031K6U3, STM32C031K6U6, STM32C051C6T6, STM32C051C6U6, STM32C051C8T6, STM32C051C8U6, STM32C051D8Y6TR, STM32C051F6P6, STM32C051F8P6, STM32C051G6U6, STM32C051G8U6, STM32C051K6T6, STM32C051K6U6, STM32C051K8T6, STM32C071C8T6, STM32C071C8T6N, STM32C071C8U6, STM32C071C8U6N, STM32C071CBT6, STM32C071CBT6N, STM32C071CBU6, STM32C071CBU6N, STM32C071F8P6, STM32C071F8P6N, STM32C071FBP6, STM32C071FBP6N, STM32C071FBY6TR, STM32C071G8U6, STM32C071G8U6N, STM32C071GBU6, STM32C071GBU6N, STM32C071K8T6, STM32C071K8T6N, STM32C071K8U6, STM32C071K8U6N, STM32C071KBT6, STM32C071KBT6N, STM32C071KBU6, STM32C071KBU6N, STM32C071R8T6, STM32C071R8T6N, STM32C071RBI6N, STM32C071RBT6, STM32C071RBT6N, STM32C091CBT6, STM32C091CBU6, STM32C091CCT6, STM32C091CCU6, STM32C091ECY6TR, STM32C091FBP6, STM32C091FCP6, STM32C091GBU6, STM32C091GCU6, STM32C091KBT6, STM32C091KBU6, STM32C091KCT6, STM32C091KCU6, STM32C091RBT6, STM32C091RCI6, STM32C091RCT6, STM32C092CBT6, STM32C092CBU6, STM32C092CCT6, STM32C092CCU6, STM32C092ECY6TR, STM32C092FBP6, STM32C092FCP6, STM32C092GBU6, STM32C092GCU6, STM32C092KBT6, STM32C092KBU6, STM32C092KCT6, STM32C092KCU6, STM32C092RBT6, STM32C092RCI6, STM32C092RCT6, STM32G071K8TXN, STM32G071K8UXN, STM32G081GBU6N, STM32G081KBT6N, STM32G081KBUXN, STM32G0B1CCT6N, STM32G0B1KCT6, STM32G0B1NEY6TR, STM32G0B1RCT6N, STM32G0C1CCT6, STM32G0C1CCT6N, STM32G0C1CCU6N, STM32G0C1CET6N, STM32G0C1CEU6N, STM32G0C1KCT6, STM32G0C1NEY6TR, STM32G0C1RCI6N, STM32G0C1RCT6N, STM32G0C1REI6N, STM32G0C1RET6N, STM32G0C1VCI6, STM32G0C1VEI6, STM32G411C6T3, STM32G411C6T6, STM32G411C6U3, STM32G411C6U6, STM32G411C8T3, STM32G411C8T6, STM32G411C8U3, STM32G411C8U6, STM32G411CBT3, STM32G411CBT6, STM32G411CBU3, STM32G411CBU6, STM32G411CCT3, STM32G411CCT6, STM32G411CCU3, STM32G411CCU6, STM32G411K6T3, STM32G411K6T6, STM32G411K6U3, STM32G411K6U6, STM32G411K8T3, STM32G411K8T6, STM32G411K8U3, STM32G411K8U6, STM32G411KBT3, STM32G411KBT6, STM32G411KBU3, STM32G411KBU6, STM32G411M6T3, STM32G411M6T6, STM32G411M8T3, STM32G411M8T6, STM32G411MBT3, STM32G411MBT6, STM32G411MCT3, STM32G411MCT6, STM32G411R6T3, STM32G411R6T6, STM32G411R8T3, STM32G411R8T6, STM32G411RBT3, STM32G411RBT6, STM32G411RCT3, STM32G411RCT6, STM32G414CBT3, STM32G414CBT6, STM32G414CBU3, STM32G414CBU6, STM32G414CCT3, STM32G414CCT6, STM32G414CCU3, STM32G414CCU6, STM32G414MBT3, STM32G414MBT6, STM32G414MCT3, STM32G414MCT6, STM32G414RBT3, STM32G414RBT6, STM32G414RCT3, STM32G414RCT6, STM32G414VBT3, STM32G414VBT6, STM32G414VCT3, STM32G414VCT6, STM32G431CBT3Z, STM32G431RBT3Z, STM32G471CCT6, STM32G471CCU6, STM32G471CET3, STM32G471CET6, STM32G471CEU3, STM32G471CEU6, STM32G471MCT6, STM32G471MET3, STM32G471MET6, STM32G471MEY6TR, STM32G471QCT6, STM32G471QET3, STM32G471RCT6, STM32G471RET3, STM32G471RET6, STM32G471VCH6, STM32G471VCI6, STM32G471VCT6, STM32G471VEH3, STM32G471VEH6, STM32G471VEI3, STM32G471VEI6, STM32G471VET3, STM32G471VET6, STM32G473QET3Z, STM32G473RET3Z, STM32G474CCT6, STM32G491RET3Z, STM32H503CBT6, STM32H503CBU6, STM32H503EBY6TR, STM32H503KBU6, STM32H503RBT6, STM32H523CCT6, STM32H523CCU6, STM32H523CET6, STM32H523CEU6, STM32H523HEY6TR, STM32H523RCT6, STM32H523RET6, STM32H523VCI6, STM32H523VCT6, STM32H523VEI6, STM32H523VET6, STM32H523ZCJ6, STM32H523ZCT6, STM32H523ZEJ6, STM32H523ZET6, STM32H533CET6, STM32H533CEU6, STM32H533HEY6TR, STM32H533RET6, STM32H533VEI6, STM32H533VET6, STM32H533ZEJ6, STM32H533ZET6, STM32H562AGI6, STM32H562AII6, STM32H562IGK6, STM32H562IGT6, STM32H562IIK6, STM32H562IIT6, STM32H562RGT6, STM32H562RGV6, STM32H562RIT6, STM32H562RIV6, STM32H562VGT6, STM32H562VIT6, STM32H562ZGT6, STM32H562ZIT6, STM32H563AGI6, STM32H563AII3Q, STM32H563AII6, STM32H563IGK6, STM32H563IGT6, STM32H563IIK3Q, STM32H563IIK6, STM32H563IIT3Q, STM32H563IIT6, STM32H563MIY3QTR, STM32H563RGT6, STM32H563RGV6, STM32H563RIT6, STM32H563RIV6, STM32H563VGT6, STM32H563VIT3Q, STM32H563VIT6, STM32H563ZGT6, STM32H563ZIT3Q, STM32H563ZIT6, STM32H573AII3Q, STM32H573AII6, STM32H573I-DK, STM32H573IIK3Q, STM32H573IIK6, STM32H573IIT3Q, STM32H573IIT6, STM32H573MIY3QTR, STM32H573RIT6, STM32H573RIV6, STM32H573VIT3Q, STM32H573VIT6, STM32H573ZIT3Q, STM32H573ZIT6, STM32H7R3A8I6, STM32H7R3I8K6, STM32H7R3I8T6, STM32H7R3L8H6, STM32H7R3L8H6H, STM32H7R3R8V6, STM32H7R3V8H6, STM32H7R3V8T6, STM32H7R3V8Y6TR, STM32H7R3Z8J6, STM32H7R3Z8T6, STM32H7R7A8I6, STM32H7R7I8K6, STM32H7R7I8T6, STM32H7R7L8H6, STM32H7R7L8H6H, STM32H7R7Z8J6, STM32H7S3A8I6, STM32H7S3I8K6, STM32H7S3I8T6, STM32H7S3L8H6, STM32H7S3L8H6H, STM32H7S3R8V6, STM32H7S3V8H6, STM32H7S3V8T6, STM32H7S3V8Y6TR, STM32H7S3Z8J6, STM32H7S3Z8T6, STM32H7S78-DK, STM32H7S7A8I6, STM32H7S7I8K6, STM32H7S7I8T6, STM32H7S7L8H6, STM32H7S7L8H6H, STM32H7S7Z8J6, STM32L4R5QGI6STR, STM32MP131AAE3, STM32MP131AAF3, STM32MP131AAG3, STM32MP131CAE3, STM32MP131CAF3, STM32MP131CAG3, STM32MP131DAE7, STM32MP131DAF7, STM32MP131DAG7, STM32MP131FAE7, STM32MP131FAF7, STM32MP131FAG7, STM32MP133AAE3, STM32MP133AAF3, STM32MP133AAG3, STM32MP133CAE3, STM32MP133CAF3, STM32MP133CAG3, STM32MP133DAE7, STM32MP133DAF7, STM32MP133DAG7, STM32MP133FAE7, STM32MP133FAF7, STM32MP133FAG7, STM32MP135AAE3, STM32MP135AAF3, STM32MP135AAG3, STM32MP135CAE3, STM32MP135CAF3, STM32MP135CAG3, STM32MP135DAE7, STM32MP135DAF7, STM32MP135DAG7, STM32MP135F-DK, STM32MP135FAE7, STM32MP135FAF7, STM32MP135FAF7T, STM32MP135FAF7U, STM32MP135FAG7, STM32MP231AAJ3, STM32MP231AAK3, STM32MP231AAL3, STM32MP231CAJ3, STM32MP231CAK3, STM32MP231CAL3, STM32MP231DAJ3, STM32MP231DAK3, STM32MP231DAL3, STM32MP231FAJ3, STM32MP231FAK3, STM32MP231FAL3, STM32MP233AAJ3, STM32MP233AAK3, STM32MP233AAL3, STM32MP233CAJ3, STM32MP233CAK3, STM32MP233CAL3, STM32MP233DAJ3, STM32MP233DAK3, STM32MP233DAL3, STM32MP233FAJ3, STM32MP233FAK3, STM32MP233FAL3, STM32MP235AAJ3, STM32MP235AAK3, STM32MP235AAL3, STM32MP235CAJ3, STM32MP235CAK3, STM32MP235CAL3, STM32MP235DAJ3, STM32MP235DAK3, STM32MP235DAL3, STM32MP235FAJ3, STM32MP235FAK3, STM32MP235FAL3, STM32MP251AAI3, STM32MP251AAJ3, STM32MP251AAK3, STM32MP251AAL3, STM32MP251CAI3, STM32MP251CAJ3, STM32MP251CAK3, STM32MP251CAL3, STM32MP251DAI3, STM32MP251DAJ3, STM32MP251DAK3, STM32MP251DAL3, STM32MP251FAI3, STM32MP251FAJ3, STM32MP251FAK3, STM32MP251FAL3, STM32MP253AAI3, STM32MP253AAJ3, STM32MP253AAK3, STM32MP253AAL3, STM32MP253CAI3, STM32MP253CAJ3, STM32MP253CAK3, STM32MP253CAL3, STM32MP253DAI3, STM32MP253DAJ3, STM32MP253DAK3, STM32MP253DAL3, STM32MP253FAI3, STM32MP253FAJ3, STM32MP253FAK3, STM32MP253FAL3, STM32MP255AAI3, STM32MP255AAJ3, STM32MP255AAK3, STM32MP255AAL3, STM32MP255CAI3, STM32MP255CAJ3, STM32MP255CAK3, STM32MP255CAL3, STM32MP255DAI3, STM32MP255DAJ3, STM32MP255DAK3, STM32MP255DAL3, STM32MP255FAI3, STM32MP255FAJ3, STM32MP255FAK3, STM32MP255FAL3, STM32MP257AAI3, STM32MP257AAJ3, STM32MP257AAK3, STM32MP257AAL3, STM32MP257CAI3, STM32MP257CAJ3, STM32MP257CAK3, STM32MP257CAL3, STM32MP257DAI3, STM32MP257DAJ3, STM32MP257DAK3, STM32MP257DAL3, STM32MP257F-DK, STM32MP257F-EV1, STM32MP257FAI3, STM32MP257FAJ3, STM32MP257FAK3, STM32MP257FAL3, STM32N645A0H3Q, STM32N645B0H3Q, STM32N645I0H3Q, STM32N645L0H3Q, STM32N645X0H3Q, STM32N645Z0H3Q, STM32N647A0H3Q, STM32N647B0H3Q, STM32N647I0H3Q, STM32N647L0H3Q, STM32N647X0H3Q, STM32N647Z0H3Q, STM32N655A0H3Q, STM32N655B0H3Q, STM32N655I0H3Q, STM32N655L0H3Q, STM32N655X0H3Q, STM32N655Z0H3Q, STM32N6570-DK, STM32N657A0H3Q, STM32N657B0H3Q, STM32N657I0H3Q, STM32N657L0H3Q, STM32N657X0H3Q, STM32N657Z0H3Q, STM32U031C6T6, STM32U031C6U6, STM32U031C8T6, STM32U031C8U6, STM32U031F4P6, STM32U031F6P6, STM32U031F8P6, STM32U031G6Y6TR, STM32U031G8Y6TR, STM32U031K4U6, STM32U031K6U6, STM32U031K8U6, STM32U031R6I6, STM32U031R6T6, STM32U031R8I6, STM32U031R8T6, STM32U073C8T6, STM32U073C8U6, STM32U073CBT6, STM32U073CBU6, STM32U073CCT6, STM32U073CCU6, STM32U073H8Y6TR, STM32U073HBY6TR, STM32U073HCY6TR, STM32U073K8U6, STM32U073KBU6, STM32U073KCU6, STM32U073M8I6, STM32U073M8T6, STM32U073MBI6, STM32U073MBT6, STM32U073MCI6, STM32U073MCT6, STM32U073R8I6, STM32U073R8T6, STM32U073RBI6, STM32U073RBT6, STM32U073RCI6, STM32U073RCT6, STM32U083C-DK, STM32U083CCT6, STM32U083CCU6, STM32U083HCY6TR, STM32U083KCU6, STM32U083MCI6, STM32U083MCT6, STM32U083RCI6, STM32U083RCT6, STM32U375CET6, STM32U375CET6Q, STM32U375CEU6, STM32U375CEU6Q, STM32U375CEY6QTR, STM32U375CGT6, STM32U375CGT6Q, STM32U375CGU6, STM32U375CGU6Q, STM32U375CGY6QTR, STM32U375KEU6, STM32U375KGU6, STM32U375REI6, STM32U375REI6Q, STM32U375RET6, STM32U375RET6Q, STM32U375REY6GTR, STM32U375REY6QTR, STM32U375RGI6, STM32U375RGI6Q, STM32U375RGT6, STM32U375RGT6Q, STM32U375RGY6GTR, STM32U375RGY6QTR, STM32U375VEI6, STM32U375VEI6Q, STM32U375VET6, STM32U375VET6Q, STM32U375VGI6, STM32U375VGI6Q, STM32U375VGT6, STM32U375VGT6Q, STM32U385CGT6, STM32U385CGT6Q, STM32U385CGU6, STM32U385CGU6Q, STM32U385CGY6QTR, STM32U385KGU6, STM32U385RGI6, STM32U385RGI6Q, STM32U385RGT6, STM32U385RGT6Q, STM32U385RGY6GTR, STM32U385RGY6QTR, STM32U385VGI6, STM32U385VGI6Q, STM32U385VGT6, STM32U385VGT6Q, STM32U535CBT6, STM32U535CBT6Q, STM32U535CBU6, STM32U535CBU6Q, STM32U535CCT6, STM32U535CCT6Q, STM32U535CCU6, STM32U535CCU6Q, STM32U535CET6, STM32U535CET6Q, STM32U535CEU6, STM32U535CEU6Q, STM32U535JEY6QTR, STM32U535NCY6QTR, STM32U535NEY6QTR, STM32U535RBI6, STM32U535RBI6Q, STM32U535RBT6, STM32U535RBT6Q, STM32U535RCI6, STM32U535RCI6Q, STM32U535RCT6, STM32U535RCT6Q, STM32U535REI6, STM32U535REI6Q, STM32U535RET6, STM32U535RET6Q, STM32U535VCI6, STM32U535VCI6Q, STM32U535VCT6, STM32U535VCT6Q, STM32U535VEI6, STM32U535VEI6Q, STM32U535VET6, STM32U535VET6Q, STM32U545CET6, STM32U545CET6Q, STM32U545CEU6, STM32U545CEU6Q, STM32U545JEY6QTR, STM32U545NEY6QTR, STM32U545REI6, STM32U545REI6Q, STM32U545RET6, STM32U545RET6Q, STM32U545VEI6, STM32U545VEI6Q, STM32U545VET6, STM32U545VET6Q, STM32U595AIH6, STM32U595AIH6Q, STM32U595AJH6, STM32U595AJH6Q, STM32U595QII6, STM32U595QII6Q, STM32U595QJI6, STM32U595QJI6Q, STM32U595RIT6, STM32U595RIT6Q, STM32U595RJT6, STM32U595RJT6Q, STM32U595VIT6, STM32U595VIT6Q, STM32U595VJT6, STM32U595VJT6Q, STM32U595ZIT6, STM32U595ZIT6Q, STM32U595ZIY6QTR, STM32U595ZJT6, STM32U595ZJT6Q, STM32U595ZJY6QTR, STM32U599BJY6QTR, STM32U599NIH6Q, STM32U599NJH6Q, STM32U599VIT6Q, STM32U599VJT6, STM32U599VJT6Q, STM32U599ZIT6Q, STM32U599ZIY6QTR, STM32U599ZJT6Q, STM32U599ZJY6QTR, STM32U5A5AJH6, STM32U5A5AJH6Q, STM32U5A5QII3Q , STM32U5A5QJI6, STM32U5A5QJI6Q, STM32U5A5RJT6, STM32U5A5RJT6Q, STM32U5A5VJT6, STM32U5A5VJT6Q, STM32U5A5ZJT6, STM32U5A5ZJT6Q, STM32U5A5ZJY6QTR, STM32U5A9BJY6QTR, STM32U5A9J-DK, STM32U5A9NJH6Q, STM32U5A9VJT6Q, STM32U5A9ZJT6Q, STM32U5A9ZJY6QTR, STM32U5F7VIT6, STM32U5F7VIT6Q, STM32U5F7VJT6, STM32U5F7VJT6Q, STM32U5F9BJY6QTR, STM32U5F9NJH6Q, STM32U5F9VIT6Q, STM32U5F9VJT6Q, STM32U5F9ZIJ6QTR, STM32U5F9ZIT6Q, STM32U5F9ZJJ6QTR, STM32U5F9ZJT6Q, STM32U5G7VJT6, STM32U5G7VJT6Q, STM32U5G9BJY6QTR, STM32U5G9J-DK1, STM32U5G9J-DK2, STM32U5G9NJH6Q, STM32U5G9VJT6Q, STM32U5G9ZJJ6QTR, STM32U5G9ZJT6Q, STM32WB05KZV6TR, STM32WB05KZV7TR, STM32WB05TZF6TR, STM32WB05TZF7TR, STM32WB06CCF6TR, STM32WB06CCF7TR, STM32WB06CCV6TR, STM32WB06CCV7TR, STM32WB06KCV6TR, STM32WB06KCV7TR, STM32WB07CCF6TR, STM32WB07CCF7TR, STM32WB07CCV6TR, STM32WB07CCV7TR, STM32WB07KCV6TR, STM32WB07KCV7TR, STM32WB09KEV6TR, STM32WB09KEV7TR, STM32WB09TEF6TR, STM32WB09TEF7TR, STM32WB1MMCH6, STM32WBA50KGU6, STM32WBA50KGU6TR, STM32WBA52CEU6, STM32WBA52CEU6TR, STM32WBA52CEU7, STM32WBA52CEU7TR, STM32WBA52CGU6, STM32WBA52CGU6TR, STM32WBA52CGU6U, STM32WBA52CGU7, STM32WBA52CGU7TR, STM32WBA52KEU6, STM32WBA52KEU6TR, STM32WBA52KGU6, STM32WBA52KGU6TR, STM32WBA54CEU6, STM32WBA54CEU6TR, STM32WBA54CEU7, STM32WBA54CEU7TR, STM32WBA54CGU6, STM32WBA54CGU6TR, STM32WBA54CGU7, STM32WBA54CGU7TR, STM32WBA54KEU6, STM32WBA54KEU6TR, STM32WBA54KEU7, STM32WBA54KEU7TR, STM32WBA54KGU6, STM32WBA54KGU6TR, STM32WBA54KGU7, STM32WBA54KGU7TR, STM32WBA55CEU6, STM32WBA55CEU6TR, STM32WBA55CEU7, STM32WBA55CEU7TR, STM32WBA55CGU6, STM32WBA55CGU6TR, STM32WBA55CGU6U, STM32WBA55CGU7, STM32WBA55CGU7TR, STM32WBA55G-DK1, STM32WBA55HEF6, STM32WBA55HEF7, STM32WBA55HGF6, STM32WBA55HGF7, STM32WBA55UEI6, STM32WBA55UEI6TR, STM32WBA55UEI7, STM32WBA55UEI7TR, STM32WBA55UGI6, STM32WBA55UGI6TR, STM32WBA55UGI7, STM32WBA55UGI7TR, STM32WBA5MJGH6TR, STM32WBA62CGU6, STM32WBA62CIU6, STM32WBA62MGF6, STM32WBA62MIF6, STM32WBA62PGI6, STM32WBA62PII6, STM32WBA63CGU6, STM32WBA63CGU7, STM32WBA63CIU6, STM32WBA63CIU7, STM32WBA64CGU6, STM32WBA64CGU7, STM32WBA64CIU6, STM32WBA64CIU7, STM32WBA65CGU6, STM32WBA65CGU7, STM32WBA65CIU6, STM32WBA65CIU7, STM32WBA65I-DK1, STM32WBA65MGF6, STM32WBA65MGF7, STM32WBA65MIF6, STM32WBA65MIF7, STM32WBA65PGI6, STM32WBA65PGI7, STM32WBA65PII6, STM32WBA65PII7, STM32WBA65RGV6, STM32WBA65RGV7, STM32WBA65RIV6, STM32WBA65RIV7, STM32WL30K8V6, STM32WL30KBV6, STM32WL31C8V6, STM32WL31CBV6, STM32WL31K8V6, STM32WL31KBV6, STM32WL33C8V6, STM32WL33C8V6TR, STM32WL33C8V7, STM32WL33C8V7TR, STM32WL33CBV6, STM32WL33CBV6TR, STM32WL33CBV7, STM32WL33CBV7TR, STM32WL33CCV6, STM32WL33CCV6TR, STM32WL33CCV7, STM32WL33CCV7A, STM32WL33CCV7ATR, STM32WL33CCV7TR, STM32WL33K8V6, STM32WL33K8V6TR, STM32WL33K8V7, STM32WL33K8V7TR, STM32WL33KBV6, STM32WL33KBV6TR, STM32WL33KBV7, STM32WL33KBV7TR, STM32WL33KCV6, STM32WL33KCV6TR, STM32WL33KCV7, STM32WL33KCV7TR, STM32WL5MOCH6, STM32WL5MOCH6TR]
2025-11-15 13:06:03,961 [INFO] ApiDb:668 - CubeFinder database Data Model version=2.1
2025-11-15 13:06:03,962 [INFO] ApiDb:669 - CubeFinder database Configuration version=3.0.39
2025-11-15 13:06:03,962 [INFO] ApiDb:670 - CubeFinder database generation date=2025-10-27 (1761571959)
2025-11-15 13:06:03,962 [INFO] ApiDb:671 - CubeFinder database FW Pack versions=[FP-ATR-ASTRA1_V2.0.0, FP-SNS-FLIGHT1_V5.1.0, FP-SNS-MOTENV1_V5.0.0, FP-SNS-MOTENVWB1_V1.4.0, FP-SNS-SMARTAG2_V1.2.0, FP-SNS-STBOX1_V2.1.0, STM32Cube_FW_C0_V1.4.0, STM32Cube_FW_F4_V1.28.3, STM32Cube_FW_F7_V1.17.4, STM32Cube_FW_G0_V1.6.2, STM32Cube_FW_G4_V1.6.1, STM32Cube_FW_H5_V1.5.0, STM32Cube_FW_H7RS_V1.2.0, STM32Cube_FW_H7_V1.12.1, STM32Cube_FW_L0_V1.12.2, STM32Cube_FW_L4_V1.18.1, STM32Cube_FW_L5_V1.5.1, STM32Cube_FW_N6_V1.2.0, STM32Cube_FW_U0_V1.3.0, STM32Cube_FW_U3_V1.2.1, STM32Cube_FW_U5_V1.8.0, STM32Cube_FW_WB0_V1.3.0, STM32Cube_FW_WBA_V1.7.0, STM32Cube_FW_WB_V1.23.0, STM32Cube_FW_WL3_V1.2.0, STM32Cube_FW_WL_V1.3.1, X-CUBE-ALGOBUILD_V1.4.0, X-CUBE-ALS_V1.0.2, X-CUBE-AZRTOS-F4_V1.1.0, X-CUBE-AZRTOS-F7_V1.1.0, X-CUBE-AZRTOS-G0_V1.1.0, X-CUBE-AZRTOS-G4_V2.0.0, X-CUBE-AZRTOS-H7RS_V1.1.0, X-CUBE-AZRTOS-H7_V3.4.0, X-CUBE-AZRTOS-L4_V2.0.0, X-CUBE-AZRTOS-L5_V2.0.0, X-CUBE-AZRTOS-WB_V2.0.0, X-CUBE-AZRTOS-WL_V2.0.0, X-CUBE-BLE1_V7.1.0, X-CUBE-BLE2_V3.3.0, X-CUBE-BLEMGR_V4.1.0, X-CUBE-EEPRMA1_V5.2.0, X-CUBE-FREERTOS_V1.3.1, X-CUBE-GNSS1_V6.0.0, X-CUBE-MEMS1_V11.3.0, X-CUBE-NFC4_V3.0.0, X-CUBE-NFC7_V2.0.0, X-CUBE-SFXS2LP1_V4.0.0, X-CUBE-ST67W61_V1.1.0, X-CUBE-SUBG2_V5.0.0, X-CUBE-TOF1_V3.4.3]
2025-11-15 13:06:07,215 [INFO] ApiDb:240 - Found 895 in-development CPN: [B-G473E-ZEST1S, B-WB1M-WPAN1, B-WBA5M-WPAN, B-WL5M-SUBG1, NUCLEO-C031C6, NUCLEO-C051C8, NUCLEO-C071RB, NUCLEO-C092RC, NUCLEO-H503RB, NUCLEO-H533RE, NUCLEO-H563ZI, NUCLEO-H7S3L8, NUCLEO-N657X0-Q, NUCLEO-U031R8, NUCLEO-U083RC, NUCLEO-U385RG-Q, NUCLEO-U545RE-Q, NUCLEO-U5A5ZJ-Q, NUCLEO-WB05KZ, NUCLEO-WB07CC, NUCLEO-WB09KE, NUCLEO-WBA52CG, NUCLEO-WBA55CG, NUCLEO-WBA65RI, NUCLEO-WL33CC1, NUCLEO-WL33CC2, STEVAL-PROTEUS1, STEVAL-SMARTAG2, STEVAL-STWINBX1, STM320518-EVAL, STM32C0116-DK, STM32C011D6Y3TR, STM32C011D6Y6TR, STM32C011F4P3, STM32C011F4P6, STM32C011F4U3, STM32C011F4U6TR, STM32C011F6P3, STM32C011F6P6, STM32C011F6U3, STM32C011F6U6TR, STM32C011J4M3, STM32C011J4M6, STM32C011J6M3, STM32C011J6M6, STM32C0316-DK, STM32C031C4T3, STM32C031C4T6, STM32C031C4U3, STM32C031C4U6, STM32C031C6T3, STM32C031C6T6, STM32C031C6U3, STM32C031C6U6, STM32C031F4P3, STM32C031F4P6, STM32C031F6P3, STM32C031F6P6, STM32C031G4U3, STM32C031G4U6, STM32C031G6U3, STM32C031G6U6, STM32C031K4T3, STM32C031K4T6, STM32C031K4U3, STM32C031K4U6, STM32C031K6T3, STM32C031K6T6, STM32C031K6U3, STM32C031K6U6, STM32C051C6T6, STM32C051C6U6, STM32C051C8T6, STM32C051C8U6, STM32C051D8Y6TR, STM32C051F6P6, STM32C051F8P6, STM32C051G6U6, STM32C051G8U6, STM32C051K6T6, STM32C051K6U6, STM32C051K8T6, STM32C071C8T6, STM32C071C8T6N, STM32C071C8U6, STM32C071C8U6N, STM32C071CBT6, STM32C071CBT6N, STM32C071CBU6, STM32C071CBU6N, STM32C071F8P6, STM32C071F8P6N, STM32C071FBP6, STM32C071FBP6N, STM32C071FBY6TR, STM32C071G8U6, STM32C071G8U6N, STM32C071GBU6, STM32C071GBU6N, STM32C071K8T6, STM32C071K8T6N, STM32C071K8U6, STM32C071K8U6N, STM32C071KBT6, STM32C071KBT6N, STM32C071KBU6, STM32C071KBU6N, STM32C071R8T6, STM32C071R8T6N, STM32C071RBI6N, STM32C071RBT6, STM32C071RBT6N, STM32C091CBT6, STM32C091CBU6, STM32C091CCT6, STM32C091CCU6, STM32C091ECY6TR, STM32C091FBP6, STM32C091FCP6, STM32C091GBU6, STM32C091GCU6, STM32C091KBT6, STM32C091KBU6, STM32C091KCT6, STM32C091KCU6, STM32C091RBT6, STM32C091RCI6, STM32C091RCT6, STM32C092CBT6, STM32C092CBU6, STM32C092CCT6, STM32C092CCU6, STM32C092ECY6TR, STM32C092FBP6, STM32C092FCP6, STM32C092GBU6, STM32C092GCU6, STM32C092KBT6, STM32C092KBU6, STM32C092KCT6, STM32C092KCU6, STM32C092RBT6, STM32C092RCI6, STM32C092RCT6, STM32G071K8TXN, STM32G071K8UXN, STM32G081GBU6N, STM32G081KBT6N, STM32G081KBUXN, STM32G0B1CCT6N, STM32G0B1KCT6, STM32G0B1NEY6TR, STM32G0B1RCT6N, STM32G0C1CCT6, STM32G0C1CCT6N, STM32G0C1CCU6N, STM32G0C1CET6N, STM32G0C1CEU6N, STM32G0C1KCT6, STM32G0C1NEY6TR, STM32G0C1RCI6N, STM32G0C1RCT6N, STM32G0C1REI6N, STM32G0C1RET6N, STM32G0C1VCI6, STM32G0C1VEI6, STM32G411C6T3, STM32G411C6T6, STM32G411C6U3, STM32G411C6U6, STM32G411C8T3, STM32G411C8T6, STM32G411C8U3, STM32G411C8U6, STM32G411CBT3, STM32G411CBT6, STM32G411CBU3, STM32G411CBU6, STM32G411CCT3, STM32G411CCT6, STM32G411CCU3, STM32G411CCU6, STM32G411K6T3, STM32G411K6T6, STM32G411K6U3, STM32G411K6U6, STM32G411K8T3, STM32G411K8T6, STM32G411K8U3, STM32G411K8U6, STM32G411KBT3, STM32G411KBT6, STM32G411KBU3, STM32G411KBU6, STM32G411M6T3, STM32G411M6T6, STM32G411M8T3, STM32G411M8T6, STM32G411MBT3, STM32G411MBT6, STM32G411MCT3, STM32G411MCT6, STM32G411R6T3, STM32G411R6T6, STM32G411R8T3, STM32G411R8T6, STM32G411RBT3, STM32G411RBT6, STM32G411RCT3, STM32G411RCT6, STM32G414CBT3, STM32G414CBT6, STM32G414CBU3, STM32G414CBU6, STM32G414CCT3, STM32G414CCT6, STM32G414CCU3, STM32G414CCU6, STM32G414MBT3, STM32G414MBT6, STM32G414MCT3, STM32G414MCT6, STM32G414RBT3, STM32G414RBT6, STM32G414RCT3, STM32G414RCT6, STM32G414VBT3, STM32G414VBT6, STM32G414VCT3, STM32G414VCT6, STM32G431CBT3Z, STM32G431RBT3Z, STM32G471CCT6, STM32G471CCU6, STM32G471CET3, STM32G471CET6, STM32G471CEU3, STM32G471CEU6, STM32G471MCT6, STM32G471MET3, STM32G471MET6, STM32G471MEY6TR, STM32G471QCT6, STM32G471QET3, STM32G471RCT6, STM32G471RET3, STM32G471RET6, STM32G471VCH6, STM32G471VCI6, STM32G471VCT6, STM32G471VEH3, STM32G471VEH6, STM32G471VEI3, STM32G471VEI6, STM32G471VET3, STM32G471VET6, STM32G473QET3Z, STM32G473RET3Z, STM32G474CCT6, STM32G491RET3Z, STM32H503CBT6, STM32H503CBU6, STM32H503EBY6TR, STM32H503KBU6, STM32H503RBT6, STM32H523CCT6, STM32H523CCU6, STM32H523CET6, STM32H523CEU6, STM32H523HEY6TR, STM32H523RCT6, STM32H523RET6, STM32H523VCI6, STM32H523VCT6, STM32H523VEI6, STM32H523VET6, STM32H523ZCJ6, STM32H523ZCT6, STM32H523ZEJ6, STM32H523ZET6, STM32H533CET6, STM32H533CEU6, STM32H533HEY6TR, STM32H533RET6, STM32H533VEI6, STM32H533VET6, STM32H533ZEJ6, STM32H533ZET6, STM32H562AGI6, STM32H562AII6, STM32H562IGK6, STM32H562IGT6, STM32H562IIK6, STM32H562IIT6, STM32H562RGT6, STM32H562RGV6, STM32H562RIT6, STM32H562RIV6, STM32H562VGT6, STM32H562VIT6, STM32H562ZGT6, STM32H562ZIT6, STM32H563AGI6, STM32H563AII3Q, STM32H563AII6, STM32H563IGK6, STM32H563IGT6, STM32H563IIK3Q, STM32H563IIK6, STM32H563IIT3Q, STM32H563IIT6, STM32H563MIY3QTR, STM32H563RGT6, STM32H563RGV6, STM32H563RIT6, STM32H563RIV6, STM32H563VGT6, STM32H563VIT3Q, STM32H563VIT6, STM32H563ZGT6, STM32H563ZIT3Q, STM32H563ZIT6, STM32H573AII3Q, STM32H573AII6, STM32H573I-DK, STM32H573IIK3Q, STM32H573IIK6, STM32H573IIT3Q, STM32H573IIT6, STM32H573MIY3QTR, STM32H573RIT6, STM32H573RIV6, STM32H573VIT3Q, STM32H573VIT6, STM32H573ZIT3Q, STM32H573ZIT6, STM32H7R3A8I6, STM32H7R3I8K6, STM32H7R3I8T6, STM32H7R3L8H6, STM32H7R3L8H6H, STM32H7R3R8V6, STM32H7R3V8H6, STM32H7R3V8T6, STM32H7R3V8Y6TR, STM32H7R3Z8J6, STM32H7R3Z8T6, STM32H7R7A8I6, STM32H7R7I8K6, STM32H7R7I8T6, STM32H7R7L8H6, STM32H7R7L8H6H, STM32H7R7Z8J6, STM32H7S3A8I6, STM32H7S3I8K6, STM32H7S3I8T6, STM32H7S3L8H6, STM32H7S3L8H6H, STM32H7S3R8V6, STM32H7S3V8H6, STM32H7S3V8T6, STM32H7S3V8Y6TR, STM32H7S3Z8J6, STM32H7S3Z8T6, STM32H7S78-DK, STM32H7S7A8I6, STM32H7S7I8K6, STM32H7S7I8T6, STM32H7S7L8H6, STM32H7S7L8H6H, STM32H7S7Z8J6, STM32L4R5QGI6STR, STM32MP131AAE3, STM32MP131AAF3, STM32MP131AAG3, STM32MP131CAE3, STM32MP131CAF3, STM32MP131CAG3, STM32MP131DAE7, STM32MP131DAF7, STM32MP131DAG7, STM32MP131FAE7, STM32MP131FAF7, STM32MP131FAG7, STM32MP133AAE3, STM32MP133AAF3, STM32MP133AAG3, STM32MP133CAE3, STM32MP133CAF3, STM32MP133CAG3, STM32MP133DAE7, STM32MP133DAF7, STM32MP133DAG7, STM32MP133FAE7, STM32MP133FAF7, STM32MP133FAG7, STM32MP135AAE3, STM32MP135AAF3, STM32MP135AAG3, STM32MP135CAE3, STM32MP135CAF3, STM32MP135CAG3, STM32MP135DAE7, STM32MP135DAF7, STM32MP135DAG7, STM32MP135F-DK, STM32MP135FAE7, STM32MP135FAF7, STM32MP135FAF7T, STM32MP135FAF7U, STM32MP135FAG7, STM32MP231AAJ3, STM32MP231AAK3, STM32MP231AAL3, STM32MP231CAJ3, STM32MP231CAK3, STM32MP231CAL3, STM32MP231DAJ3, STM32MP231DAK3, STM32MP231DAL3, STM32MP231FAJ3, STM32MP231FAK3, STM32MP231FAL3, STM32MP233AAJ3, STM32MP233AAK3, STM32MP233AAL3, STM32MP233CAJ3, STM32MP233CAK3, STM32MP233CAL3, STM32MP233DAJ3, STM32MP233DAK3, STM32MP233DAL3, STM32MP233FAJ3, STM32MP233FAK3, STM32MP233FAL3, STM32MP235AAJ3, STM32MP235AAK3, STM32MP235AAL3, STM32MP235CAJ3, STM32MP235CAK3, STM32MP235CAL3, STM32MP235DAJ3, STM32MP235DAK3, STM32MP235DAL3, STM32MP235FAJ3, STM32MP235FAK3, STM32MP235FAL3, STM32MP251AAI3, STM32MP251AAJ3, STM32MP251AAK3, STM32MP251AAL3, STM32MP251CAI3, STM32MP251CAJ3, STM32MP251CAK3, STM32MP251CAL3, STM32MP251DAI3, STM32MP251DAJ3, STM32MP251DAK3, STM32MP251DAL3, STM32MP251FAI3, STM32MP251FAJ3, STM32MP251FAK3, STM32MP251FAL3, STM32MP253AAI3, STM32MP253AAJ3, STM32MP253AAK3, STM32MP253AAL3, STM32MP253CAI3, STM32MP253CAJ3, STM32MP253CAK3, STM32MP253CAL3, STM32MP253DAI3, STM32MP253DAJ3, STM32MP253DAK3, STM32MP253DAL3, STM32MP253FAI3, STM32MP253FAJ3, STM32MP253FAK3, STM32MP253FAL3, STM32MP255AAI3, STM32MP255AAJ3, STM32MP255AAK3, STM32MP255AAL3, STM32MP255CAI3, STM32MP255CAJ3, STM32MP255CAK3, STM32MP255CAL3, STM32MP255DAI3, STM32MP255DAJ3, STM32MP255DAK3, STM32MP255DAL3, STM32MP255FAI3, STM32MP255FAJ3, STM32MP255FAK3, STM32MP255FAL3, STM32MP257AAI3, STM32MP257AAJ3, STM32MP257AAK3, STM32MP257AAL3, STM32MP257CAI3, STM32MP257CAJ3, STM32MP257CAK3, STM32MP257CAL3, STM32MP257DAI3, STM32MP257DAJ3, STM32MP257DAK3, STM32MP257DAL3, STM32MP257F-DK, STM32MP257F-EV1, STM32MP257FAI3, STM32MP257FAJ3, STM32MP257FAK3, STM32MP257FAL3, STM32N645A0H3Q, STM32N645B0H3Q, STM32N645I0H3Q, STM32N645L0H3Q, STM32N645X0H3Q, STM32N645Z0H3Q, STM32N647A0H3Q, STM32N647B0H3Q, STM32N647I0H3Q, STM32N647L0H3Q, STM32N647X0H3Q, STM32N647Z0H3Q, STM32N655A0H3Q, STM32N655B0H3Q, STM32N655I0H3Q, STM32N655L0H3Q, STM32N655X0H3Q, STM32N655Z0H3Q, STM32N6570-DK, STM32N657A0H3Q, STM32N657B0H3Q, STM32N657I0H3Q, STM32N657L0H3Q, STM32N657X0H3Q, STM32N657Z0H3Q, STM32U031C6T6, STM32U031C6U6, STM32U031C8T6, STM32U031C8U6, STM32U031F4P6, STM32U031F6P6, STM32U031F8P6, STM32U031G6Y6TR, STM32U031G8Y6TR, STM32U031K4U6, STM32U031K6U6, STM32U031K8U6, STM32U031R6I6, STM32U031R6T6, STM32U031R8I6, STM32U031R8T6, STM32U073C8T6, STM32U073C8U6, STM32U073CBT6, STM32U073CBU6, STM32U073CCT6, STM32U073CCU6, STM32U073H8Y6TR, STM32U073HBY6TR, STM32U073HCY6TR, STM32U073K8U6, STM32U073KBU6, STM32U073KCU6, STM32U073M8I6, STM32U073M8T6, STM32U073MBI6, STM32U073MBT6, STM32U073MCI6, STM32U073MCT6, STM32U073R8I6, STM32U073R8T6, STM32U073RBI6, STM32U073RBT6, STM32U073RCI6, STM32U073RCT6, STM32U083C-DK, STM32U083CCT6, STM32U083CCU6, STM32U083HCY6TR, STM32U083KCU6, STM32U083MCI6, STM32U083MCT6, STM32U083RCI6, STM32U083RCT6, STM32U375CET6, STM32U375CET6Q, STM32U375CEU6, STM32U375CEU6Q, STM32U375CEY6QTR, STM32U375CGT6, STM32U375CGT6Q, STM32U375CGU6, STM32U375CGU6Q, STM32U375CGY6QTR, STM32U375KEU6, STM32U375KGU6, STM32U375REI6, STM32U375REI6Q, STM32U375RET6, STM32U375RET6Q, STM32U375REY6GTR, STM32U375REY6QTR, STM32U375RGI6, STM32U375RGI6Q, STM32U375RGT6, STM32U375RGT6Q, STM32U375RGY6GTR, STM32U375RGY6QTR, STM32U375VEI6, STM32U375VEI6Q, STM32U375VET6, STM32U375VET6Q, STM32U375VGI6, STM32U375VGI6Q, STM32U375VGT6, STM32U375VGT6Q, STM32U385CGT6, STM32U385CGT6Q, STM32U385CGU6, STM32U385CGU6Q, STM32U385CGY6QTR, STM32U385KGU6, STM32U385RGI6, STM32U385RGI6Q, STM32U385RGT6, STM32U385RGT6Q, STM32U385RGY6GTR, STM32U385RGY6QTR, STM32U385VGI6, STM32U385VGI6Q, STM32U385VGT6, STM32U385VGT6Q, STM32U535CBT6, STM32U535CBT6Q, STM32U535CBU6, STM32U535CBU6Q, STM32U535CCT6, STM32U535CCT6Q, STM32U535CCU6, STM32U535CCU6Q, STM32U535CET6, STM32U535CET6Q, STM32U535CEU6, STM32U535CEU6Q, STM32U535JEY6QTR, STM32U535NCY6QTR, STM32U535NEY6QTR, STM32U535RBI6, STM32U535RBI6Q, STM32U535RBT6, STM32U535RBT6Q, STM32U535RCI6, STM32U535RCI6Q, STM32U535RCT6, STM32U535RCT6Q, STM32U535REI6, STM32U535REI6Q, STM32U535RET6, STM32U535RET6Q, STM32U535VCI6, STM32U535VCI6Q, STM32U535VCT6, STM32U535VCT6Q, STM32U535VEI6, STM32U535VEI6Q, STM32U535VET6, STM32U535VET6Q, STM32U545CET6, STM32U545CET6Q, STM32U545CEU6, STM32U545CEU6Q, STM32U545JEY6QTR, STM32U545NEY6QTR, STM32U545REI6, STM32U545REI6Q, STM32U545RET6, STM32U545RET6Q, STM32U545VEI6, STM32U545VEI6Q, STM32U545VET6, STM32U545VET6Q, STM32U595AIH6, STM32U595AIH6Q, STM32U595AJH6, STM32U595AJH6Q, STM32U595QII6, STM32U595QII6Q, STM32U595QJI6, STM32U595QJI6Q, STM32U595RIT6, STM32U595RIT6Q, STM32U595RJT6, STM32U595RJT6Q, STM32U595VIT6, STM32U595VIT6Q, STM32U595VJT6, STM32U595VJT6Q, STM32U595ZIT6, STM32U595ZIT6Q, STM32U595ZIY6QTR, STM32U595ZJT6, STM32U595ZJT6Q, STM32U595ZJY6QTR, STM32U599BJY6QTR, STM32U599NIH6Q, STM32U599NJH6Q, STM32U599VIT6Q, STM32U599VJT6, STM32U599VJT6Q, STM32U599ZIT6Q, STM32U599ZIY6QTR, STM32U599ZJT6Q, STM32U599ZJY6QTR, STM32U5A5AJH6, STM32U5A5AJH6Q, STM32U5A5QII3Q , STM32U5A5QJI6, STM32U5A5QJI6Q, STM32U5A5RJT6, STM32U5A5RJT6Q, STM32U5A5VJT6, STM32U5A5VJT6Q, STM32U5A5ZJT6, STM32U5A5ZJT6Q, STM32U5A5ZJY6QTR, STM32U5A9BJY6QTR, STM32U5A9J-DK, STM32U5A9NJH6Q, STM32U5A9VJT6Q, STM32U5A9ZJT6Q, STM32U5A9ZJY6QTR, STM32U5F7VIT6, STM32U5F7VIT6Q, STM32U5F7VJT6, STM32U5F7VJT6Q, STM32U5F9BJY6QTR, STM32U5F9NJH6Q, STM32U5F9VIT6Q, STM32U5F9VJT6Q, STM32U5F9ZIJ6QTR, STM32U5F9ZIT6Q, STM32U5F9ZJJ6QTR, STM32U5F9ZJT6Q, STM32U5G7VJT6, STM32U5G7VJT6Q, STM32U5G9BJY6QTR, STM32U5G9J-DK1, STM32U5G9J-DK2, STM32U5G9NJH6Q, STM32U5G9VJT6Q, STM32U5G9ZJJ6QTR, STM32U5G9ZJT6Q, STM32WB05KZV6TR, STM32WB05KZV7TR, STM32WB05TZF6TR, STM32WB05TZF7TR, STM32WB06CCF6TR, STM32WB06CCF7TR, STM32WB06CCV6TR, STM32WB06CCV7TR, STM32WB06KCV6TR, STM32WB06KCV7TR, STM32WB07CCF6TR, STM32WB07CCF7TR, STM32WB07CCV6TR, STM32WB07CCV7TR, STM32WB07KCV6TR, STM32WB07KCV7TR, STM32WB09KEV6TR, STM32WB09KEV7TR, STM32WB09TEF6TR, STM32WB09TEF7TR, STM32WB1MMCH6, STM32WBA50KGU6, STM32WBA50KGU6TR, STM32WBA52CEU6, STM32WBA52CEU6TR, STM32WBA52CEU7, STM32WBA52CEU7TR, STM32WBA52CGU6, STM32WBA52CGU6TR, STM32WBA52CGU6U, STM32WBA52CGU7, STM32WBA52CGU7TR, STM32WBA52KEU6, STM32WBA52KEU6TR, STM32WBA52KGU6, STM32WBA52KGU6TR, STM32WBA54CEU6, STM32WBA54CEU6TR, STM32WBA54CEU7, STM32WBA54CEU7TR, STM32WBA54CGU6, STM32WBA54CGU6TR, STM32WBA54CGU7, STM32WBA54CGU7TR, STM32WBA54KEU6, STM32WBA54KEU6TR, STM32WBA54KEU7, STM32WBA54KEU7TR, STM32WBA54KGU6, STM32WBA54KGU6TR, STM32WBA54KGU7, STM32WBA54KGU7TR, STM32WBA55CEU6, STM32WBA55CEU6TR, STM32WBA55CEU7, STM32WBA55CEU7TR, STM32WBA55CGU6, STM32WBA55CGU6TR, STM32WBA55CGU6U, STM32WBA55CGU7, STM32WBA55CGU7TR, STM32WBA55G-DK1, STM32WBA55HEF6, STM32WBA55HEF7, STM32WBA55HGF6, STM32WBA55HGF7, STM32WBA55UEI6, STM32WBA55UEI6TR, STM32WBA55UEI7, STM32WBA55UEI7TR, STM32WBA55UGI6, STM32WBA55UGI6TR, STM32WBA55UGI7, STM32WBA55UGI7TR, STM32WBA5MJGH6TR, STM32WBA62CGU6, STM32WBA62CIU6, STM32WBA62MGF6, STM32WBA62MIF6, STM32WBA62PGI6, STM32WBA62PII6, STM32WBA63CGU6, STM32WBA63CGU7, STM32WBA63CIU6, STM32WBA63CIU7, STM32WBA64CGU6, STM32WBA64CGU7, STM32WBA64CIU6, STM32WBA64CIU7, STM32WBA65CGU6, STM32WBA65CGU7, STM32WBA65CIU6, STM32WBA65CIU7, STM32WBA65I-DK1, STM32WBA65MGF6, STM32WBA65MGF7, STM32WBA65MIF6, STM32WBA65MIF7, STM32WBA65PGI6, STM32WBA65PGI7, STM32WBA65PII6, STM32WBA65PII7, STM32WBA65RGV6, STM32WBA65RGV7, STM32WBA65RIV6, STM32WBA65RIV7, STM32WL30K8V6, STM32WL30KBV6, STM32WL31C8V6, STM32WL31CBV6, STM32WL31K8V6, STM32WL31KBV6, STM32WL33C8V6, STM32WL33C8V6TR, STM32WL33C8V7, STM32WL33C8V7TR, STM32WL33CBV6, STM32WL33CBV6TR, STM32WL33CBV7, STM32WL33CBV7TR, STM32WL33CCV6, STM32WL33CCV6TR, STM32WL33CCV7, STM32WL33CCV7A, STM32WL33CCV7ATR, STM32WL33CCV7TR, STM32WL33K8V6, STM32WL33K8V6TR, STM32WL33K8V7, STM32WL33K8V7TR, STM32WL33KBV6, STM32WL33KBV6TR, STM32WL33KBV7, STM32WL33KBV7TR, STM32WL33KCV6, STM32WL33KCV6TR, STM32WL33KCV7, STM32WL33KCV7TR, STM32WL5MOCH6, STM32WL5MOCH6TR]
2025-11-15 13:06:07,221 [INFO] DbMcus:218 - Found 4747 MCUs, 4747 are supported
2025-11-15 13:06:07,223 [INFO] ApiDb:423 - Load user favorites file C:\Users\user/.stm32cubeide/favorites.mcus.txt: 0 item(s)
2025-11-15 13:06:07,223 [INFO] ApiDb:427 - User favorites MCUs=[]
2025-11-15 13:06:07,223 [INFO] DbMcus:224 - Set 0 / 0 favorites MCUs
2025-11-15 13:06:09,010 [INFO] BoardInfo:889 - No configuration file found for board P-NUCLEO-WB55
2025-11-15 13:06:09,012 [INFO] DbBoards:161 - Kit is not supported: P-NUCLEO-WB55
2025-11-15 13:06:09,025 [INFO] BoardInfo:889 - No configuration file found for board STEVAL-BFA001V1B
2025-11-15 13:06:09,026 [INFO] DbBoards:161 - Kit is not supported: STEVAL-BFA001V1B
2025-11-15 13:06:09,028 [INFO] BoardInfo:889 - No configuration file found for board STEVAL-BFA001V2B
2025-11-15 13:06:09,030 [INFO] DbBoards:161 - Kit is not supported: STEVAL-BFA001V2B
2025-11-15 13:06:09,427 [INFO] DbBoards:168 - Found 211 boards, 208 are supported
2025-11-15 13:06:09,428 [INFO] DbBoards:169 - Found 211 boards, 43 of them is supported for  Bsp
2025-11-15 13:06:09,433 [INFO] ApiDb:423 - Load user favorites file C:\Users\user/.stm32cubeide/favorites.boards.txt: 0 item(s)
2025-11-15 13:06:09,433 [INFO] ApiDb:427 - User favorites Boards=[]
2025-11-15 13:06:09,433 [INFO] DbBoards:198 - Set 0 / 0 favorites Boards
2025-11-15 13:06:09,477 [INFO] UtilMem:75 - End LoadConfig() Used Memory: 772065888 Bytes (1073741824)
2025-11-15 13:06:09,728 [WARN] ThirdParty:833 - waiting for thirdparty lock release [change project]
2025-11-15 13:06:09,729 [INFO] ThirdParty:835 - entering critical section [change project]
2025-11-15 13:06:09,729 [INFO] ThirdParty:1030 - CMSIS Pack Vendor :STMicroelectronics X-CUBE-PM33A1 1.0.0
2025-11-15 13:06:09,729 [INFO] ThirdParty:1030 - CMSIS Pack Vendor :STMicroelectronics USBPD 4.1
2025-11-15 13:06:09,729 [INFO] ThirdParty:1030 - CMSIS Pack Vendor :STMicroelectronics X-CUBE-NFC9 1.0.0
2025-11-15 13:06:09,729 [INFO] ThirdParty:1030 - CMSIS Pack Vendor :STMicroelectronics USB_HOST 2.0.0
2025-11-15 13:06:09,729 [INFO] ThirdParty:1030 - CMSIS Pack Vendor :STMicroelectronics FP-SNS-MOTENVWB1 1.4.0
2025-11-15 13:06:09,729 [INFO] ThirdParty:1030 - CMSIS Pack Vendor :STMicroelectronics X-CUBE-AZRTOS-F4 1.1.0
2025-11-15 13:06:09,730 [INFO] ThirdParty:1030 - CMSIS Pack Vendor :STMicroelectronics LIBJPEG 8.0.0
2025-11-15 13:06:09,730 [INFO] ThirdParty:1030 - CMSIS Pack Vendor :STMicroelectronics FP-ATR-ASTRA1 2.0.2
2025-11-15 13:06:09,730 [INFO] ThirdParty:1030 - CMSIS Pack Vendor :wolfSSL I-CUBE-wolfSSL 5.8.2
2025-11-15 13:06:09,730 [INFO] ThirdParty:1030 - CMSIS Pack Vendor :STMicroelectronics X-CUBE-BLE1 7.1.0
2025-11-15 13:06:09,730 [INFO] ThirdParty:1030 - CMSIS Pack Vendor :STMicroelectronics X-CUBE-SMBUS 2.1.0
2025-11-15 13:06:09,730 [INFO] ThirdParty:1030 - CMSIS Pack Vendor :wolfSSL I-CUBE-wolfMQTT 1.19.2
2025-11-15 13:06:09,730 [INFO] ThirdParty:1030 - CMSIS Pack Vendor :STMicroelectronics USB_DEVICE 3.0.0
2025-11-15 13:06:09,730 [INFO] ThirdParty:1030 - CMSIS Pack Vendor :STMicroelectronics X-CUBE-ISPU 2.1.0
2025-11-15 13:06:09,730 [INFO] ThirdParty:1030 - CMSIS Pack Vendor :STMicroelectronics X-CUBE-EEPRMA1 5.2.0
2025-11-15 13:06:09,730 [INFO] ThirdParty:1030 - CMSIS Pack Vendor :STMicroelectronics X-CUBE-BLEMGR 4.1.0
2025-11-15 13:06:09,730 [INFO] ThirdParty:1030 - CMSIS Pack Vendor :STMicroelectronics X-CUBE-AZRTOS-WB 2.0.0
2025-11-15 13:06:09,730 [INFO] ThirdParty:1030 - CMSIS Pack Vendor :STMicroelectronics X-CUBE-ST60 1.0.0
2025-11-15 13:06:09,730 [INFO] ThirdParty:1030 - CMSIS Pack Vendor :STMicroelectronics X-CUBE-GNSS1 7.0.1
2025-11-15 13:06:09,731 [INFO] ThirdParty:1030 - CMSIS Pack Vendor :STMicroelectronics X-CUBE-NFC12 1.0.0
2025-11-15 13:06:09,731 [INFO] ThirdParty:1030 - CMSIS Pack Vendor :STMicroelectronics X-CUBE-AZRTOS-F7 1.1.0
2025-11-15 13:06:09,731 [INFO] ThirdParty:1030 - CMSIS Pack Vendor :STMicroelectronics X-CUBE-AZRTOS-L5 2.0.0
2025-11-15 13:06:09,731 [INFO] ThirdParty:1030 - CMSIS Pack Vendor :STMicroelectronics X-CUBE-TOUCHGFX 4.25.0
2025-11-15 13:06:09,731 [INFO] ThirdParty:1030 - CMSIS Pack Vendor :STMicroelectronics USB_DEVICE 2.0.0
2025-11-15 13:06:09,731 [INFO] ThirdParty:1030 - CMSIS Pack Vendor :STMicroelectronics X-CUBE-NFC6 3.1.0
2025-11-15 13:06:09,731 [INFO] ThirdParty:1030 - CMSIS Pack Vendor :STMicroelectronics X-CUBE-AI 10.1.0
2025-11-15 13:06:09,731 [INFO] ThirdParty:1030 - CMSIS Pack Vendor :STMicroelectronics FP-SNS-STBOX1 2.0.0
2025-11-15 13:06:09,731 [INFO] ThirdParty:1030 - CMSIS Pack Vendor :quantropi X-CUBE-qispace-sdk-base 2.1.0
2025-11-15 13:06:09,731 [INFO] ThirdParty:1030 - CMSIS Pack Vendor :STMicroelectronics FreeRTOS 0.0.1
2025-11-15 13:06:09,731 [INFO] ThirdParty:1030 - CMSIS Pack Vendor :STMicroelectronics X-CUBE-AZRTOS-G0 1.1.0
2025-11-15 13:06:09,731 [INFO] ThirdParty:1030 - CMSIS Pack Vendor :STMicroelectronics X-CUBE-SAFEA1 1.2.2
2025-11-15 13:06:09,731 [INFO] ThirdParty:1030 - CMSIS Pack Vendor :STMicroelectronics X-CUBE-NFC4 3.0.0
2025-11-15 13:06:09,732 [INFO] ThirdParty:1030 - CMSIS Pack Vendor :STMicroelectronics X-CUBE-SUBG2 5.0.0
2025-11-15 13:06:09,732 [INFO] ThirdParty:1030 - CMSIS Pack Vendor :STMicroelectronics X-CUBE-AZRTOS-H7RS 1.1.0
2025-11-15 13:06:09,732 [INFO] ThirdParty:1030 - CMSIS Pack Vendor :STMicroelectronics STM32_WPAN 1.0.0
2025-11-15 13:06:09,732 [INFO] ThirdParty:1030 - CMSIS Pack Vendor :EmbeddedOffice I-CUBE-FS-RTOS 1.0.1
2025-11-15 13:06:09,732 [INFO] ThirdParty:1030 - CMSIS Pack Vendor :STMicroelectronics lwIP 2.0.3
2025-11-15 13:06:09,732 [INFO] ThirdParty:1030 - CMSIS Pack Vendor :Cesanta I-CUBE-Mongoose 7.13.0
2025-11-15 13:06:09,732 [INFO] ThirdParty:1030 - CMSIS Pack Vendor :STMicroelectronics USB_HOST 1.0.0
2025-11-15 13:06:09,732 [INFO] ThirdParty:1030 - CMSIS Pack Vendor :Infineon AIROC-Wi-Fi-Bluetooth-STM32 1.7.1
2025-11-15 13:06:09,732 [INFO] ThirdParty:1030 - CMSIS Pack Vendor :STMicroelectronics X-CUBE-AZRTOS-G4 2.0.0
2025-11-15 13:06:09,732 [INFO] ThirdParty:1030 - CMSIS Pack Vendor :STMicroelectronics X-CUBE-WB05N 2.0.0
2025-11-15 13:06:09,732 [INFO] ThirdParty:1030 - CMSIS Pack Vendor :STMicroelectronics PDM2PCM 3.1.0
2025-11-15 13:06:09,732 [INFO] ThirdParty:1030 - CMSIS Pack Vendor :STMicroelectronics PDM2PCM 3.3.0
2025-11-15 13:06:09,732 [INFO] ThirdParty:1030 - CMSIS Pack Vendor :wolfSSL I-CUBE-wolfTPM 3.8.0
2025-11-15 13:06:09,733 [INFO] ThirdParty:1030 - CMSIS Pack Vendor :STMicroelectronics X-CUBE-AZRTOS-H7 3.4.0
2025-11-15 13:06:09,733 [INFO] ThirdParty:1030 - CMSIS Pack Vendor :STMicroelectronics X-CUBE-DISPLAY 3.0.0
2025-11-15 13:06:09,733 [INFO] ThirdParty:1030 - CMSIS Pack Vendor :wolfSSL I-CUBE-wolfSSH 1.4.20
2025-11-15 13:06:09,733 [INFO] ThirdParty:1030 - CMSIS Pack Vendor :STMicroelectronics X-CUBE-NFC7 2.0.0
2025-11-15 13:06:09,733 [INFO] ThirdParty:1030 - CMSIS Pack Vendor :STMicroelectronics X-CUBE-TCPP 4.2.0
2025-11-15 13:06:09,733 [INFO] ThirdParty:1030 - CMSIS Pack Vendor :RealThread X-CUBE-RT-Thread_Nano 4.1.1
2025-11-15 13:06:09,734 [INFO] ThirdParty:1030 - CMSIS Pack Vendor :STMicroelectronics FP-ATR-SIGFOX1 3.2.0
2025-11-15 13:06:09,734 [INFO] ThirdParty:1030 - CMSIS Pack Vendor :STMicroelectronics X-CUBE-NFC10 1.0.0
2025-11-15 13:06:09,734 [INFO] ThirdParty:1030 - CMSIS Pack Vendor :STMicroelectronics X-CUBE-FREERTOS 1.3.1
2025-11-15 13:06:09,734 [INFO] ThirdParty:1030 - CMSIS Pack Vendor :STMicroelectronics HAL Drivers 0.0.0
2025-11-15 13:06:09,734 [INFO] ThirdParty:1030 - CMSIS Pack Vendor :STMicroelectronics MBEDTLS 2.16.2
2025-11-15 13:06:09,734 [INFO] ThirdParty:1030 - CMSIS Pack Vendor :STMicroelectronics X-CUBE-ST60 1.1.0
2025-11-15 13:06:09,734 [INFO] ThirdParty:1030 - CMSIS Pack Vendor :STMicroelectronics X-CUBE-IPS 3.1.0
2025-11-15 13:06:09,734 [INFO] ThirdParty:1030 - CMSIS Pack Vendor :STMicroelectronics X-CUBE-ALS 1.0.2
2025-11-15 13:06:09,734 [INFO] ThirdParty:1030 - CMSIS Pack Vendor :emotas I-CUBE-CANOPEN 1.3.0
2025-11-15 13:06:09,734 [INFO] ThirdParty:1030 - CMSIS Pack Vendor :STMicroelectronics MBEDTLS 2.14.1
2025-11-15 13:06:09,735 [INFO] ThirdParty:1030 - CMSIS Pack Vendor :STMicroelectronics X-CUBE-GNSS1 7.1.0
2025-11-15 13:06:09,735 [INFO] ThirdParty:1030 - CMSIS Pack Vendor :ITTIA_DB I-CUBE-ITTIADB 8.9.0
2025-11-15 13:06:09,735 [INFO] ThirdParty:1030 - CMSIS Pack Vendor :STMicroelectronics X-CUBE-TOUCHGFX 4.26.0
2025-11-15 13:06:09,735 [INFO] ThirdParty:1030 - CMSIS Pack Vendor :STMicroelectronics X-CUBE-STSE01 1.0.0
2025-11-15 13:06:09,735 [INFO] ThirdParty:1030 - CMSIS Pack Vendor :portGmbH I-Cube-SoM-uGOAL 1.1.0
2025-11-15 13:06:09,735 [INFO] ThirdParty:1030 - CMSIS Pack Vendor :STMicroelectronics X-CUBE-ST67W61 1.0.0
2025-11-15 13:06:09,735 [INFO] ThirdParty:1030 - CMSIS Pack Vendor :STMicroelectronics X-CUBE-AI 10.2.0
2025-11-15 13:06:09,735 [INFO] ThirdParty:1030 - CMSIS Pack Vendor :STMicroelectronics FP-SNS-STAIOTCFT 1.0.0
2025-11-15 13:06:09,735 [INFO] ThirdParty:1030 - CMSIS Pack Vendor :STMicroelectronics ThreadX 1.0.0
2025-11-15 13:06:09,735 [INFO] ThirdParty:1030 - CMSIS Pack Vendor :STMicroelectronics FP-SNS-SMARTAG2 1.2.0
2025-11-15 13:06:09,735 [INFO] ThirdParty:1030 - CMSIS Pack Vendor :STMicroelectronics FP-SNS-FLIGHT1 5.1.0
2025-11-15 13:06:09,735 [INFO] ThirdParty:1030 - CMSIS Pack Vendor :STMicroelectronics X-CUBE-AZRTOS-WL 2.0.0
2025-11-15 13:06:09,735 [INFO] ThirdParty:1030 - CMSIS Pack Vendor :SEGGER I-CUBE-embOS 1.3.1
2025-11-15 13:06:09,736 [INFO] ThirdParty:1030 - CMSIS Pack Vendor :STMicroelectronics X-CUBE-ALGOBUILD 1.4.0
2025-11-15 13:06:09,736 [INFO] ThirdParty:1030 - CMSIS Pack Vendor :STMicroelectronics X-CUBE-DPower 1.3.0
2025-11-15 13:06:09,736 [INFO] ThirdParty:1030 - CMSIS Pack Vendor :STMicroelectronics X-CUBE-MEMS1 11.3.0
2025-11-15 13:06:09,736 [INFO] ThirdParty:1030 - CMSIS Pack Vendor :STMicroelectronics FP-SNS-MOTENV1 5.0.0
2025-11-15 13:06:09,736 [INFO] ThirdParty:1030 - CMSIS Pack Vendor :STMicroelectronics USB_DEVICE 1.0.0
2025-11-15 13:06:09,736 [INFO] ThirdParty:1030 - CMSIS Pack Vendor :STMicroelectronics X-CUBE-AZRTOS-L4 2.0.0
2025-11-15 13:06:09,736 [INFO] ThirdParty:1030 - CMSIS Pack Vendor :STMicroelectronics ThreadX 0.0.2
2025-11-15 13:06:09,736 [INFO] ThirdParty:1030 - CMSIS Pack Vendor :WES I-CUBE-Cesium 1.3.0
2025-11-15 13:06:09,736 [INFO] ThirdParty:1030 - CMSIS Pack Vendor :STMicroelectronics lwIP 2.1.2
2025-11-15 13:06:09,736 [INFO] ThirdParty:1030 - CMSIS Pack Vendor :STMicroelectronics X-CUBE-SFXS2LP1 4.0.0
2025-11-15 13:06:09,736 [INFO] ThirdParty:1030 - CMSIS Pack Vendor :STMicroelectronics X-CUBE-BLE2 3.3.0
2025-11-15 13:06:09,736 [INFO] ThirdParty:1030 - CMSIS Pack Vendor :STMicroelectronics X-CUBE-TOF1 3.4.3
2025-11-15 13:06:09,737 [INFO] ThirdParty:1030 - CMSIS Pack Vendor :STMicroelectronics PDM2PCM 3.2.0
2025-11-15 13:06:09,737 [INFO] ThirdParty:841 - exiting critical section [change project]
2025-11-15 13:06:10,398 [INFO] PinOutPanel:1589 - setPackage(No Configuration,No Configuration)
2025-11-15 13:06:10,407 [INFO] PinOutPanel:1589 - setPackage(STM32G030K6Tx,LQFP32)
2025-11-15 13:06:11,129 [INFO] UtilMem:75 - Before build in PCC Used Memory: 869454352 Bytes (1073741824)
2025-11-15 13:06:12,728 [INFO] UtilMem:75 - After build in PCC Used Memory: 572000352 Bytes (1073741824)
2025-11-15 13:06:12,803 [INFO] IPUIPlugin:80 - create IPUIPlugin
2025-11-15 13:06:12,803 [INFO] IPUIPlugin:80 - create IPUIPlugin
2025-11-15 13:06:12,804 [INFO] IPUIPlugin:80 - create IPUIPlugin
2025-11-15 13:06:12,804 [INFO] IPUIPlugin:80 - create IPUIPlugin
2025-11-15 13:06:12,804 [INFO] IPUIPlugin:80 - create IPUIPlugin
2025-11-15 13:06:12,805 [INFO] IPUIPlugin:80 - create IPUIPlugin
2025-11-15 13:06:12,805 [INFO] IPUIPlugin:80 - create IPUIPlugin
2025-11-15 13:06:12,806 [INFO] IPUIPlugin:80 - create IPUIPlugin
2025-11-15 13:06:12,806 [INFO] IPUIPlugin:80 - create IPUIPlugin
2025-11-15 13:06:12,806 [INFO] IPUIPlugin:80 - create IPUIPlugin
2025-11-15 13:06:12,806 [INFO] IPUIPlugin:80 - create IPUIPlugin
2025-11-15 13:06:12,807 [INFO] IPUIPlugin:80 - create IPUIPlugin
2025-11-15 13:06:12,807 [INFO] IPUIPlugin:80 - create IPUIPlugin
2025-11-15 13:06:12,808 [INFO] IPUIPlugin:80 - create IPUIPlugin
2025-11-15 13:06:12,808 [INFO] IPUIPlugin:80 - create IPUIPlugin
2025-11-15 13:06:12,808 [INFO] IPUIPlugin:80 - create IPUIPlugin
2025-11-15 13:06:12,809 [INFO] IPUIPlugin:80 - create IPUIPlugin
2025-11-15 13:06:12,809 [INFO] IPUIPlugin:80 - create IPUIPlugin
2025-11-15 13:06:12,809 [INFO] IPUIPlugin:80 - create IPUIPlugin
2025-11-15 13:06:12,810 [INFO] IPUIPlugin:80 - create IPUIPlugin
2025-11-15 13:06:12,810 [INFO] IPUIPlugin:80 - create IPUIPlugin
2025-11-15 13:06:12,810 [INFO] IPUIPlugin:80 - create IPUIPlugin
2025-11-15 13:06:12,811 [INFO] IPUIPlugin:80 - create IPUIPlugin
2025-11-15 13:06:12,812 [INFO] IPUIPlugin:80 - create IPUIPlugin
2025-11-15 13:06:12,812 [INFO] IPUIPlugin:80 - create IPUIPlugin
2025-11-15 13:06:13,238 [INFO] CADModel:165 - CPN selected for project levelSTM32G030K6T6TR
2025-11-15 13:06:13,238 [INFO] CADModel:114 - Register for checkConnection events
2025-11-15 13:06:13,312 [INFO] OpenFileManager:385 - Restore cursor
2025-11-15 13:06:40,021 [INFO] MainUpdater:2872 - connection check result : 10
2025-11-15 13:06:40,237 [INFO] McuFinderGlobals:76 - Set McuFinderConnectedMode to true
2025-11-15 13:06:40,248 [INFO] MultiScanPanel:200 - Auto-refresh data requested => check proxy status ongoing
2025-11-15 13:06:40,252 [INFO] FinderPluginLoader:95 - Searching for filters in installed packs
2025-11-15 13:06:42,646 [INFO] LoadUrlFilesThread:185 - End of LoadServerUrlFiles without Thread
2025-11-15 13:06:42,665 [INFO] DetailPanel:341 - Set advertising image to C:/Users/user/STM32Cube/Repository/\en.mcu-finder-preevent.jpg
2025-11-15 13:07:08,761 [INFO] MainUpdater:2872 - connection check result : 10
2025-11-15 13:07:08,761 [INFO] MainUpdater:2872 - connection check result : 10
2025-11-15 13:07:09,108 [INFO] I2cTimingTraitement:330 - 0x00503D58
2025-11-15 13:07:09,144 [INFO] I2cTimingTraitement:330 - 0x00503D58
2025-11-15 13:07:09,148 [INFO] MicroXplorer:468 - Change Database Path : 
2025-11-15 13:07:09,148 [INFO] MicroXplorer:498 - Change Database Version : DB.6.0.140
2025-11-15 13:07:09,167 [ERROR] ProjectManagerView:394 - 
java.lang.NullPointerException: Cannot invoke "javax.swing.JTextField.getText()" because the return value of "java.util.List.get(int)" is null
	at com.st.microxplorer.plugins.projectmanager.gui.ProjectChoiceTab$9.caretUpdate(ProjectChoiceTab.java:2678) ~[filemanager.jar:?]
	at javax.swing.text.JTextComponent.fireCaretUpdate(JTextComponent.java:408) ~[?:?]
	at javax.swing.text.JTextComponent$MutableCaretEvent.fire(JTextComponent.java:4484) ~[?:?]
	at javax.swing.text.JTextComponent$MutableCaretEvent.stateChanged(JTextComponent.java:4506) ~[?:?]
	at javax.swing.text.DefaultCaret.fireStateChanged(DefaultCaret.java:857) ~[?:?]
	at javax.swing.text.DefaultCaret.changeCaretPosition(DefaultCaret.java:1343) ~[?:?]
	at javax.swing.text.DefaultCaret.handleSetDot(DefaultCaret.java:1242) ~[?:?]
	at javax.swing.text.DefaultCaret.setDot(DefaultCaret.java:1223) ~[?:?]
	at javax.swing.text.DefaultCaret$Handler.insertUpdate(DefaultCaret.java:1819) ~[?:?]
	at javax.swing.text.AbstractDocument.fireInsertUpdate(AbstractDocument.java:227) ~[?:?]
	at javax.swing.text.AbstractDocument.handleInsertString(AbstractDocument.java:781) ~[?:?]
	at javax.swing.text.AbstractDocument.insertString(AbstractDocument.java:740) ~[?:?]
	at javax.swing.text.PlainDocument.insertString(PlainDocument.java:131) ~[?:?]
	at javax.swing.text.AbstractDocument.replace(AbstractDocument.java:699) ~[?:?]
	at javax.swing.text.JTextComponent.setText(JTextComponent.java:1725) ~[?:?]
	at com.st.microxplorer.plugins.projectmanager.gui.ProjectChoiceTab.createHeapStackFields(ProjectChoiceTab.java:979) ~[filemanager.jar:?]
	at com.st.microxplorer.plugins.projectmanager.gui.ProjectChoiceTab.buildLinkSettingsPanel(ProjectChoiceTab.java:3766) ~[filemanager.jar:?]
	at com.st.microxplorer.plugins.projectmanager.gui.ProjectChoiceTab.defineWindowsFields(ProjectChoiceTab.java:1962) ~[filemanager.jar:?]
	at com.st.microxplorer.plugins.projectmanager.gui.ProjectChoiceTab.updateSettings(ProjectChoiceTab.java:555) ~[filemanager.jar:?]
	at com.st.microxplorer.plugins.projectmanager.gui.ProjectSettingsPanel.UpdateDialog(ProjectSettingsPanel.java:245) ~[filemanager.jar:?]
	at com.st.microxplorer.plugins.projectmanager.ProjectManagerView.propertyChange(ProjectManagerView.java:391) ~[filemanager.jar:?]
	at java.beans.PropertyChangeSupport.fire(PropertyChangeSupport.java:343) ~[?:?]
	at java.beans.PropertyChangeSupport.firePropertyChange(PropertyChangeSupport.java:335) ~[?:?]
	at java.beans.PropertyChangeSupport.firePropertyChange(PropertyChangeSupport.java:268) ~[?:?]
	at com.st.microxplorer.util.MXPropertyChangeSupport.firePropertyChange(MXPropertyChangeSupport.java:54) ~[STM32CubeMX.jar:?]
	at com.st.microxplorer.mxsystem.MxSystem.closeConfig(MxSystem.java:899) ~[STM32CubeMX.jar:?]
	at com.st.microxplorer.maingui.MainPanel.closeConfig(MainPanel.java:789) ~[STM32CubeMX.jar:?]
	at com.st.microxplorer.plugins.filemanager.engine.OpenFileManager.loadConfigurationFile(OpenFileManager.java:287) ~[filemanager.jar:?]
	at com.st.microxplorer.plugins.filemanager.engine.MainFileManager.userLoadConfig(MainFileManager.java:341) ~[filemanager.jar:?]
	at com.st.microxplorer.plugins.filemanager.engine.MainFileManager.userLoadConfig(MainFileManager.java:319) ~[filemanager.jar:?]
	at com.st.microxplorer.plugins.filemanager.FileManagerView.getSpecificTask(FileManagerView.java:246) ~[filemanager.jar:?]
	at com.st.stm32cube.common.mx.editor.CubeMxEditor.getMxTabbedPaneInstance(CubeMxEditor.java:1198) ~[com.st.stm32cube.common.mx_6.14.0.202502271554/:?]
	at com.st.stm32cube.common.mx.editor.CubeMxEditor$12$1.createSwingComponent(CubeMxEditor.java:1068) ~[com.st.stm32cube.common.mx_6.14.0.202502271554/:?]
	at com.st.stm32cube.common.mx.oss.core.awtswtbridge.EmbeddedSwingComposite.doComponentCreation(EmbeddedSwingComposite.java:492) ~[com.st.stm32cube.common.mx.oss_6.14.0.202502271554/:?]
	at com.st.stm32cube.common.mx.oss.core.awtswtbridge.EmbeddedSwingComposite$4.run(EmbeddedSwingComposite.java:291) ~[com.st.stm32cube.common.mx.oss_6.14.0.202502271554/:?]
	at com.st.stm32cube.common.mx.oss.core.awtswtbridge.AwtEnvironment$2.run(AwtEnvironment.java:166) ~[com.st.stm32cube.common.mx.oss_6.14.0.202502271554/:?]
	at java.awt.event.InvocationEvent.dispatch(InvocationEvent.java:318) ~[?:?]
	at java.awt.EventQueue.dispatchEventImpl(EventQueue.java:773) ~[?:?]
	at java.awt.EventQueue$4.run(EventQueue.java:720) ~[?:?]
	at java.awt.EventQueue$4.run(EventQueue.java:714) ~[?:?]
	at java.security.AccessController.doPrivileged(AccessController.java:400) ~[?:?]
	at java.security.ProtectionDomain$JavaSecurityAccessImpl.doIntersectionPrivilege(ProtectionDomain.java:87) ~[?:?]
	at java.awt.EventQueue.dispatchEvent(EventQueue.java:742) ~[?:?]
	at java.awt.EventDispatchThread.pumpOneEventForFilters(EventDispatchThread.java:203) ~[?:?]
	at java.awt.EventDispatchThread.pumpEventsForFilter(EventDispatchThread.java:124) ~[?:?]
	at java.awt.EventDispatchThread.pumpEventsForHierarchy(EventDispatchThread.java:113) ~[?:?]
	at java.awt.EventDispatchThread.pumpEvents(EventDispatchThread.java:109) ~[?:?]
	at java.awt.EventDispatchThread.pumpEvents(EventDispatchThread.java:101) ~[?:?]
	at java.awt.EventDispatchThread.run(EventDispatchThread.java:90) ~[?:?]
2025-11-15 13:07:09,185 [WARN] ThirdParty:871 - waiting for thirdparty lock release [close project]
2025-11-15 13:07:09,185 [INFO] ThirdParty:873 - entering critical section [close project]
2025-11-15 13:07:09,185 [INFO] ThirdParty:883 - exiting critical section [close project]
2025-11-15 13:07:09,187 [INFO] PinOutPanel:1589 - setPackage(No Configuration,No Configuration)
2025-11-15 13:07:09,201 [INFO] UtilMem:75 - Begin LoadConfig() Used Memory: 781964984 Bytes (1073741824)
2025-11-15 13:07:09,202 [INFO] MicroXplorer:468 - Change Database Path : 
2025-11-15 13:07:09,202 [INFO] MicroXplorer:498 - Change Database Version : DB.6.0.140
2025-11-15 13:07:09,202 [INFO] OpenFileManager:354 - Change cursor
2025-11-15 13:07:09,489 [INFO] Mcu:2011 - Initializing MCU STM32F411CEUx STM32F411CEUx STM32F411CEU6
2025-11-15 13:07:11,469 [INFO] Context:756 - Trying to add GPIOservice into a context  which must be forbidden
2025-11-15 13:07:11,871 [INFO] ImportTextPane:218 - (OptionalMessage_ERROR) Unable to find key (Mcu.ThirdPartyNb) in loaded IOC file
2025-11-15 13:07:11,871 [INFO] ImportTextPane:218 - (OptionalMessage_ERROR) Unable to find key (Mcu.PinsNb) in loaded IOC file
2025-11-15 13:07:11,871 [INFO] ImportTextPane:218 - (OptionalMessage_ERROR) Pin0 (VP_RIF_VS_RIF1) cannot be retrieved for this MCU
2025-11-15 13:07:11,871 [INFO] ImportTextPane:218 - (OptionalMessage_ERROR) Unable to find key (Mcu.IPNb) in loaded IOC file
2025-11-15 13:07:11,902 [INFO] RtosManager:558 - Registered RTOS mode: class=CMSIS, group=RTOS, mode=CMSIS_V1, owner=FREERTOS
2025-11-15 13:07:11,902 [INFO] RtosManager:558 - Registered RTOS mode: class=CMSIS, group=RTOS2, mode=CMSIS_V2, owner=FREERTOS
2025-11-15 13:07:11,902 [INFO] RtosManager:558 - Registered RTOS mode: class=RTOS, group=Core, mode=CMSIS_V1, owner=FREERTOS
2025-11-15 13:07:11,903 [INFO] RtosManager:558 - Registered RTOS mode: class=RTOS, group=Core, mode=CMSIS_V2, owner=FREERTOS
2025-11-15 13:07:11,903 [WARN] ModelIntegratedComponent:184 - Missing modes for component STMicroelectronics:FreeRTOS:0.0.1:STMicroelectronics:RTOS:FreeRTOS:Core:::10.2.0:
2025-11-15 13:07:11,909 [WARN] ModelIntegratedComponent:182 - Modes not found for component STMicroelectronics:USB_HOST:1.0.0:STMicroelectronics:USB::USB Host:Audio HS::1.0:USB_HOST_1_0_RESTRICTED_HS
2025-11-15 13:07:11,910 [WARN] ModelIntegratedComponent:188 - Modes not found for component STMicroelectronics:USB_HOST:1.0.0:STMicroelectronics:USB::USB Host:Audio HS::1.0:USB_HOST_1_0_RESTRICTED_HS
2025-11-15 13:07:11,910 [WARN] ModelIntegratedComponent:182 - Modes not found for component STMicroelectronics:USB_HOST:1.0.0:STMicroelectronics:USB::USB Host:CDC HS::1.0:USB_HOST_1_0_RESTRICTED_HS
2025-11-15 13:07:11,910 [WARN] ModelIntegratedComponent:188 - Modes not found for component STMicroelectronics:USB_HOST:1.0.0:STMicroelectronics:USB::USB Host:CDC HS::1.0:USB_HOST_1_0_RESTRICTED_HS
2025-11-15 13:07:11,910 [WARN] ModelIntegratedComponent:182 - Modes not found for component STMicroelectronics:USB_HOST:1.0.0:STMicroelectronics:USB::USB Host:MSC HS::1.0:USB_HOST_1_0_RESTRICTED_HS
2025-11-15 13:07:11,910 [WARN] ModelIntegratedComponent:188 - Modes not found for component STMicroelectronics:USB_HOST:1.0.0:STMicroelectronics:USB::USB Host:MSC HS::1.0:USB_HOST_1_0_RESTRICTED_HS
2025-11-15 13:07:11,910 [WARN] ModelIntegratedComponent:182 - Modes not found for component STMicroelectronics:USB_HOST:1.0.0:STMicroelectronics:USB::USB Host:HID HS::1.0:USB_HOST_1_0_RESTRICTED_HS
2025-11-15 13:07:11,910 [WARN] ModelIntegratedComponent:188 - Modes not found for component STMicroelectronics:USB_HOST:1.0.0:STMicroelectronics:USB::USB Host:HID HS::1.0:USB_HOST_1_0_RESTRICTED_HS
2025-11-15 13:07:11,910 [WARN] ModelIntegratedComponent:182 - Modes not found for component STMicroelectronics:USB_HOST:1.0.0:STMicroelectronics:USB::USB Host:MTP HS::1.0:USB_HOST_1_0_RESTRICTED_HS
2025-11-15 13:07:11,910 [WARN] ModelIntegratedComponent:188 - Modes not found for component STMicroelectronics:USB_HOST:1.0.0:STMicroelectronics:USB::USB Host:MTP HS::1.0:USB_HOST_1_0_RESTRICTED_HS
2025-11-15 13:07:11,919 [WARN] ModelIntegratedComponent:63 - No mode defined for component null
2025-11-15 13:07:11,920 [WARN] ModelIntegratedComponent:63 - No mode defined for component null
2025-11-15 13:07:11,920 [WARN] ModelIntegratedComponent:63 - No mode defined for component null
2025-11-15 13:07:11,920 [WARN] ModelIntegratedComponent:63 - No mode defined for component null
2025-11-15 13:07:11,920 [WARN] ModelIntegratedComponent:63 - No mode defined for component null
2025-11-15 13:07:11,920 [WARN] ModelIntegratedComponent:63 - No mode defined for component null
2025-11-15 13:07:11,920 [WARN] ModelIntegratedComponent:63 - No mode defined for component null
2025-11-15 13:07:11,920 [WARN] ModelIntegratedComponent:63 - No mode defined for component null
2025-11-15 13:07:11,920 [WARN] ModelIntegratedComponent:63 - No mode defined for component null
2025-11-15 13:07:11,920 [WARN] ModelIntegratedComponent:63 - No mode defined for component null
2025-11-15 13:07:11,920 [WARN] ModelIntegratedComponent:63 - No mode defined for component null
2025-11-15 13:07:11,920 [WARN] ModelIntegratedComponent:63 - No mode defined for component null
2025-11-15 13:07:11,920 [WARN] ModelIntegratedComponent:63 - No mode defined for component null
2025-11-15 13:07:11,921 [WARN] ModelIntegratedComponent:63 - No mode defined for component null
2025-11-15 13:07:11,921 [WARN] ModelIntegratedComponent:63 - No mode defined for component null
2025-11-15 13:07:11,921 [WARN] ModelIntegratedComponent:63 - No mode defined for component null
2025-11-15 13:07:11,921 [WARN] ModelIntegratedComponent:63 - No mode defined for component null
2025-11-15 13:07:11,921 [WARN] ModelIntegratedComponent:63 - No mode defined for component null
2025-11-15 13:07:11,921 [WARN] ModelIntegratedComponent:63 - No mode defined for component null
2025-11-15 13:07:11,921 [WARN] ModelIntegratedComponent:63 - No mode defined for component null
2025-11-15 13:07:11,921 [WARN] ModelIntegratedComponent:63 - No mode defined for component null
2025-11-15 13:07:11,921 [WARN] ModelIntegratedComponent:63 - No mode defined for component null
2025-11-15 13:07:11,921 [WARN] ModelIntegratedComponent:63 - No mode defined for component null
2025-11-15 13:07:11,921 [WARN] ModelIntegratedComponent:63 - No mode defined for component null
2025-11-15 13:07:11,921 [WARN] ModelIntegratedComponent:63 - No mode defined for component null
2025-11-15 13:07:11,921 [WARN] ModelIntegratedComponent:63 - No mode defined for component null
2025-11-15 13:07:11,921 [WARN] ModelIntegratedComponent:63 - No mode defined for component null
2025-11-15 13:07:11,921 [WARN] ModelIntegratedComponent:63 - No mode defined for component null
2025-11-15 13:07:11,921 [WARN] ModelIntegratedComponent:63 - No mode defined for component null
2025-11-15 13:07:11,922 [WARN] ModelIntegratedComponent:63 - No mode defined for component null
2025-11-15 13:07:11,922 [WARN] ModelIntegratedComponent:63 - No mode defined for component null
2025-11-15 13:07:11,922 [WARN] ModelIntegratedComponent:63 - No mode defined for component null
2025-11-15 13:07:11,922 [WARN] ModelIntegratedComponent:63 - No mode defined for component null
2025-11-15 13:07:11,922 [WARN] ModelIntegratedComponent:63 - No mode defined for component null
2025-11-15 13:07:11,922 [WARN] ModelIntegratedComponent:63 - No mode defined for component null
2025-11-15 13:07:11,922 [WARN] ModelPack:524 - Component already loaded: STMicroelectronics:HAL Drivers:0.0.0:STMicroelectronics:Device:STMicro_Driver:XSPI:HAL::0.0.1:HAL_XSPI
2025-11-15 13:07:12,033 [WARN] ModelIntegratedComponent:182 - Modes not found for component STMicroelectronics:USB_DEVICE:1.0.0:STMicroelectronics:USB::USB Device:Audio HS::1.0:USB_DEVICE_1_0_RESTRICTED_HS
2025-11-15 13:07:12,033 [WARN] ModelIntegratedComponent:188 - Modes not found for component STMicroelectronics:USB_DEVICE:1.0.0:STMicroelectronics:USB::USB Device:Audio HS::1.0:USB_DEVICE_1_0_RESTRICTED_HS
2025-11-15 13:07:12,033 [WARN] ModelIntegratedComponent:182 - Modes not found for component STMicroelectronics:USB_DEVICE:1.0.0:STMicroelectronics:USB::USB Device:CDC HS::1.0:USB_DEVICE_1_0_RESTRICTED_HS
2025-11-15 13:07:12,034 [WARN] ModelIntegratedComponent:188 - Modes not found for component STMicroelectronics:USB_DEVICE:1.0.0:STMicroelectronics:USB::USB Device:CDC HS::1.0:USB_DEVICE_1_0_RESTRICTED_HS
2025-11-15 13:07:12,034 [WARN] ModelIntegratedComponent:182 - Modes not found for component STMicroelectronics:USB_DEVICE:1.0.0:STMicroelectronics:USB::USB Device:DFU HS::1.0:USB_DEVICE_1_0_RESTRICTED_HS
2025-11-15 13:07:12,034 [WARN] ModelIntegratedComponent:188 - Modes not found for component STMicroelectronics:USB_DEVICE:1.0.0:STMicroelectronics:USB::USB Device:DFU HS::1.0:USB_DEVICE_1_0_RESTRICTED_HS
2025-11-15 13:07:12,034 [WARN] ModelIntegratedComponent:182 - Modes not found for component STMicroelectronics:USB_DEVICE:1.0.0:STMicroelectronics:USB::USB Device:HID HS::1.0:USB_DEVICE_1_0_RESTRICTED_HS
2025-11-15 13:07:12,034 [WARN] ModelIntegratedComponent:188 - Modes not found for component STMicroelectronics:USB_DEVICE:1.0.0:STMicroelectronics:USB::USB Device:HID HS::1.0:USB_DEVICE_1_0_RESTRICTED_HS
2025-11-15 13:07:12,034 [WARN] ModelIntegratedComponent:182 - Modes not found for component STMicroelectronics:USB_DEVICE:1.0.0:STMicroelectronics:USB::USB Device:Custom HID HS::1.0:USB_DEVICE_1_0_RESTRICTED_HS
2025-11-15 13:07:12,034 [WARN] ModelIntegratedComponent:188 - Modes not found for component STMicroelectronics:USB_DEVICE:1.0.0:STMicroelectronics:USB::USB Device:Custom HID HS::1.0:USB_DEVICE_1_0_RESTRICTED_HS
2025-11-15 13:07:12,034 [WARN] ModelIntegratedComponent:182 - Modes not found for component STMicroelectronics:USB_DEVICE:1.0.0:STMicroelectronics:USB::USB Device:MSC HS::1.0:USB_DEVICE_1_0_RESTRICTED_HS
2025-11-15 13:07:12,034 [WARN] ModelIntegratedComponent:188 - Modes not found for component STMicroelectronics:USB_DEVICE:1.0.0:STMicroelectronics:USB::USB Device:MSC HS::1.0:USB_DEVICE_1_0_RESTRICTED_HS
2025-11-15 13:07:12,050 [INFO] ThirdPartyModel:298 - Start build external matchings
2025-11-15 13:07:12,749 [INFO] ThirdPartyModel:316 - End build external matchings
2025-11-15 13:07:13,074 [INFO] UtilMem:75 - End LoadConfig() Used Memory: 906951064 Bytes (1073741824)
2025-11-15 13:07:13,099 [WARN] ThirdParty:833 - waiting for thirdparty lock release [change project]
2025-11-15 13:07:13,100 [INFO] ThirdParty:835 - entering critical section [change project]
2025-11-15 13:07:13,101 [INFO] ThirdParty:1030 - CMSIS Pack Vendor :STMicroelectronics X-CUBE-PM33A1 1.0.0
2025-11-15 13:07:13,101 [INFO] ThirdParty:1030 - CMSIS Pack Vendor :STMicroelectronics USBPD 4.1
2025-11-15 13:07:13,101 [INFO] ThirdParty:1030 - CMSIS Pack Vendor :STMicroelectronics X-CUBE-NFC9 1.0.0
2025-11-15 13:07:13,101 [INFO] ThirdParty:1030 - CMSIS Pack Vendor :STMicroelectronics USB_HOST 2.0.0
2025-11-15 13:07:13,101 [INFO] ThirdParty:1030 - CMSIS Pack Vendor :STMicroelectronics FP-SNS-MOTENVWB1 1.4.0
2025-11-15 13:07:13,101 [INFO] ThirdParty:1030 - CMSIS Pack Vendor :STMicroelectronics X-CUBE-AZRTOS-F4 1.1.0
2025-11-15 13:07:13,101 [INFO] ThirdParty:1030 - CMSIS Pack Vendor :STMicroelectronics LIBJPEG 8.0.0
2025-11-15 13:07:13,101 [INFO] ThirdParty:1030 - CMSIS Pack Vendor :STMicroelectronics FP-ATR-ASTRA1 2.0.2
2025-11-15 13:07:13,101 [INFO] ThirdParty:1030 - CMSIS Pack Vendor :wolfSSL I-CUBE-wolfSSL 5.8.2
2025-11-15 13:07:13,101 [INFO] ThirdParty:1030 - CMSIS Pack Vendor :STMicroelectronics X-CUBE-BLE1 7.1.0
2025-11-15 13:07:13,101 [INFO] ThirdParty:1030 - CMSIS Pack Vendor :STMicroelectronics X-CUBE-SMBUS 2.1.0
2025-11-15 13:07:13,102 [INFO] ThirdParty:1030 - CMSIS Pack Vendor :wolfSSL I-CUBE-wolfMQTT 1.19.2
2025-11-15 13:07:13,102 [INFO] ThirdParty:1030 - CMSIS Pack Vendor :STMicroelectronics USB_DEVICE 3.0.0
2025-11-15 13:07:13,102 [INFO] ThirdParty:1030 - CMSIS Pack Vendor :STMicroelectronics X-CUBE-ISPU 2.1.0
2025-11-15 13:07:13,102 [INFO] ThirdParty:1030 - CMSIS Pack Vendor :STMicroelectronics X-CUBE-EEPRMA1 5.2.0
2025-11-15 13:07:13,102 [INFO] ThirdParty:1030 - CMSIS Pack Vendor :STMicroelectronics X-CUBE-BLEMGR 4.1.0
2025-11-15 13:07:13,102 [INFO] ThirdParty:1030 - CMSIS Pack Vendor :STMicroelectronics X-CUBE-AZRTOS-WB 2.0.0
2025-11-15 13:07:13,102 [INFO] ThirdParty:1030 - CMSIS Pack Vendor :STMicroelectronics X-CUBE-ST60 1.0.0
2025-11-15 13:07:13,102 [INFO] ThirdParty:1030 - CMSIS Pack Vendor :STMicroelectronics X-CUBE-GNSS1 7.0.1
2025-11-15 13:07:13,102 [INFO] ThirdParty:1030 - CMSIS Pack Vendor :STMicroelectronics X-CUBE-NFC12 1.0.0
2025-11-15 13:07:13,102 [INFO] ThirdParty:1030 - CMSIS Pack Vendor :STMicroelectronics X-CUBE-AZRTOS-F7 1.1.0
2025-11-15 13:07:13,102 [INFO] ThirdParty:1030 - CMSIS Pack Vendor :STMicroelectronics X-CUBE-AZRTOS-L5 2.0.0
2025-11-15 13:07:13,102 [INFO] ThirdParty:1030 - CMSIS Pack Vendor :STMicroelectronics X-CUBE-TOUCHGFX 4.25.0
2025-11-15 13:07:13,103 [INFO] ThirdParty:1030 - CMSIS Pack Vendor :STMicroelectronics USB_DEVICE 2.0.0
2025-11-15 13:07:13,103 [INFO] ThirdParty:1030 - CMSIS Pack Vendor :STMicroelectronics X-CUBE-NFC6 3.1.0
2025-11-15 13:07:13,103 [INFO] ThirdParty:1030 - CMSIS Pack Vendor :STMicroelectronics X-CUBE-AI 10.1.0
2025-11-15 13:07:13,105 [INFO] ThirdParty:1030 - CMSIS Pack Vendor :STMicroelectronics FP-SNS-STBOX1 2.0.0
2025-11-15 13:07:13,106 [INFO] ThirdParty:1030 - CMSIS Pack Vendor :quantropi X-CUBE-qispace-sdk-base 2.1.0
2025-11-15 13:07:13,106 [INFO] ThirdParty:1030 - CMSIS Pack Vendor :STMicroelectronics FreeRTOS 0.0.1
2025-11-15 13:07:13,108 [INFO] ThirdParty:1030 - CMSIS Pack Vendor :STMicroelectronics X-CUBE-AZRTOS-G0 1.1.0
2025-11-15 13:07:13,108 [INFO] ThirdParty:1030 - CMSIS Pack Vendor :STMicroelectronics X-CUBE-SAFEA1 1.2.2
2025-11-15 13:07:13,108 [INFO] ThirdParty:1030 - CMSIS Pack Vendor :STMicroelectronics X-CUBE-NFC4 3.0.0
2025-11-15 13:07:13,108 [INFO] ThirdParty:1030 - CMSIS Pack Vendor :STMicroelectronics X-CUBE-SUBG2 5.0.0
2025-11-15 13:07:13,108 [INFO] ThirdParty:1030 - CMSIS Pack Vendor :STMicroelectronics X-CUBE-AZRTOS-H7RS 1.1.0
2025-11-15 13:07:13,108 [INFO] ThirdParty:1030 - CMSIS Pack Vendor :STMicroelectronics STM32_WPAN 1.0.0
2025-11-15 13:07:13,108 [INFO] ThirdParty:1030 - CMSIS Pack Vendor :EmbeddedOffice I-CUBE-FS-RTOS 1.0.1
2025-11-15 13:07:13,109 [INFO] ThirdParty:1030 - CMSIS Pack Vendor :STMicroelectronics lwIP 2.0.3
2025-11-15 13:07:13,109 [INFO] ThirdParty:1030 - CMSIS Pack Vendor :Cesanta I-CUBE-Mongoose 7.13.0
2025-11-15 13:07:13,109 [INFO] ThirdParty:1030 - CMSIS Pack Vendor :STMicroelectronics USB_HOST 1.0.0
2025-11-15 13:07:13,109 [INFO] ThirdParty:1030 - CMSIS Pack Vendor :Infineon AIROC-Wi-Fi-Bluetooth-STM32 1.7.1
2025-11-15 13:07:13,109 [INFO] ThirdParty:1030 - CMSIS Pack Vendor :STMicroelectronics X-CUBE-AZRTOS-G4 2.0.0
2025-11-15 13:07:13,109 [INFO] ThirdParty:1030 - CMSIS Pack Vendor :STMicroelectronics X-CUBE-WB05N 2.0.0
2025-11-15 13:07:13,109 [INFO] ThirdParty:1030 - CMSIS Pack Vendor :STMicroelectronics PDM2PCM 3.1.0
2025-11-15 13:07:13,109 [INFO] ThirdParty:1030 - CMSIS Pack Vendor :STMicroelectronics PDM2PCM 3.3.0
2025-11-15 13:07:13,109 [INFO] ThirdParty:1030 - CMSIS Pack Vendor :wolfSSL I-CUBE-wolfTPM 3.8.0
2025-11-15 13:07:13,109 [INFO] ThirdParty:1030 - CMSIS Pack Vendor :STMicroelectronics X-CUBE-AZRTOS-H7 3.4.0
2025-11-15 13:07:13,109 [INFO] ThirdParty:1030 - CMSIS Pack Vendor :STMicroelectronics X-CUBE-DISPLAY 3.0.0
2025-11-15 13:07:13,109 [INFO] ThirdParty:1030 - CMSIS Pack Vendor :wolfSSL I-CUBE-wolfSSH 1.4.20
2025-11-15 13:07:13,109 [INFO] ThirdParty:1030 - CMSIS Pack Vendor :STMicroelectronics X-CUBE-NFC7 2.0.0
2025-11-15 13:07:13,109 [INFO] ThirdParty:1030 - CMSIS Pack Vendor :STMicroelectronics X-CUBE-TCPP 4.2.0
2025-11-15 13:07:13,109 [INFO] ThirdParty:1030 - CMSIS Pack Vendor :RealThread X-CUBE-RT-Thread_Nano 4.1.1
2025-11-15 13:07:13,109 [INFO] ThirdParty:1030 - CMSIS Pack Vendor :STMicroelectronics FP-ATR-SIGFOX1 3.2.0
2025-11-15 13:07:13,109 [INFO] ThirdParty:1030 - CMSIS Pack Vendor :STMicroelectronics X-CUBE-NFC10 1.0.0
2025-11-15 13:07:13,110 [INFO] ThirdParty:1030 - CMSIS Pack Vendor :STMicroelectronics X-CUBE-FREERTOS 1.3.1
2025-11-15 13:07:13,110 [INFO] ThirdParty:1030 - CMSIS Pack Vendor :STMicroelectronics HAL Drivers 0.0.0
2025-11-15 13:07:13,110 [INFO] ThirdParty:1030 - CMSIS Pack Vendor :STMicroelectronics MBEDTLS 2.16.2
2025-11-15 13:07:13,110 [INFO] ThirdParty:1030 - CMSIS Pack Vendor :STMicroelectronics X-CUBE-ST60 1.1.0
2025-11-15 13:07:13,110 [INFO] ThirdParty:1030 - CMSIS Pack Vendor :STMicroelectronics X-CUBE-IPS 3.1.0
2025-11-15 13:07:13,110 [INFO] ThirdParty:1030 - CMSIS Pack Vendor :STMicroelectronics X-CUBE-ALS 1.0.2
2025-11-15 13:07:13,110 [INFO] ThirdParty:1030 - CMSIS Pack Vendor :emotas I-CUBE-CANOPEN 1.3.0
2025-11-15 13:07:13,110 [INFO] ThirdParty:1030 - CMSIS Pack Vendor :STMicroelectronics MBEDTLS 2.14.1
2025-11-15 13:07:13,110 [INFO] ThirdParty:1030 - CMSIS Pack Vendor :STMicroelectronics X-CUBE-GNSS1 7.1.0
2025-11-15 13:07:13,110 [INFO] ThirdParty:1030 - CMSIS Pack Vendor :ITTIA_DB I-CUBE-ITTIADB 8.9.0
2025-11-15 13:07:13,110 [INFO] ThirdParty:1030 - CMSIS Pack Vendor :STMicroelectronics X-CUBE-TOUCHGFX 4.26.0
2025-11-15 13:07:13,110 [INFO] ThirdParty:1030 - CMSIS Pack Vendor :STMicroelectronics X-CUBE-STSE01 1.0.0
2025-11-15 13:07:13,110 [INFO] ThirdParty:1030 - CMSIS Pack Vendor :portGmbH I-Cube-SoM-uGOAL 1.1.0
2025-11-15 13:07:13,110 [INFO] ThirdParty:1030 - CMSIS Pack Vendor :STMicroelectronics X-CUBE-ST67W61 1.0.0
2025-11-15 13:07:13,110 [INFO] ThirdParty:1030 - CMSIS Pack Vendor :STMicroelectronics X-CUBE-AI 10.2.0
2025-11-15 13:07:13,110 [INFO] ThirdParty:1030 - CMSIS Pack Vendor :STMicroelectronics FP-SNS-STAIOTCFT 1.0.0
2025-11-15 13:07:13,111 [INFO] ThirdParty:1030 - CMSIS Pack Vendor :STMicroelectronics ThreadX 1.0.0
2025-11-15 13:07:13,111 [INFO] ThirdParty:1030 - CMSIS Pack Vendor :STMicroelectronics FP-SNS-SMARTAG2 1.2.0
2025-11-15 13:07:13,111 [INFO] ThirdParty:1030 - CMSIS Pack Vendor :STMicroelectronics FP-SNS-FLIGHT1 5.1.0
2025-11-15 13:07:13,111 [INFO] ThirdParty:1030 - CMSIS Pack Vendor :STMicroelectronics X-CUBE-AZRTOS-WL 2.0.0
2025-11-15 13:07:13,111 [INFO] ThirdParty:1030 - CMSIS Pack Vendor :SEGGER I-CUBE-embOS 1.3.1
2025-11-15 13:07:13,111 [INFO] ThirdParty:1030 - CMSIS Pack Vendor :STMicroelectronics X-CUBE-ALGOBUILD 1.4.0
2025-11-15 13:07:13,111 [INFO] ThirdParty:1030 - CMSIS Pack Vendor :STMicroelectronics X-CUBE-DPower 1.3.0
2025-11-15 13:07:13,111 [INFO] ThirdParty:1030 - CMSIS Pack Vendor :STMicroelectronics X-CUBE-MEMS1 11.3.0
2025-11-15 13:07:13,111 [INFO] ThirdParty:1030 - CMSIS Pack Vendor :STMicroelectronics FP-SNS-MOTENV1 5.0.0
2025-11-15 13:07:13,111 [INFO] ThirdParty:1030 - CMSIS Pack Vendor :STMicroelectronics USB_DEVICE 1.0.0
2025-11-15 13:07:13,111 [INFO] ThirdParty:1030 - CMSIS Pack Vendor :STMicroelectronics X-CUBE-AZRTOS-L4 2.0.0
2025-11-15 13:07:13,111 [INFO] ThirdParty:1030 - CMSIS Pack Vendor :STMicroelectronics ThreadX 0.0.2
2025-11-15 13:07:13,111 [INFO] ThirdParty:1030 - CMSIS Pack Vendor :WES I-CUBE-Cesium 1.3.0
2025-11-15 13:07:13,111 [INFO] ThirdParty:1030 - CMSIS Pack Vendor :STMicroelectronics lwIP 2.1.2
2025-11-15 13:07:13,111 [INFO] ThirdParty:1030 - CMSIS Pack Vendor :STMicroelectronics X-CUBE-SFXS2LP1 4.0.0
2025-11-15 13:07:13,111 [INFO] ThirdParty:1030 - CMSIS Pack Vendor :STMicroelectronics X-CUBE-BLE2 3.3.0
2025-11-15 13:07:13,111 [INFO] ThirdParty:1030 - CMSIS Pack Vendor :STMicroelectronics X-CUBE-TOF1 3.4.3
2025-11-15 13:07:13,111 [INFO] ThirdParty:1030 - CMSIS Pack Vendor :STMicroelectronics PDM2PCM 3.2.0
2025-11-15 13:07:13,112 [INFO] ThirdParty:841 - exiting critical section [change project]
2025-11-15 13:07:13,470 [INFO] PinOutPanel:1589 - setPackage(No Configuration,No Configuration)
2025-11-15 13:07:13,471 [INFO] PinOutPanel:1589 - setPackage(STM32F411CEUx,UFQFPN48)
2025-11-15 13:07:13,896 [INFO] UtilMem:75 - Before build in PCC Used Memory: 632202432 Bytes (1073741824)
2025-11-15 13:07:14,237 [INFO] UtilMem:75 - After build in PCC Used Memory: 675716288 Bytes (1073741824)
2025-11-15 13:07:14,290 [INFO] IPUIPlugin:80 - create IPUIPlugin
2025-11-15 13:07:14,290 [INFO] IPUIPlugin:80 - create IPUIPlugin
2025-11-15 13:07:14,291 [INFO] IPUIPlugin:80 - create IPUIPlugin
2025-11-15 13:07:14,291 [INFO] IPUIPlugin:80 - create IPUIPlugin
2025-11-15 13:07:14,291 [INFO] IPUIPlugin:80 - create IPUIPlugin
2025-11-15 13:07:14,291 [INFO] IPUIPlugin:80 - create IPUIPlugin
2025-11-15 13:07:14,291 [INFO] IPUIPlugin:80 - create IPUIPlugin
2025-11-15 13:07:14,291 [INFO] IPUIPlugin:80 - create IPUIPlugin
2025-11-15 13:07:14,291 [INFO] IPUIPlugin:80 - create IPUIPlugin
2025-11-15 13:07:14,291 [INFO] IPUIPlugin:80 - create IPUIPlugin
2025-11-15 13:07:14,291 [INFO] IPUIPlugin:80 - create IPUIPlugin
2025-11-15 13:07:14,292 [INFO] IPUIPlugin:80 - create IPUIPlugin
2025-11-15 13:07:14,292 [INFO] IPUIPlugin:80 - create IPUIPlugin
2025-11-15 13:07:14,292 [INFO] IPUIPlugin:80 - create IPUIPlugin
2025-11-15 13:07:14,292 [INFO] IPUIPlugin:80 - create IPUIPlugin
2025-11-15 13:07:14,292 [INFO] IPUIPlugin:80 - create IPUIPlugin
2025-11-15 13:07:14,293 [INFO] IPUIPlugin:80 - create IPUIPlugin
2025-11-15 13:07:14,293 [INFO] IPUIPlugin:80 - create IPUIPlugin
2025-11-15 13:07:14,293 [INFO] IPUIPlugin:80 - create IPUIPlugin
2025-11-15 13:07:14,293 [INFO] IPUIPlugin:80 - create IPUIPlugin
2025-11-15 13:07:14,294 [INFO] IPUIPlugin:80 - create IPUIPlugin
2025-11-15 13:07:14,294 [INFO] IPUIPlugin:80 - create IPUIPlugin
2025-11-15 13:07:14,296 [INFO] IPUIPlugin:80 - create IPUIPlugin
2025-11-15 13:07:14,296 [INFO] IPUIPlugin:80 - create IPUIPlugin
2025-11-15 13:07:14,297 [INFO] IPUIPlugin:80 - create IPUIPlugin
2025-11-15 13:07:14,297 [INFO] IPUIPlugin:80 - create IPUIPlugin
2025-11-15 13:07:14,297 [INFO] IPUIPlugin:80 - create IPUIPlugin
2025-11-15 13:07:14,297 [INFO] IPUIPlugin:80 - create IPUIPlugin
2025-11-15 13:07:14,298 [INFO] IPUIPlugin:80 - create IPUIPlugin
2025-11-15 13:07:14,298 [INFO] IPUIPlugin:80 - create IPUIPlugin
2025-11-15 13:07:14,298 [INFO] IPUIPlugin:80 - create IPUIPlugin
2025-11-15 13:07:14,299 [INFO] IPUIPlugin:80 - create IPUIPlugin
2025-11-15 13:07:14,299 [INFO] IPUIPlugin:80 - create IPUIPlugin
2025-11-15 13:07:14,299 [INFO] IPUIPlugin:80 - create IPUIPlugin
2025-11-15 13:07:14,299 [INFO] IPUIPlugin:80 - create IPUIPlugin
2025-11-15 13:07:14,300 [INFO] IPUIPlugin:80 - create IPUIPlugin
2025-11-15 13:07:14,300 [INFO] IPUIPlugin:80 - create IPUIPlugin
2025-11-15 13:07:14,300 [INFO] IPUIPlugin:80 - create IPUIPlugin
2025-11-15 13:07:14,301 [INFO] IPUIPlugin:80 - create IPUIPlugin
2025-11-15 13:07:14,301 [INFO] IPUIPlugin:80 - create IPUIPlugin
2025-11-15 13:07:14,302 [INFO] IPUIPlugin:80 - create IPUIPlugin
2025-11-15 13:07:14,302 [INFO] IPUIPlugin:80 - create IPUIPlugin
2025-11-15 13:07:14,303 [INFO] IPUIPlugin:80 - create IPUIPlugin
2025-11-15 13:07:14,380 [INFO] ApiDbMcu:508 - Load IP Config File for PDM2PCM
2025-11-15 13:07:14,450 [INFO] CADModel:165 - CPN selected for project levelSTM32F411CEU6
2025-11-15 13:07:14,451 [INFO] CADModel:114 - Register for checkConnection events
2025-11-15 13:07:14,518 [INFO] OpenFileManager:385 - Restore cursor
2025-11-15 13:07:15,152 [INFO] UtilMem:75 - End SaveConfig() Used Memory: 752788672 Bytes (1073741824)
2025-11-15 13:07:15,250 [INFO] UtilMem:75 - End SaveConfig() Used Memory: 767990976 Bytes (1073741824)
2025-11-15 13:07:16,299 [INFO] BlockDiagram:2775 - set Specific Code input for plugin: NVIC
2025-11-15 13:07:16,300 [INFO] BlockDiagram:2775 - set Specific Code input for plugin: RCC
2025-11-15 13:07:16,301 [INFO] CodeGenerator:882 - code generatio: config db path: C:\ST\STM32CubeIDE_1.18.0\STM32CubeIDE\plugins\com.st.stm32cube.common.mx_6.14.0.202502271554\\db\
2025-11-15 13:07:16,501 [INFO] CodeEngine:263 - oldGeneratedFile, D:\Bootloader_Course\power_suppply_black_pill\MXTmpFiles\license.tmp_save
2025-11-15 13:07:17,051 [INFO] CodeEngine:287 - Generated code: D:\Bootloader_Course\power_suppply_black_pill\MXTmpFiles\license.tmp
2025-11-15 13:07:17,068 [INFO] CodeEngine:263 - oldGeneratedFile, D:\Bootloader_Course\power_suppply_black_pill\Core\Src\stm32f4xx_it.c_save
2025-11-15 13:07:17,316 [INFO] CodeEngine:287 - Generated code: D:\Bootloader_Course\power_suppply_black_pill\Core\Src\stm32f4xx_it.c
2025-11-15 13:07:17,321 [INFO] CodeEngine:263 - oldGeneratedFile, D:\Bootloader_Course\power_suppply_black_pill\Core\Inc\stm32f4xx_it.h_save
2025-11-15 13:07:17,499 [INFO] CodeEngine:287 - Generated code: D:\Bootloader_Course\power_suppply_black_pill\Core\Inc\stm32f4xx_it.h
2025-11-15 13:07:17,599 [INFO] CodeEngine:263 - oldGeneratedFile, D:\Bootloader_Course\power_suppply_black_pill\Core\Src\stm32f4xx_hal_msp.c_save
2025-11-15 13:07:17,815 [INFO] CodeEngine:287 - Generated code: D:\Bootloader_Course\power_suppply_black_pill\Core\Src\stm32f4xx_hal_msp.c
2025-11-15 13:07:17,820 [INFO] CodeEngine:263 - oldGeneratedFile, D:\Bootloader_Course\power_suppply_black_pill\MXTmpFiles\system.tmp_save
2025-11-15 13:07:17,955 [INFO] CodeEngine:287 - Generated code: D:\Bootloader_Course\power_suppply_black_pill\MXTmpFiles\system.tmp
2025-11-15 13:07:17,967 [INFO] CodeEngine:319 - oldGeneratedFile, D:\Bootloader_Course\power_suppply_black_pill\Core\Inc\stm32f4xx_hal_conf.h_save
2025-11-15 13:07:18,121 [INFO] CodeEngine:343 - Generated code: D:\Bootloader_Course\power_suppply_black_pill\Core\Inc\stm32f4xx_hal_conf.h
2025-11-15 13:07:18,175 [INFO] ApiDbMcu:508 - Load IP Config File for RCC
2025-11-15 13:07:18,188 [INFO] CodeEngine:263 - oldGeneratedFile, D:\Bootloader_Course\power_suppply_black_pill\Core\Inc\main.h_save
2025-11-15 13:07:18,348 [INFO] CodeEngine:287 - Generated code: D:\Bootloader_Course\power_suppply_black_pill\Core\Inc\main.h
2025-11-15 13:07:18,355 [INFO] CodeEngine:263 - oldGeneratedFile, D:\Bootloader_Course\power_suppply_black_pill\Core\Src\main.c_save
2025-11-15 13:07:18,546 [INFO] CodeEngine:287 - Generated code: D:\Bootloader_Course\power_suppply_black_pill\Core\Src\main.c
2025-11-15 13:07:19,288 [INFO] ProjectBuilder:3324 - Time for Copy HAL[1] : 272mS.
2025-11-15 13:07:19,300 [INFO] ProjectBuilder:4912 - Project Generator version: 4.6.0-B36
2025-11-15 13:07:19,443 [INFO] ConfigFileManager:1590 - The Die is : DIE431
2025-11-15 13:07:19,456 [INFO] ApiDbMcu:508 - Load IP Config File for FATFS
2025-11-15 13:07:19,466 [INFO] ApiDbMcu:508 - Load IP Config File for FREERTOS
2025-11-15 13:07:19,471 [INFO] ApiDbMcu:508 - Load IP Config File for LIBJPEG
2025-11-15 13:07:19,483 [INFO] ApiDbMcu:508 - Load IP Config File for MBEDTLS
2025-11-15 13:07:19,496 [INFO] ApiDbMcu:508 - Load IP Config File for USB_DEVICE
2025-11-15 13:07:19,505 [INFO] ApiDbMcu:508 - Load IP Config File for USB_HOST
2025-11-15 13:07:20,112 [INFO] LogOutputStream:77 - [STDOUT_REDIRECT] 
2025-11-15 13:07:22,892 [INFO] ProjectBuilder:5191 - Time for Generating toolchain IDE Files: 3592mS.
2025-11-15 13:07:22,893 [INFO] ProjectBuilder:3181 - Time for Copy CMSIS : 0mS.
2025-11-15 13:07:22,895 [INFO] ProjectBuilder:3181 - Time for Copy CMSIS : 0mS.
2025-11-15 13:07:24,691 [INFO] McuFinderGlobals:76 - Set McuFinderConnectedMode to true
2025-11-15 13:07:24,698 [INFO] ApiDb:448 - Save user favorites file C:\Users\user/.stm32cubeide/favorites.mcus.txt: 0 item(s)
2025-11-15 13:07:24,698 [INFO] ApiDb:452 - User favorites MCUs=[]
2025-11-15 13:07:48,560 [WARN] IP:2250 - I2C_Coeff_DF not found: check if there is a RefParameter without a condition.
2025-11-15 13:07:48,560 [WARN] IP:2250 - Analog_Filter not found: check if there is a RefParameter without a condition.
2025-11-15 13:07:48,561 [WARN] IP:2250 - I2C_Coeff_DF not found: check if there is a RefParameter without a condition.
2025-11-15 13:07:48,561 [WARN] IP:2250 - Analog_Filter not found: check if there is a RefParameter without a condition.
2025-11-15 13:07:48,562 [WARN] IP:2250 - I2C_Coeff_DF not found: check if there is a RefParameter without a condition.
2025-11-15 13:07:48,562 [WARN] IP:2250 - Analog_Filter not found: check if there is a RefParameter without a condition.
2025-11-15 13:07:48,772 [WARN] IP:2250 - I2C_Coeff_DF not found: check if there is a RefParameter without a condition.
2025-11-15 13:07:48,773 [WARN] IP:2250 - Analog_Filter not found: check if there is a RefParameter without a condition.
2025-11-15 13:07:48,777 [WARN] IP:2250 - I2C_Coeff_DF not found: check if there is a RefParameter without a condition.
2025-11-15 13:07:48,777 [WARN] IP:2250 - Analog_Filter not found: check if there is a RefParameter without a condition.
2025-11-15 13:07:49,007 [WARN] IP:2250 - I2C_Coeff_DF not found: check if there is a RefParameter without a condition.
2025-11-15 13:07:49,007 [WARN] IP:2250 - Analog_Filter not found: check if there is a RefParameter without a condition.
2025-11-15 13:07:49,007 [WARN] IP:2250 - I2C_Coeff_DF not found: check if there is a RefParameter without a condition.
2025-11-15 13:07:49,008 [WARN] IP:2250 - Analog_Filter not found: check if there is a RefParameter without a condition.
2025-11-15 13:07:49,152 [WARN] IP:2250 - I2C_Coeff_DF not found: check if there is a RefParameter without a condition.
2025-11-15 13:07:49,152 [WARN] IP:2250 - Analog_Filter not found: check if there is a RefParameter without a condition.
2025-11-15 13:07:52,860 [WARN] IP:2250 - I2C_Coeff_DF not found: check if there is a RefParameter without a condition.
2025-11-15 13:07:52,860 [WARN] IP:2250 - Analog_Filter not found: check if there is a RefParameter without a condition.
2025-11-15 13:07:52,885 [WARN] IP:2250 - I2C_Coeff_DF not found: check if there is a RefParameter without a condition.
2025-11-15 13:07:52,885 [WARN] IP:2250 - Analog_Filter not found: check if there is a RefParameter without a condition.
2025-11-15 13:07:52,886 [WARN] IP:2250 - I2C_Coeff_DF not found: check if there is a RefParameter without a condition.
2025-11-15 13:07:52,886 [WARN] IP:2250 - Analog_Filter not found: check if there is a RefParameter without a condition.
2025-11-15 13:07:52,959 [WARN] IP:2250 - I2C_Coeff_DF not found: check if there is a RefParameter without a condition.
2025-11-15 13:07:52,960 [WARN] IP:2250 - Analog_Filter not found: check if there is a RefParameter without a condition.
2025-11-15 13:07:52,961 [WARN] IP:2250 - I2C_Coeff_DF not found: check if there is a RefParameter without a condition.
2025-11-15 13:07:52,962 [WARN] IP:2250 - Analog_Filter not found: check if there is a RefParameter without a condition.
2025-11-15 13:09:17,227 [INFO] UtilMem:75 - End SaveConfig() Used Memory: 907679192 Bytes (1073741824)
2025-11-15 13:09:18,584 [INFO] UtilMem:75 - End SaveConfig() Used Memory: 928395776 Bytes (1073741824)
2025-11-15 13:09:21,044 [INFO] UtilMem:75 - End SaveConfig() Used Memory: 1007293912 Bytes (1073741824)
2025-11-15 13:09:21,430 [INFO] BlockDiagram:2775 - set Specific Code input for plugin: NVIC
2025-11-15 13:09:21,430 [INFO] BlockDiagram:2775 - set Specific Code input for plugin: SYS
2025-11-15 13:09:21,431 [INFO] BlockDiagram:2775 - set Specific Code input for plugin: GPIO
2025-11-15 13:09:21,431 [INFO] BlockDiagram:2775 - set Specific Code input for plugin: RCC
2025-11-15 13:09:21,431 [INFO] BlockDiagram:2775 - set Specific Code input for plugin: I2C
2025-11-15 13:09:21,431 [INFO] BlockDiagram:2775 - set Specific Code input for plugin: I2C
2025-11-15 13:09:21,432 [INFO] CodeGenerator:882 - code generatio: config db path: C:\ST\STM32CubeIDE_1.18.0\STM32CubeIDE\plugins\com.st.stm32cube.common.mx_6.14.0.202502271554\\db\
2025-11-15 13:09:21,433 [WARN] IP:2250 - I2C_Coeff_DF not found: check if there is a RefParameter without a condition.
2025-11-15 13:09:21,433 [WARN] IP:2250 - Analog_Filter not found: check if there is a RefParameter without a condition.
2025-11-15 13:09:21,435 [WARN] IP:2250 - I2C_Coeff_DF not found: check if there is a RefParameter without a condition.
2025-11-15 13:09:21,435 [WARN] IP:2250 - Analog_Filter not found: check if there is a RefParameter without a condition.
2025-11-15 13:09:21,572 [INFO] CodeEngine:263 - oldGeneratedFile, D:\Bootloader_Course\power_suppply_black_pill\MXTmpFiles\license.tmp_save
2025-11-15 13:09:21,692 [INFO] CodeEngine:287 - Generated code: D:\Bootloader_Course\power_suppply_black_pill\MXTmpFiles\license.tmp
2025-11-15 13:09:21,748 [INFO] CodeEngine:263 - oldGeneratedFile, D:\Bootloader_Course\power_suppply_black_pill\MXTmpFiles\gpio.tmp_save
2025-11-15 13:09:21,910 [INFO] CodeEngine:287 - Generated code: D:\Bootloader_Course\power_suppply_black_pill\MXTmpFiles\gpio.tmp
2025-11-15 13:09:22,013 [INFO] CodeEngine:263 - oldGeneratedFile, D:\Bootloader_Course\power_suppply_black_pill\Core\Src\stm32f4xx_it.c_save
2025-11-15 13:09:22,138 [INFO] CodeEngine:287 - Generated code: D:\Bootloader_Course\power_suppply_black_pill\Core\Src\stm32f4xx_it.c
2025-11-15 13:09:22,144 [INFO] CodeEngine:263 - oldGeneratedFile, D:\Bootloader_Course\power_suppply_black_pill\Core\Inc\stm32f4xx_it.h_save
2025-11-15 13:09:22,248 [INFO] CodeEngine:287 - Generated code: D:\Bootloader_Course\power_suppply_black_pill\Core\Inc\stm32f4xx_it.h
2025-11-15 13:09:22,262 [INFO] CodeEngine:263 - oldGeneratedFile, D:\Bootloader_Course\power_suppply_black_pill\Core\Src\stm32f4xx_hal_msp.c_save
2025-11-15 13:09:22,439 [INFO] CodeEngine:287 - Generated code: D:\Bootloader_Course\power_suppply_black_pill\Core\Src\stm32f4xx_hal_msp.c
2025-11-15 13:09:22,443 [INFO] CodeEngine:263 - oldGeneratedFile, D:\Bootloader_Course\power_suppply_black_pill\MXTmpFiles\system.tmp_save
2025-11-15 13:09:22,540 [INFO] CodeEngine:287 - Generated code: D:\Bootloader_Course\power_suppply_black_pill\MXTmpFiles\system.tmp
2025-11-15 13:09:22,547 [INFO] CodeEngine:319 - oldGeneratedFile, D:\Bootloader_Course\power_suppply_black_pill\Core\Inc\stm32f4xx_hal_conf.h_save
2025-11-15 13:09:22,674 [INFO] CodeEngine:343 - Generated code: D:\Bootloader_Course\power_suppply_black_pill\Core\Inc\stm32f4xx_hal_conf.h
2025-11-15 13:09:22,704 [INFO] ApiDbMcu:508 - Load IP Config File for I2C1
2025-11-15 13:09:22,709 [INFO] ApiDbMcu:508 - Load IP Config File for I2C2
2025-11-15 13:09:22,720 [INFO] CodeEngine:263 - oldGeneratedFile, D:\Bootloader_Course\power_suppply_black_pill\Core\Inc\main.h_save
2025-11-15 13:09:22,841 [INFO] CodeEngine:287 - Generated code: D:\Bootloader_Course\power_suppply_black_pill\Core\Inc\main.h
2025-11-15 13:09:22,845 [INFO] CodeEngine:263 - oldGeneratedFile, D:\Bootloader_Course\power_suppply_black_pill\Core\Src\main.c_save
2025-11-15 13:09:22,998 [INFO] CodeEngine:287 - Generated code: D:\Bootloader_Course\power_suppply_black_pill\Core\Src\main.c
2025-11-15 13:09:23,371 [INFO] ProjectBuilder:3324 - Time for Copy HAL[1] : 140mS.
2025-11-15 13:09:23,374 [INFO] ProjectBuilder:4912 - Project Generator version: 4.6.0-B36
2025-11-15 13:09:23,515 [INFO] ConfigFileManager:1590 - The Die is : DIE431
2025-11-15 13:09:25,031 [INFO] ProjectBuilder:5191 - Time for Generating toolchain IDE Files: 1657mS.
2025-11-15 13:09:25,032 [INFO] ProjectBuilder:3181 - Time for Copy CMSIS : 0mS.
2025-11-15 13:09:25,034 [INFO] ProjectBuilder:3181 - Time for Copy CMSIS : 0mS.
2025-11-15 13:12:40,767 [ERROR] LogOutputStream:75 - [STDERR_REDIRECT] 
2025-11-15 13:12:40,773 [ERROR] LogOutputStream:75 - [STDERR_REDIRECT] 
2025-11-15 17:41:13,094 [INFO] Activator:176 - 


2025-11-15 17:41:13,097 [INFO] Activator:177 - !SESSION log4j initialized
2025-11-15 17:41:20,713 [INFO] LogOutputStream:77 - [STDOUT_REDIRECT] 
2025-11-15 17:41:22,872 [INFO] ApplicationProperties:184 - Using Application install path: C:\ST\STM32CubeIDE_1.18.0\STM32CubeIDE\plugins\com.st.stm32cube.common.mx_6.14.0.202502271554
2025-11-15 17:41:22,896 [INFO] DbMcusXml:78 - Set database path to: C:\ST\STM32CubeIDE_1.18.0\STM32CubeIDE\plugins\com.st.stm32cube.common.mx_6.14.0.202502271554\\db\/mcu/
2025-11-15 17:41:22,896 [INFO] ApiDb:274 - Set plugin database path to: C:\ST\STM32CubeIDE_1.18.0\STM32CubeIDE\plugins\com.st.stm32cube.common.mx_6.14.0.202502271554\\db\/plugins/boardmanager/
2025-11-15 17:41:22,896 [WARN] ApiDb:259 - Overriding images path with different value:  => C:\ST\STM32CubeIDE_1.18.0\STM32CubeIDE\plugins\com.st.stm32cube.common.mx_6.14.0.202502271554\\db\/plugins/mcufinder/images/
2025-11-15 17:41:22,911 [INFO] ApiDb:250 - Set database path to: C:\Users\user\.stmcufinder\plugins\mcufinder//mcu/
2025-11-15 17:41:22,912 [INFO] DbMcusAds:125 - Set database path to: C:\Users\user\.stmcufinder\plugins\mcufinder//mcu/
2025-11-15 17:41:22,917 [INFO] CrossReferenceDbSqlite:203 - Set database path to: C:\Users\user\.stmcufinder\plugins\mcufinder//mcu/cs/
2025-11-15 17:41:23,086 [INFO] RulesReader:64 - Compatibility file has been processed (301 Rules)
2025-11-15 17:41:23,198 [INFO] DbMcusXml:78 - Set database path to: C:\ST\STM32CubeIDE_1.18.0\STM32CubeIDE\plugins\com.st.stm32cube.common.mx_6.14.0.202502271554\\db\/mcu/
2025-11-15 17:41:23,198 [INFO] ApiDb:274 - Set plugin database path to: C:\ST\STM32CubeIDE_1.18.0\STM32CubeIDE\plugins\com.st.stm32cube.common.mx_6.14.0.202502271554\\db\/plugins/boardmanager/
2025-11-15 17:41:23,198 [INFO] ApiDb:261 - Set plugin images path to: C:\ST\STM32CubeIDE_1.18.0\STM32CubeIDE\plugins\com.st.stm32cube.common.mx_6.14.0.202502271554\\db\/plugins/mcufinder/images/
2025-11-15 17:41:23,198 [WARN] DbFile:41 - Overriding database path with different value: C:\Users\user\.stmcufinder\plugins\mcufinder/ => C:\Users\user\.stmcufinder\plugins\mcufinder
2025-11-15 17:41:23,199 [INFO] ApiDb:250 - Set database path to: C:\Users\user\.stmcufinder\plugins\mcufinder//mcu/
2025-11-15 17:41:23,199 [WARN] DbFile:41 - Overriding database path with different value: C:\Users\user\.stmcufinder\plugins\mcufinder/ => C:\Users\user\.stmcufinder\plugins\mcufinder
2025-11-15 17:41:23,199 [INFO] DbMcusAds:125 - Set database path to: C:\Users\user\.stmcufinder\plugins\mcufinder//mcu/
2025-11-15 17:41:23,199 [WARN] DbFile:41 - Overriding database path with different value: C:\Users\user\.stmcufinder\plugins\mcufinder/ => C:\Users\user\.stmcufinder\plugins\mcufinder
2025-11-15 17:41:23,199 [WARN] DbFile:41 - Overriding database path with different value: C:\Users\user\.stmcufinder\plugins\mcufinder/ => C:\Users\user\.stmcufinder\plugins\mcufinder
2025-11-15 17:41:23,199 [INFO] CrossReferenceDbSqlite:203 - Set database path to: C:\Users\user\.stmcufinder\plugins\mcufinder//mcu/cs/
2025-11-15 17:41:23,317 [INFO] MainPanel:272 - HeapMemory: 268435456
2025-11-15 17:41:23,547 [INFO] DbMcusXml:78 - Set database path to: C:\ST\STM32CubeIDE_1.18.0\STM32CubeIDE\plugins\com.st.stm32cube.common.mx_6.14.0.202502271554\\db\/mcu/
2025-11-15 17:41:23,547 [INFO] ApiDb:274 - Set plugin database path to: C:\ST\STM32CubeIDE_1.18.0\STM32CubeIDE\plugins\com.st.stm32cube.common.mx_6.14.0.202502271554\\db\/plugins/boardmanager/
2025-11-15 17:41:23,547 [INFO] ApiDb:261 - Set plugin images path to: C:\ST\STM32CubeIDE_1.18.0\STM32CubeIDE\plugins\com.st.stm32cube.common.mx_6.14.0.202502271554\\db\/plugins/mcufinder/images/
2025-11-15 17:41:23,548 [WARN] DbFile:41 - Overriding database path with different value: C:\Users\user\.stmcufinder\plugins\mcufinder/ => C:\Users\user\.stmcufinder\plugins\mcufinder
2025-11-15 17:41:23,548 [INFO] ApiDb:250 - Set database path to: C:\Users\user\.stmcufinder\plugins\mcufinder//mcu/
2025-11-15 17:41:23,548 [WARN] DbFile:41 - Overriding database path with different value: C:\Users\user\.stmcufinder\plugins\mcufinder/ => C:\Users\user\.stmcufinder\plugins\mcufinder
2025-11-15 17:41:23,548 [INFO] DbMcusAds:125 - Set database path to: C:\Users\user\.stmcufinder\plugins\mcufinder//mcu/
2025-11-15 17:41:23,548 [WARN] DbFile:41 - Overriding database path with different value: C:\Users\user\.stmcufinder\plugins\mcufinder/ => C:\Users\user\.stmcufinder\plugins\mcufinder
2025-11-15 17:41:23,548 [WARN] DbFile:41 - Overriding database path with different value: C:\Users\user\.stmcufinder\plugins\mcufinder/ => C:\Users\user\.stmcufinder\plugins\mcufinder
2025-11-15 17:41:23,548 [INFO] CrossReferenceDbSqlite:203 - Set database path to: C:\Users\user\.stmcufinder\plugins\mcufinder//mcu/cs/
2025-11-15 17:41:23,585 [INFO] ApplicationProperties:184 - Using Application install path: C:\ST\STM32CubeIDE_1.18.0\STM32CubeIDE\plugins\com.st.stm32cube.common.mx_6.14.0.202502271554
2025-11-15 17:41:23,589 [INFO] PluginManage:196 - Search for loadable plugins [exclusion list=, ]
2025-11-15 17:41:23,592 [INFO] PluginManage:310 - Check plugin analytics
2025-11-15 17:41:23,871 [INFO] AnalyticsPlugin:253 - Accepted Software Licenses: 
2025-11-15 17:41:23,871 [INFO] AnalyticsPlugin:255 - Accepted CMSIS Pack Licenses: 
2025-11-15 17:41:23,871 [INFO] AnalyticsPlugin:257 - Accepted Firmware Licenses: FW.F4.1.28.0,FW.G0.1.6.0
2025-11-15 17:41:23,876 [INFO] PluginManage:359 - Loaded plugin analytics (category:tool,tabindex:-1)
2025-11-15 17:41:23,877 [INFO] PluginManage:310 - Check plugin cadmodel
2025-11-15 17:41:23,886 [INFO] CADModel:105 - Init CAD model plugin
2025-11-15 17:41:23,887 [INFO] PluginManage:359 - Loaded plugin cadmodel (category:power,tabindex:5)
2025-11-15 17:41:23,887 [INFO] PluginManage:310 - Check plugin clock
2025-11-15 17:41:23,899 [INFO] PluginManage:359 - Loaded plugin clock (category:base,tabindex:2)
2025-11-15 17:41:23,899 [INFO] PluginManage:310 - Check plugin ddr
2025-11-15 17:41:23,903 [INFO] PluginManage:359 - Loaded plugin ddr (category:tool,tabindex:6)
2025-11-15 17:41:23,903 [INFO] PluginManage:310 - Check plugin filemanager
2025-11-15 17:41:24,081 [INFO] PluginManage:359 - Loaded plugin filemanager (category:base,tabindex:10)
2025-11-15 17:41:24,082 [INFO] PluginManage:310 - Check plugin ipmanager
2025-11-15 17:41:24,089 [INFO] PluginManage:359 - Loaded plugin ipmanager (category:base,tabindex:5)
2025-11-15 17:41:24,090 [INFO] PluginManage:310 - Check plugin lpbam
2025-11-15 17:41:24,102 [INFO] PluginManage:359 - Loaded plugin lpbam (category:base,tabindex:0)
2025-11-15 17:41:24,102 [INFO] PluginManage:310 - Check plugin memorymap
2025-11-15 17:41:24,124 [INFO] PluginManage:359 - Loaded plugin memorymap (category:base,tabindex:4)
2025-11-15 17:41:24,124 [INFO] PluginManage:310 - Check plugin pinoutandconfiguration
2025-11-15 17:41:24,133 [INFO] PluginManage:359 - Loaded plugin pinoutandconfiguration (category:base,tabindex:1)
2025-11-15 17:41:24,133 [INFO] PluginManage:310 - Check plugin pinoutconfig
2025-11-15 17:41:24,263 [WARN] SupportedApi:132 - Cannot load RTOS API schema: s4s-elt-must-match.1: The content of 'definitions' must match (annotation?, (simpleType | complexType)?, (unique | key | keyref)*)). A problem was found starting at: attribute.
2025-11-15 17:41:24,466 [INFO] PluginManage:359 - Loaded plugin pinoutconfig (category:base,tabindex:0)
2025-11-15 17:41:24,466 [INFO] PluginManage:310 - Check plugin power
2025-11-15 17:41:24,480 [INFO] PluginManage:359 - Loaded plugin power (category:power,tabindex:4)
2025-11-15 17:41:24,480 [INFO] PluginManage:310 - Check plugin projectmanager
2025-11-15 17:41:24,506 [INFO] PluginManage:359 - Loaded plugin projectmanager (category:projectmanager,tabindex:4)
2025-11-15 17:41:24,507 [INFO] PluginManage:310 - Check plugin rif
2025-11-15 17:41:24,517 [INFO] PluginManage:359 - Loaded plugin rif (category:base,tabindex:3)
2025-11-15 17:41:24,517 [INFO] PluginManage:310 - Check plugin thirdparty
2025-11-15 17:41:24,746 [INFO] PluginManage:359 - Loaded plugin thirdparty (category:base,tabindex:-1)
2025-11-15 17:41:24,747 [INFO] PluginManage:310 - Check plugin tools
2025-11-15 17:41:24,747 [WARN] IntegrityCheckThread:84 - waiting for thirdparty lock release [integrity check]
2025-11-15 17:41:24,748 [INFO] IntegrityCheckThread:86 - entering critical section [integrity check]
2025-11-15 17:41:24,749 [INFO] ThirdPartyUpdaterWithRetryManager:70 - Updater plugin not ready yet. [1/15]
2025-11-15 17:41:24,752 [INFO] PluginManage:359 - Loaded plugin tools (category:base,tabindex:7)
2025-11-15 17:41:24,752 [INFO] PluginManage:310 - Check plugin tutovideos
2025-11-15 17:41:25,004 [INFO] PluginManage:359 - Loaded plugin tutovideos (category:base,tabindex:-1)
2025-11-15 17:41:25,004 [INFO] PluginManage:310 - Check plugin updater
2025-11-15 17:41:25,040 [INFO] PluginManage:359 - Loaded plugin updater (category:base,tabindex:12)
2025-11-15 17:41:25,040 [INFO] PluginManage:310 - Check plugin userauth
2025-11-15 17:41:25,047 [INFO] UserAuth:118 - Init User Auth plugin
2025-11-15 17:41:25,049 [INFO] PluginManage:359 - Loaded plugin userauth (category:base,tabindex:14)
2025-11-15 17:41:25,049 [INFO] PluginManage:283 - PluginManage : Loaded plugins [18]
2025-11-15 17:41:25,387 [INFO] PinOutPanel:1589 - setPackage(No Configuration,No Configuration)
2025-11-15 17:41:25,516 [INFO] CADModel:165 - CPN selected for project level
2025-11-15 17:41:25,516 [INFO] CADModel:114 - Register for checkConnection events
2025-11-15 17:41:25,544 [INFO] IPUIPlugin:80 - create IPUIPlugin
2025-11-15 17:41:25,544 [INFO] PluginManager:220 - loadIPPluginJar : add adc
2025-11-15 17:41:25,549 [INFO] IPUIPlugin:80 - create IPUIPlugin
2025-11-15 17:41:25,550 [INFO] PluginManager:220 - loadIPPluginJar : add aes
2025-11-15 17:41:25,554 [INFO] IPUIPlugin:80 - create IPUIPlugin
2025-11-15 17:41:25,554 [INFO] PluginManager:220 - loadIPPluginJar : add can
2025-11-15 17:41:25,560 [INFO] IPUIPlugin:80 - create IPUIPlugin
2025-11-15 17:41:25,560 [INFO] PluginManager:220 - loadIPPluginJar : add comp
2025-11-15 17:41:25,564 [INFO] IPUIPlugin:80 - create IPUIPlugin
2025-11-15 17:41:25,564 [INFO] PluginManager:220 - loadIPPluginJar : add cryp
2025-11-15 17:41:25,570 [INFO] IPUIPlugin:80 - create IPUIPlugin
2025-11-15 17:41:25,570 [INFO] PluginManager:220 - loadIPPluginJar : add ddr_ctrl_phy
2025-11-15 17:41:25,577 [INFO] IPUIPlugin:80 - create IPUIPlugin
2025-11-15 17:41:25,577 [INFO] PluginManager:220 - loadIPPluginJar : add dfsdm
2025-11-15 17:41:25,585 [INFO] IPUIPlugin:80 - create IPUIPlugin
2025-11-15 17:41:25,589 [INFO] PluginManager:220 - loadIPPluginJar : add dma
2025-11-15 17:41:25,598 [INFO] IPUIPlugin:80 - create IPUIPlugin
2025-11-15 17:41:25,599 [INFO] PluginManager:220 - loadIPPluginJar : add dma3
2025-11-15 17:41:25,603 [INFO] IPUIPlugin:80 - create IPUIPlugin
2025-11-15 17:41:25,603 [INFO] PluginManager:220 - loadIPPluginJar : add extmemmanager
2025-11-15 17:41:25,608 [INFO] IPUIPlugin:80 - create IPUIPlugin
2025-11-15 17:41:25,608 [INFO] PluginManager:220 - loadIPPluginJar : add fatfs
2025-11-15 17:41:25,615 [INFO] IPUIPlugin:80 - create IPUIPlugin
2025-11-15 17:41:25,616 [INFO] PluginManager:220 - loadIPPluginJar : add fmc
2025-11-15 17:41:25,626 [INFO] IPUIPlugin:80 - create IPUIPlugin
2025-11-15 17:41:25,626 [INFO] PluginManager:220 - loadIPPluginJar : add freertos
2025-11-15 17:41:25,629 [INFO] IPUIPlugin:80 - create IPUIPlugin
2025-11-15 17:41:25,629 [INFO] PluginManager:220 - loadIPPluginJar : add genericplugin
2025-11-15 17:41:25,632 [INFO] IPUIPlugin:80 - create IPUIPlugin
2025-11-15 17:41:25,632 [INFO] PluginManager:220 - loadIPPluginJar : add gfxmmu
2025-11-15 17:41:25,642 [INFO] IPUIPlugin:80 - create IPUIPlugin
2025-11-15 17:41:25,642 [INFO] PluginManager:220 - loadIPPluginJar : add gic
2025-11-15 17:41:25,647 [INFO] IPUIPlugin:80 - create IPUIPlugin
2025-11-15 17:41:25,648 [INFO] PluginManager:220 - loadIPPluginJar : add gpio
2025-11-15 17:41:25,652 [INFO] IPUIPlugin:80 - create IPUIPlugin
2025-11-15 17:41:25,652 [INFO] PluginManager:220 - loadIPPluginJar : add gtzc
2025-11-15 17:41:25,660 [INFO] IPUIPlugin:80 - create IPUIPlugin
2025-11-15 17:41:25,660 [INFO] PluginManager:220 - loadIPPluginJar : add hash
2025-11-15 17:41:25,664 [INFO] IPUIPlugin:80 - create IPUIPlugin
2025-11-15 17:41:25,664 [INFO] PluginManager:220 - loadIPPluginJar : add i2c
2025-11-15 17:41:25,669 [INFO] IPUIPlugin:80 - create IPUIPlugin
2025-11-15 17:41:25,669 [INFO] PluginManager:220 - loadIPPluginJar : add i2s
2025-11-15 17:41:25,676 [INFO] IPUIPlugin:80 - create IPUIPlugin
2025-11-15 17:41:25,676 [INFO] PluginManager:220 - loadIPPluginJar : add i3c
2025-11-15 17:41:25,682 [INFO] IPUIPlugin:80 - create IPUIPlugin
2025-11-15 17:41:25,683 [INFO] PluginManager:220 - loadIPPluginJar : add ipddr
2025-11-15 17:41:25,692 [INFO] IPUIPlugin:80 - create IPUIPlugin
2025-11-15 17:41:25,692 [INFO] PluginManager:220 - loadIPPluginJar : add linkedlist
2025-11-15 17:41:25,697 [INFO] IPUIPlugin:80 - create IPUIPlugin
2025-11-15 17:41:25,697 [INFO] PluginManager:220 - loadIPPluginJar : add lorawan
2025-11-15 17:41:25,699 [INFO] IPUIPlugin:80 - create IPUIPlugin
2025-11-15 17:41:25,700 [INFO] PluginManager:220 - loadIPPluginJar : add ltdc
2025-11-15 17:41:25,708 [INFO] IPUIPlugin:80 - create IPUIPlugin
2025-11-15 17:41:25,709 [INFO] PluginManager:220 - loadIPPluginJar : add mdma
2025-11-15 17:41:25,713 [INFO] IPUIPlugin:80 - create IPUIPlugin
2025-11-15 17:41:25,713 [INFO] PluginManager:220 - loadIPPluginJar : add nvic
2025-11-15 17:41:25,718 [INFO] IPUIPlugin:80 - create IPUIPlugin
2025-11-15 17:41:25,718 [INFO] PluginManager:220 - loadIPPluginJar : add opamp
2025-11-15 17:41:25,724 [INFO] IPUIPlugin:80 - create IPUIPlugin
2025-11-15 17:41:25,724 [INFO] PluginManager:220 - loadIPPluginJar : add openamp
2025-11-15 17:41:25,729 [INFO] IPUIPlugin:80 - create IPUIPlugin
2025-11-15 17:41:25,729 [INFO] PluginManager:220 - loadIPPluginJar : add pdm2pcm
2025-11-15 17:41:25,739 [INFO] IPUIPlugin:80 - create IPUIPlugin
2025-11-15 17:41:25,743 [INFO] PluginManager:220 - loadIPPluginJar : add plateformsettings
2025-11-15 17:41:25,746 [INFO] IPUIPlugin:80 - create IPUIPlugin
2025-11-15 17:41:25,746 [INFO] PluginManager:220 - loadIPPluginJar : add quadspi
2025-11-15 17:41:25,748 [INFO] IPUIPlugin:80 - create IPUIPlugin
2025-11-15 17:41:25,749 [INFO] PluginManager:220 - loadIPPluginJar : add radio
2025-11-15 17:41:25,756 [INFO] IPUIPlugin:80 - create IPUIPlugin
2025-11-15 17:41:25,756 [INFO] PluginManager:220 - loadIPPluginJar : add resmgrutility
2025-11-15 17:41:25,760 [INFO] IPUIPlugin:80 - create IPUIPlugin
2025-11-15 17:41:25,761 [INFO] PluginManager:220 - loadIPPluginJar : add sai
2025-11-15 17:41:25,764 [INFO] IPUIPlugin:80 - create IPUIPlugin
2025-11-15 17:41:25,764 [INFO] PluginManager:220 - loadIPPluginJar : add spi
2025-11-15 17:41:25,772 [INFO] IPUIPlugin:80 - create IPUIPlugin
2025-11-15 17:41:25,772 [INFO] PluginManager:220 - loadIPPluginJar : add stm32_wpan
2025-11-15 17:41:25,775 [INFO] IPUIPlugin:80 - create IPUIPlugin
2025-11-15 17:41:25,775 [INFO] PluginManager:220 - loadIPPluginJar : add tim
2025-11-15 17:41:25,780 [INFO] IPUIPlugin:80 - create IPUIPlugin
2025-11-15 17:41:25,780 [INFO] PluginManager:220 - loadIPPluginJar : add touchsensing
2025-11-15 17:41:25,783 [INFO] IPUIPlugin:80 - create IPUIPlugin
2025-11-15 17:41:25,783 [INFO] PluginManager:220 - loadIPPluginJar : add tracer_emb
2025-11-15 17:41:25,785 [INFO] IPUIPlugin:80 - create IPUIPlugin
2025-11-15 17:41:25,785 [INFO] PluginManager:220 - loadIPPluginJar : add ts
2025-11-15 17:41:25,788 [INFO] IPUIPlugin:80 - create IPUIPlugin
2025-11-15 17:41:25,788 [INFO] PluginManager:220 - loadIPPluginJar : add tsc
2025-11-15 17:41:25,791 [INFO] IPUIPlugin:80 - create IPUIPlugin
2025-11-15 17:41:25,791 [INFO] PluginManager:220 - loadIPPluginJar : add ucpd
2025-11-15 17:41:25,795 [INFO] IPUIPlugin:80 - create IPUIPlugin
2025-11-15 17:41:25,795 [INFO] PluginManager:220 - loadIPPluginJar : add usart
2025-11-15 17:41:25,799 [INFO] IPUIPlugin:80 - create IPUIPlugin
2025-11-15 17:41:25,800 [INFO] PluginManager:220 - loadIPPluginJar : add usbx
2025-11-15 17:41:25,946 [FATAL] Updater:351 - Updater called before beeing initialized
2025-11-15 17:41:25,984 [INFO] RulesReader:64 - Compatibility file has been processed (301 Rules)
2025-11-15 17:41:26,009 [INFO] RulesReader:64 - Compatibility file has been processed (301 Rules)
2025-11-15 17:41:26,020 [INFO] CADModel:165 - CPN selected for project level
2025-11-15 17:41:26,020 [INFO] CADModel:114 - Register for checkConnection events
2025-11-15 17:41:26,020 [FATAL] Updater:351 - Updater called before beeing initialized
2025-11-15 17:41:26,020 [ERROR] CADModel:125 - Updater not yet initialized, retry later 
2025-11-15 17:41:26,250 [FATAL] Updater:351 - Updater called before beeing initialized
2025-11-15 17:41:26,253 [INFO] CADModel:165 - CPN selected for project level
2025-11-15 17:41:26,253 [INFO] CADModel:114 - Register for checkConnection events
2025-11-15 17:41:26,254 [FATAL] Updater:351 - Updater called before beeing initialized
2025-11-15 17:41:26,254 [ERROR] CADModel:125 - Updater not yet initialized, retry later 
2025-11-15 17:41:26,259 [FATAL] Updater:351 - Updater called before beeing initialized
2025-11-15 17:41:26,407 [FATAL] Updater:351 - Updater called before beeing initialized
2025-11-15 17:41:26,413 [INFO] DbMcusAds:53 - JSON generation date=Mon Nov 10 16:13:01 IST 2025 (1762771381096)
2025-11-15 17:41:26,413 [FATAL] Updater:351 - Updater called before beeing initialized
2025-11-15 17:41:26,463 [WARN] DetailPanel:346 - Failed to get advertising image, set to default
2025-11-15 17:41:26,756 [FATAL] Updater:351 - Updater called before beeing initialized
2025-11-15 17:41:26,758 [FATAL] Updater:351 - Updater called before beeing initialized
2025-11-15 17:41:26,759 [FATAL] Updater:351 - Updater called before beeing initialized
2025-11-15 17:41:26,759 [WARN] DetailPanel:346 - Failed to get advertising image, set to default
2025-11-15 17:41:26,760 [FATAL] Updater:351 - Updater called before beeing initialized
2025-11-15 17:41:26,834 [ERROR] Updater:1198 - MainUpdater not yet initialized. External WinMGr cannot be set.
2025-11-15 17:41:26,836 [INFO] Updater:1134 - Updater Version found : 6.14.0
2025-11-15 17:41:26,864 [INFO] ApplicationProperties:184 - Using Application install path: C:\ST\STM32CubeIDE_1.18.0\STM32CubeIDE\plugins\com.st.stm32cube.common.mx_6.14.0.202502271554
2025-11-15 17:41:27,749 [INFO] ThirdPartyUpdaterWithRetryManager:70 - Updater plugin not ready yet. [2/15]
2025-11-15 17:41:28,439 [ERROR] LogOutputStream:75 - [STDERR_REDIRECT] Nov 15, 2025 5:41:28 PM java.util.prefs.WindowsPreferences <init>
2025-11-15 17:41:28,442 [ERROR] LogOutputStream:75 - [STDERR_REDIRECT] WARNING: Could not open/create prefs root node Software\JavaSoft\Prefs at root 0xffffffff80000002. Windows RegCreateKeyEx(...) returned error code 5.
2025-11-15 17:41:28,442 [ERROR] LogOutputStream:75 - [STDERR_REDIRECT] 
2025-11-15 17:41:29,106 [INFO] MainUpdater:2872 - connection check result : 10
2025-11-15 17:41:29,107 [INFO] MainUpdater:289 - Updater Check For Update Now.
2025-11-15 17:41:29,107 [INFO] MicroXplorer:498 - Change Database Version : DB.6.0.140
2025-11-15 17:41:29,115 [INFO] McuFinderGlobals:63 - Set McuFinder mode to 2 (CubeIDE integrated)
2025-11-15 17:41:29,117 [INFO] UserAuth:486 - Internet connection configuration mode: 1
2025-11-15 17:41:29,347 [INFO] JxBrowserEngine:152 - Initiate JxBrowser Engine with user profile folder
2025-11-15 17:41:29,550 [INFO] CheckServerUpdateThread:120 - End of CheckServer Thread
2025-11-15 17:41:31,948 [WARN] PackLoader:240 - Cannot read IP mode file for STMicroelectronics.FP-SNS-MOTENVWB1.1.4.0
2025-11-15 17:41:31,975 [WARN] PackLoader:240 - Cannot read IP mode file for STMicroelectronics.FP-ATR-ASTRA1.2.0.2
2025-11-15 17:41:31,994 [WARN] PackLoader:240 - Cannot read IP mode file for STMicroelectronics.X-CUBE-SMBUS.2.1.0
2025-11-15 17:41:32,017 [WARN] PackLoader:240 - Cannot read IP mode file for STMicroelectronics.X-CUBE-ST60.1.0.0
2025-11-15 17:41:32,112 [WARN] PackLoader:240 - Cannot read IP mode file for STMicroelectronics.X-CUBE-AZRTOS-F7.1.1.0
2025-11-15 17:41:32,119 [INFO] WebApp:169 - Instantiating new browser for Auth
2025-11-15 17:41:32,210 [ERROR] Engine:466 - C:\Users\user\.stm32cubemx\thirdparties\pdsc\STMicroelectronics.FP-SNS-MOTENV1.5.1.0.pdsc: PDSC version is not supported
2025-11-15 17:41:32,411 [WARN] PackLoader:240 - Cannot read IP mode file for Infineon.AIROC-Wi-Fi-Bluetooth-STM32.1.7.1
2025-11-15 17:41:32,643 [WARN] PackLoader:240 - Cannot read IP mode file for STMicroelectronics.X-CUBE-AZRTOS-H7.3.4.0
2025-11-15 17:41:32,676 [WARN] PackLoader:240 - Cannot read IP mode file for STMicroelectronics.X-CUBE-DISPLAY.3.0.0
2025-11-15 17:41:32,710 [WARN] PackLoader:240 - Cannot read IP mode file for STMicroelectronics.X-CUBE-NFC10.1.0.0
2025-11-15 17:41:32,727 [WARN] PackLoader:240 - Cannot read IP mode file for STMicroelectronics.X-CUBE-ST60.1.1.0
2025-11-15 17:41:32,746 [WARN] PackLoader:240 - Cannot read IP mode file for emotas.I-CUBE-CANOPEN.1.3.0
2025-11-15 17:41:32,767 [WARN] PackLoader:240 - Cannot read IP mode file for STMicroelectronics.X-CUBE-GNSS1.7.1.0
2025-11-15 17:41:32,792 [ERROR] Engine:466 - C:\Users\user\.stm32cubemx\thirdparties\pdsc\STMicroelectronics.FP-SNS-STBOX1.2.1.0.pdsc: PDSC version is not supported
2025-11-15 17:41:32,809 [WARN] PackLoader:240 - Cannot read IP mode file for STMicroelectronics.FP-SNS-SMARTAG2.1.2.0
2025-11-15 17:41:32,815 [WARN] PackLoader:240 - Cannot read IP mode file for STMicroelectronics.FP-SNS-FLIGHT1.5.1.0
2025-11-15 17:41:32,835 [INFO] LogOutputStream:77 - [STDOUT_REDIRECT] 1 : Invalid condition id : UX_CORESTACK_Condition cause : null
2025-11-15 17:41:32,840 [INFO] LogOutputStream:77 - [STDOUT_REDIRECT] 1 : Invalid condition id : UX_CORESTACK_Condition cause : null
2025-11-15 17:41:32,843 [INFO] LogOutputStream:77 - [STDOUT_REDIRECT] 1 : Invalid condition id : UX_CORESTACK_Condition cause : null
2025-11-15 17:41:32,846 [INFO] LogOutputStream:77 - [STDOUT_REDIRECT] 1 : Invalid condition id : UX_CORESTACK_Condition cause : null
2025-11-15 17:41:32,848 [INFO] LogOutputStream:77 - [STDOUT_REDIRECT] 1 : Invalid condition id : UX_CORESTACK_Condition cause : null
2025-11-15 17:41:32,859 [WARN] PackLoader:240 - Cannot read IP mode file for STMicroelectronics.X-CUBE-AZRTOS-WL.2.0.0
2025-11-15 17:41:32,875 [WARN] PackLoader:240 - Cannot read IP mode file for STMicroelectronics.FP-SNS-MOTENV1.5.0.0
2025-11-15 17:41:32,897 [WARN] PackLoader:240 - Cannot read IP mode file for WES.I-CUBE-Cesium.1.3.0
2025-11-15 17:41:32,913 [WARN] PackLoader:240 - Cannot read IP mode file for STMicroelectronics.X-CUBE-BLE2.3.3.0
2025-11-15 17:41:32,933 [WARN] PackLoader:240 - Cannot read IP mode file for STMicroelectronics.X-CUBE-NFC9.1.0.0
2025-11-15 17:41:32,961 [WARN] PackLoader:240 - Cannot read IP mode file for wolfSSL.I-CUBE-wolfSSL.5.8.2
2025-11-15 17:41:32,978 [WARN] PackLoader:240 - Cannot read IP mode file for STMicroelectronics.X-CUBE-BLE1.7.1.0
2025-11-15 17:41:32,991 [WARN] PackLoader:240 - Cannot read IP mode file for wolfSSL.I-CUBE-wolfMQTT.1.19.2
2025-11-15 17:41:33,010 [WARN] PackLoader:240 - Cannot read IP mode file for STMicroelectronics.X-CUBE-EEPRMA1.5.2.0
2025-11-15 17:41:33,023 [ERROR] Engine:466 - C:\Users\user\.stm32cubemx\thirdparties\pdsc\STMicroelectronics.X-CUBE-ST67W61.1.1.0.pdsc: PDSC version is not supported
2025-11-15 17:41:33,034 [WARN] PackLoader:240 - Cannot read IP mode file for STMicroelectronics.X-CUBE-AI.10.1.0
2025-11-15 17:41:33,114 [WARN] PackLoader:240 - Cannot read IP mode file for STMicroelectronics.X-CUBE-AZRTOS-G0.1.1.0
2025-11-15 17:41:33,226 [WARN] PackLoader:240 - Cannot read IP mode file for STMicroelectronics.X-CUBE-SAFEA1.1.2.2
2025-11-15 17:41:33,235 [WARN] PackLoader:240 - Cannot read IP mode file for STMicroelectronics.X-CUBE-NFC4.3.0.0
2025-11-15 17:41:33,266 [WARN] PackLoader:240 - Cannot read IP mode file for EmbeddedOffice.I-CUBE-FS-RTOS.1.0.1
2025-11-15 17:41:33,295 [WARN] PackLoader:240 - Cannot read IP mode file for STMicroelectronics.X-CUBE-WB05N.2.0.0
2025-11-15 17:41:33,309 [WARN] PackLoader:240 - Cannot read IP mode file for wolfSSL.I-CUBE-wolfTPM.3.8.0
2025-11-15 17:41:33,318 [WARN] PackLoader:240 - Cannot read IP mode file for STMicroelectronics.X-CUBE-TCPP.4.2.0
2025-11-15 17:41:33,338 [WARN] PackLoader:240 - Cannot read IP mode file for RealThread.X-CUBE-RT-Thread_Nano.4.1.1
2025-11-15 17:41:33,348 [WARN] PackLoader:240 - Cannot read IP mode file for STMicroelectronics.FP-ATR-SIGFOX1.3.2.0
2025-11-15 17:41:33,358 [WARN] PackLoader:240 - Cannot read IP mode file for ITTIA_DB.I-CUBE-ITTIADB.8.9.0
2025-11-15 17:41:33,370 [WARN] PackLoader:240 - Cannot read IP mode file for STMicroelectronics.X-CUBE-ST67W61.1.0.0
2025-11-15 17:41:33,380 [WARN] PackLoader:240 - Cannot read IP mode file for STMicroelectronics.X-CUBE-AI.10.2.0
2025-11-15 17:41:33,423 [WARN] PackLoader:240 - Cannot read IP mode file for SEGGER.I-CUBE-embOS.1.3.1
2025-11-15 17:41:33,507 [WARN] PackLoader:240 - Cannot read IP mode file for STMicroelectronics.X-CUBE-ALGOBUILD.1.4.0
2025-11-15 17:41:33,611 [WARN] PackLoader:240 - Cannot read IP mode file for STMicroelectronics.X-CUBE-MEMS1.11.3.0
2025-11-15 17:41:34,040 [WARN] PackLoader:240 - Cannot read IP mode file for STMicroelectronics.X-CUBE-PM33A1.1.0.0
2025-11-15 17:41:34,123 [WARN] PackLoader:240 - Cannot read IP mode file for STMicroelectronics.X-CUBE-AZRTOS-F4.1.1.0
2025-11-15 17:41:34,146 [WARN] PackLoader:240 - Cannot read IP mode file for STMicroelectronics.X-CUBE-ISPU.2.1.0
2025-11-15 17:41:34,163 [ERROR] Engine:466 - C:\Users\user\.stm32cubemx\thirdparties\pdsc\STMicroelectronics.X-CUBE-IPS.3.2.0.pdsc: PDSC version is not supported
2025-11-15 17:41:34,174 [WARN] PackLoader:240 - Cannot read IP mode file for STMicroelectronics.X-CUBE-NFC12.1.0.0
2025-11-15 17:41:34,224 [WARN] PackLoader:240 - Cannot read IP mode file for STMicroelectronics.X-CUBE-AZRTOS-L5.2.0.0
2025-11-15 17:41:34,244 [WARN] PackLoader:240 - Cannot read IP mode file for STMicroelectronics.X-CUBE-NFC6.3.1.0
2025-11-15 17:41:34,262 [WARN] PackLoader:240 - Cannot read IP mode file for STMicroelectronics.X-CUBE-FREERTOS.1.3.1
2025-11-15 17:41:34,281 [WARN] PackLoader:240 - Cannot read IP mode file for STMicroelectronics.X-CUBE-TOUCHGFX.4.26.0
2025-11-15 17:41:34,293 [WARN] PackLoader:240 - Cannot read IP mode file for STMicroelectronics.FP-SNS-STAIOTCFT.1.0.0
2025-11-15 17:41:34,302 [WARN] PackLoader:240 - Cannot read IP mode file for STMicroelectronics.X-CUBE-DPower.1.3.0
2025-11-15 17:41:34,338 [WARN] ConditionMgr:438 - getConditionDescription Invalid condition id : LAN8742 Phy interface Condition cause : null
2025-11-15 17:41:34,339 [WARN] PackLoader:240 - Cannot read IP mode file for STMicroelectronics.X-CUBE-AZRTOS-L4.2.0.0
2025-11-15 17:41:34,341 [WARN] ConditionMgr:1044 - genDependencies : Invalid condition id : LAN8742 Phy interface Condition cause : null
2025-11-15 17:41:34,341 [WARN] ConditionMgr:1044 - genDependencies : Invalid condition id : LAN8742 Phy interface Condition cause : null
2025-11-15 17:41:34,342 [WARN] ConditionMgr:1044 - genDependencies : Invalid condition id : LAN8742 Phy interface Condition cause : null
2025-11-15 17:41:34,358 [WARN] PackLoader:240 - Cannot read IP mode file for STMicroelectronics.X-CUBE-SFXS2LP1.4.0.0
2025-11-15 17:41:34,373 [WARN] PackLoader:240 - Cannot read IP mode file for STMicroelectronics.X-CUBE-BLEMGR.4.1.0
2025-11-15 17:41:34,398 [WARN] ConditionMgr:438 - getConditionDescription Invalid condition id : UX DEVICE CLASS RTOS Condition cause : null
2025-11-15 17:41:34,398 [WARN] ConditionMgr:438 - getConditionDescription Invalid condition id : UX DEVICE CLASS RTOS Condition cause : null
2025-11-15 17:41:34,402 [WARN] PackLoader:240 - Cannot read IP mode file for STMicroelectronics.X-CUBE-AZRTOS-WB.2.0.0
2025-11-15 17:41:34,403 [WARN] ConditionMgr:1044 - genDependencies : Invalid condition id : UX DEVICE CLASS RTOS Condition cause : null
2025-11-15 17:41:34,404 [WARN] ConditionMgr:1044 - genDependencies : Invalid condition id : UX DEVICE CLASS RTOS Condition cause : null
2025-11-15 17:41:34,404 [WARN] ConditionMgr:1044 - genDependencies : Invalid condition id : UX DEVICE CLASS RTOS Condition cause : null
2025-11-15 17:41:34,405 [WARN] ConditionMgr:1044 - genDependencies : Invalid condition id : UX DEVICE CLASS RTOS Condition cause : null
2025-11-15 17:41:34,406 [WARN] ConditionMgr:1044 - genDependencies : Invalid condition id : UX DEVICE CLASS RTOS Condition cause : null
2025-11-15 17:41:34,470 [WARN] PackLoader:240 - Cannot read IP mode file for STMicroelectronics.X-CUBE-GNSS1.7.0.1
2025-11-15 17:41:34,480 [WARN] PackLoader:240 - Cannot read IP mode file for STMicroelectronics.X-CUBE-TOUCHGFX.4.25.0
2025-11-15 17:41:34,491 [WARN] PackLoader:240 - Cannot read IP mode file for STMicroelectronics.FP-SNS-STBOX1.2.0.0
2025-11-15 17:41:34,500 [WARN] ConditionMgr:438 - getConditionDescription Invalid condition id : Cortex-A Device cause : null
2025-11-15 17:41:34,520 [WARN] ConditionMgr:1044 - genDependencies : Invalid condition id : Cortex-A Device cause : null
2025-11-15 17:41:34,520 [WARN] ConditionMgr:1044 - genDependencies : Invalid condition id : Cortex-A Device cause : null
2025-11-15 17:41:34,520 [WARN] ConditionMgr:1044 - genDependencies : Invalid condition id : Cortex-A Device cause : null
2025-11-15 17:41:34,538 [WARN] PackLoader:240 - Cannot read IP mode file for STMicroelectronics.X-CUBE-SUBG2.5.0.0
2025-11-15 17:41:34,571 [WARN] PackLoader:240 - Cannot read IP mode file for STMicroelectronics.X-CUBE-AZRTOS-H7RS.1.1.0
2025-11-15 17:41:34,583 [WARN] PackLoader:240 - Cannot read IP mode file for Cesanta.I-CUBE-Mongoose.7.13.0
2025-11-15 17:41:34,611 [WARN] PackLoader:240 - Cannot read IP mode file for STMicroelectronics.X-CUBE-AZRTOS-G4.2.0.0
2025-11-15 17:41:34,620 [WARN] PackLoader:240 - Cannot read IP mode file for wolfSSL.I-CUBE-wolfSSH.1.4.20
2025-11-15 17:41:34,630 [WARN] PackLoader:240 - Cannot read IP mode file for STMicroelectronics.X-CUBE-NFC7.2.0.0
2025-11-15 17:41:34,654 [WARN] PackLoader:240 - Cannot read IP mode file for STMicroelectronics.X-CUBE-IPS.3.1.0
2025-11-15 17:41:34,830 [WARN] PackLoader:240 - Cannot read IP mode file for STMicroelectronics.X-CUBE-ALS.1.0.2
2025-11-15 17:41:34,848 [WARN] PackLoader:240 - Cannot read IP mode file for STMicroelectronics.X-CUBE-STSE01.1.0.0
2025-11-15 17:41:34,864 [WARN] PackLoader:240 - Cannot read IP mode file for portGmbH.I-Cube-SoM-uGOAL.1.1.0
2025-11-15 17:41:34,912 [WARN] PackLoader:240 - Cannot read IP mode file for STMicroelectronics.X-CUBE-TOF1.3.4.3
2025-11-15 17:41:34,949 [INFO] ThirdParty:978 - Integrity check success = true
2025-11-15 17:41:34,949 [INFO] IntegrityCheckThread:100 - exiting critical section [integrity check]
2025-11-15 17:41:34,949 [INFO] IntegrityCheckThread:103 - End integrity checks thread
2025-11-15 17:41:35,939 [INFO] WebApp:463 - Apply proxy settings
2025-11-15 17:41:35,941 [INFO] WebApp:548 - Chromium requires no authentication
2025-11-15 17:41:35,969 [INFO] WebApp:491 - Direct internet connection detected
2025-11-15 17:41:36,071 [INFO] WebApp:894 - Register for checkConnection events
2025-11-15 17:41:36,071 [INFO] WebApp:463 - Apply proxy settings
2025-11-15 17:41:36,071 [INFO] WebApp:548 - Chromium requires no authentication
2025-11-15 17:41:36,072 [INFO] WebApp:491 - Direct internet connection detected
2025-11-15 17:41:36,450 [INFO] WebApp:225 - Starting web application
2025-11-15 17:41:36,451 [INFO] WebApp:593 - Web application path used C:\ST\STM32CubeIDE_1.18.0\STM32CubeIDE\plugins\com.st.stm32cube.common.mx_6.14.0.202502271554\db\plugins\mcufinder\reactClient1\index.html
2025-11-15 17:41:36,814 [INFO] UserAuth:486 - Internet connection configuration mode: 1
2025-11-15 17:41:37,842 [INFO] WebApp:191 - Connection restablished
