2025-11-06 09:00:10,970 [INFO] Activator:176 - 


2025-11-06 09:00:10,978 [INFO] Activator:177 - !SESSION log4j initialized
2025-11-06 09:00:22,097 [INFO] LogOutputStream:77 - [STDOUT_REDIRECT] 
2025-11-06 09:00:24,354 [INFO] ApplicationProperties:184 - Using Application install path: C:\ST\STM32CubeIDE_1.18.0\STM32CubeIDE\plugins\com.st.stm32cube.common.mx_6.14.0.202502271554
2025-11-06 09:00:24,384 [INFO] DbMcusXml:78 - Set database path to: C:\ST\STM32CubeIDE_1.18.0\STM32CubeIDE\plugins\com.st.stm32cube.common.mx_6.14.0.202502271554\\db\/mcu/
2025-11-06 09:00:24,384 [INFO] ApiDb:274 - Set plugin database path to: C:\ST\STM32CubeIDE_1.18.0\STM32CubeIDE\plugins\com.st.stm32cube.common.mx_6.14.0.202502271554\\db\/plugins/boardmanager/
2025-11-06 09:00:24,386 [WARN] ApiDb:259 - Overriding images path with different value:  => C:\ST\STM32CubeIDE_1.18.0\STM32CubeIDE\plugins\com.st.stm32cube.common.mx_6.14.0.202502271554\\db\/plugins/mcufinder/images/
2025-11-06 09:00:24,402 [INFO] ApiDb:250 - Set database path to: C:\Users\user\.stmcufinder\plugins\mcufinder//mcu/
2025-11-06 09:00:24,404 [INFO] DbMcusAds:125 - Set database path to: C:\Users\user\.stmcufinder\plugins\mcufinder//mcu/
2025-11-06 09:00:24,407 [INFO] CrossReferenceDbSqlite:203 - Set database path to: C:\Users\user\.stmcufinder\plugins\mcufinder//mcu/cs/
2025-11-06 09:00:24,595 [INFO] RulesReader:64 - Compatibility file has been processed (301 Rules)
2025-11-06 09:00:24,854 [INFO] DbMcusXml:78 - Set database path to: C:\ST\STM32CubeIDE_1.18.0\STM32CubeIDE\plugins\com.st.stm32cube.common.mx_6.14.0.202502271554\\db\/mcu/
2025-11-06 09:00:24,855 [INFO] ApiDb:274 - Set plugin database path to: C:\ST\STM32CubeIDE_1.18.0\STM32CubeIDE\plugins\com.st.stm32cube.common.mx_6.14.0.202502271554\\db\/plugins/boardmanager/
2025-11-06 09:00:24,855 [INFO] ApiDb:261 - Set plugin images path to: C:\ST\STM32CubeIDE_1.18.0\STM32CubeIDE\plugins\com.st.stm32cube.common.mx_6.14.0.202502271554\\db\/plugins/mcufinder/images/
2025-11-06 09:00:24,855 [WARN] DbFile:41 - Overriding database path with different value: C:\Users\user\.stmcufinder\plugins\mcufinder/ => C:\Users\user\.stmcufinder\plugins\mcufinder
2025-11-06 09:00:24,856 [INFO] ApiDb:250 - Set database path to: C:\Users\user\.stmcufinder\plugins\mcufinder//mcu/
2025-11-06 09:00:24,856 [WARN] DbFile:41 - Overriding database path with different value: C:\Users\user\.stmcufinder\plugins\mcufinder/ => C:\Users\user\.stmcufinder\plugins\mcufinder
2025-11-06 09:00:24,856 [INFO] DbMcusAds:125 - Set database path to: C:\Users\user\.stmcufinder\plugins\mcufinder//mcu/
2025-11-06 09:00:24,858 [WARN] DbFile:41 - Overriding database path with different value: C:\Users\user\.stmcufinder\plugins\mcufinder/ => C:\Users\user\.stmcufinder\plugins\mcufinder
2025-11-06 09:00:24,858 [WARN] DbFile:41 - Overriding database path with different value: C:\Users\user\.stmcufinder\plugins\mcufinder/ => C:\Users\user\.stmcufinder\plugins\mcufinder
2025-11-06 09:00:24,858 [INFO] CrossReferenceDbSqlite:203 - Set database path to: C:\Users\user\.stmcufinder\plugins\mcufinder//mcu/cs/
2025-11-06 09:00:24,998 [INFO] MainPanel:272 - HeapMemory: 268435456
2025-11-06 09:00:25,265 [INFO] DbMcusXml:78 - Set database path to: C:\ST\STM32CubeIDE_1.18.0\STM32CubeIDE\plugins\com.st.stm32cube.common.mx_6.14.0.202502271554\\db\/mcu/
2025-11-06 09:00:25,265 [INFO] ApiDb:274 - Set plugin database path to: C:\ST\STM32CubeIDE_1.18.0\STM32CubeIDE\plugins\com.st.stm32cube.common.mx_6.14.0.202502271554\\db\/plugins/boardmanager/
2025-11-06 09:00:25,266 [INFO] ApiDb:261 - Set plugin images path to: C:\ST\STM32CubeIDE_1.18.0\STM32CubeIDE\plugins\com.st.stm32cube.common.mx_6.14.0.202502271554\\db\/plugins/mcufinder/images/
2025-11-06 09:00:25,266 [WARN] DbFile:41 - Overriding database path with different value: C:\Users\user\.stmcufinder\plugins\mcufinder/ => C:\Users\user\.stmcufinder\plugins\mcufinder
2025-11-06 09:00:25,266 [INFO] ApiDb:250 - Set database path to: C:\Users\user\.stmcufinder\plugins\mcufinder//mcu/
2025-11-06 09:00:25,266 [WARN] DbFile:41 - Overriding database path with different value: C:\Users\user\.stmcufinder\plugins\mcufinder/ => C:\Users\user\.stmcufinder\plugins\mcufinder
2025-11-06 09:00:25,266 [INFO] DbMcusAds:125 - Set database path to: C:\Users\user\.stmcufinder\plugins\mcufinder//mcu/
2025-11-06 09:00:25,266 [WARN] DbFile:41 - Overriding database path with different value: C:\Users\user\.stmcufinder\plugins\mcufinder/ => C:\Users\user\.stmcufinder\plugins\mcufinder
2025-11-06 09:00:25,266 [WARN] DbFile:41 - Overriding database path with different value: C:\Users\user\.stmcufinder\plugins\mcufinder/ => C:\Users\user\.stmcufinder\plugins\mcufinder
2025-11-06 09:00:25,267 [INFO] CrossReferenceDbSqlite:203 - Set database path to: C:\Users\user\.stmcufinder\plugins\mcufinder//mcu/cs/
2025-11-06 09:00:25,301 [INFO] ApplicationProperties:184 - Using Application install path: C:\ST\STM32CubeIDE_1.18.0\STM32CubeIDE\plugins\com.st.stm32cube.common.mx_6.14.0.202502271554
2025-11-06 09:00:25,303 [INFO] PluginManage:196 - Search for loadable plugins [exclusion list=, ]
2025-11-06 09:00:25,306 [INFO] PluginManage:310 - Check plugin analytics
2025-11-06 09:00:25,704 [INFO] AnalyticsPlugin:253 - Accepted Software Licenses: 
2025-11-06 09:00:25,704 [INFO] AnalyticsPlugin:255 - Accepted CMSIS Pack Licenses: 
2025-11-06 09:00:25,705 [INFO] AnalyticsPlugin:257 - Accepted Firmware Licenses: FW.F4.1.28.0,FW.G0.1.6.0
2025-11-06 09:00:25,709 [INFO] PluginManage:359 - Loaded plugin analytics (category:tool,tabindex:-1)
2025-11-06 09:00:25,709 [INFO] PluginManage:310 - Check plugin cadmodel
2025-11-06 09:00:25,719 [INFO] CADModel:105 - Init CAD model plugin
2025-11-06 09:00:25,719 [INFO] PluginManage:359 - Loaded plugin cadmodel (category:power,tabindex:5)
2025-11-06 09:00:25,719 [INFO] PluginManage:310 - Check plugin clock
2025-11-06 09:00:25,734 [INFO] PluginManage:359 - Loaded plugin clock (category:base,tabindex:2)
2025-11-06 09:00:25,734 [INFO] PluginManage:310 - Check plugin ddr
2025-11-06 09:00:25,738 [INFO] PluginManage:359 - Loaded plugin ddr (category:tool,tabindex:6)
2025-11-06 09:00:25,738 [INFO] PluginManage:310 - Check plugin filemanager
2025-11-06 09:00:26,034 [INFO] PluginManage:359 - Loaded plugin filemanager (category:base,tabindex:10)
2025-11-06 09:00:26,034 [INFO] PluginManage:310 - Check plugin ipmanager
2025-11-06 09:00:26,044 [INFO] PluginManage:359 - Loaded plugin ipmanager (category:base,tabindex:5)
2025-11-06 09:00:26,044 [INFO] PluginManage:310 - Check plugin lpbam
2025-11-06 09:00:26,056 [INFO] PluginManage:359 - Loaded plugin lpbam (category:base,tabindex:0)
2025-11-06 09:00:26,056 [INFO] PluginManage:310 - Check plugin memorymap
2025-11-06 09:00:26,079 [INFO] PluginManage:359 - Loaded plugin memorymap (category:base,tabindex:4)
2025-11-06 09:00:26,080 [INFO] PluginManage:310 - Check plugin pinoutandconfiguration
2025-11-06 09:00:26,092 [INFO] PluginManage:359 - Loaded plugin pinoutandconfiguration (category:base,tabindex:1)
2025-11-06 09:00:26,092 [INFO] PluginManage:310 - Check plugin pinoutconfig
2025-11-06 09:00:26,309 [WARN] SupportedApi:132 - Cannot load RTOS API schema: s4s-elt-must-match.1: The content of 'definitions' must match (annotation?, (simpleType | complexType)?, (unique | key | keyref)*)). A problem was found starting at: attribute.
2025-11-06 09:00:26,627 [INFO] PluginManage:359 - Loaded plugin pinoutconfig (category:base,tabindex:0)
2025-11-06 09:00:26,628 [INFO] PluginManage:310 - Check plugin power
2025-11-06 09:00:26,648 [INFO] PluginManage:359 - Loaded plugin power (category:power,tabindex:4)
2025-11-06 09:00:26,648 [INFO] PluginManage:310 - Check plugin projectmanager
2025-11-06 09:00:26,678 [INFO] PluginManage:359 - Loaded plugin projectmanager (category:projectmanager,tabindex:4)
2025-11-06 09:00:26,678 [INFO] PluginManage:310 - Check plugin rif
2025-11-06 09:00:26,690 [INFO] PluginManage:359 - Loaded plugin rif (category:base,tabindex:3)
2025-11-06 09:00:26,690 [INFO] PluginManage:310 - Check plugin thirdparty
2025-11-06 09:00:27,006 [INFO] PluginManage:359 - Loaded plugin thirdparty (category:base,tabindex:-1)
2025-11-06 09:00:27,007 [INFO] PluginManage:310 - Check plugin tools
2025-11-06 09:00:27,008 [WARN] IntegrityCheckThread:84 - waiting for thirdparty lock release [integrity check]
2025-11-06 09:00:27,008 [INFO] IntegrityCheckThread:86 - entering critical section [integrity check]
2025-11-06 09:00:27,009 [INFO] ThirdPartyUpdaterWithRetryManager:70 - Updater plugin not ready yet. [1/15]
2025-11-06 09:00:27,012 [INFO] PluginManage:359 - Loaded plugin tools (category:base,tabindex:7)
2025-11-06 09:00:27,012 [INFO] PluginManage:310 - Check plugin tutovideos
2025-11-06 09:00:27,354 [INFO] PluginManage:359 - Loaded plugin tutovideos (category:base,tabindex:-1)
2025-11-06 09:00:27,354 [INFO] PluginManage:310 - Check plugin updater
2025-11-06 09:00:27,387 [INFO] PluginManage:359 - Loaded plugin updater (category:base,tabindex:12)
2025-11-06 09:00:27,388 [INFO] PluginManage:310 - Check plugin userauth
2025-11-06 09:00:27,393 [INFO] UserAuth:118 - Init User Auth plugin
2025-11-06 09:00:27,394 [INFO] PluginManage:359 - Loaded plugin userauth (category:base,tabindex:14)
2025-11-06 09:00:27,395 [INFO] PluginManage:283 - PluginManage : Loaded plugins [18]
2025-11-06 09:00:27,856 [INFO] PinOutPanel:1589 - setPackage(No Configuration,No Configuration)
2025-11-06 09:00:27,985 [INFO] CADModel:165 - CPN selected for project level
2025-11-06 09:00:27,985 [INFO] CADModel:114 - Register for checkConnection events
2025-11-06 09:00:28,017 [INFO] IPUIPlugin:80 - create IPUIPlugin
2025-11-06 09:00:28,017 [INFO] PluginManager:220 - loadIPPluginJar : add adc
2025-11-06 09:00:28,022 [INFO] IPUIPlugin:80 - create IPUIPlugin
2025-11-06 09:00:28,023 [INFO] PluginManager:220 - loadIPPluginJar : add aes
2025-11-06 09:00:28,028 [INFO] IPUIPlugin:80 - create IPUIPlugin
2025-11-06 09:00:28,028 [INFO] PluginManager:220 - loadIPPluginJar : add can
2025-11-06 09:00:28,032 [INFO] IPUIPlugin:80 - create IPUIPlugin
2025-11-06 09:00:28,032 [INFO] PluginManager:220 - loadIPPluginJar : add comp
2025-11-06 09:00:28,037 [INFO] IPUIPlugin:80 - create IPUIPlugin
2025-11-06 09:00:28,037 [INFO] PluginManager:220 - loadIPPluginJar : add cryp
2025-11-06 09:00:28,045 [INFO] IPUIPlugin:80 - create IPUIPlugin
2025-11-06 09:00:28,045 [INFO] PluginManager:220 - loadIPPluginJar : add ddr_ctrl_phy
2025-11-06 09:00:28,050 [INFO] IPUIPlugin:80 - create IPUIPlugin
2025-11-06 09:00:28,050 [INFO] PluginManager:220 - loadIPPluginJar : add dfsdm
2025-11-06 09:00:28,059 [INFO] IPUIPlugin:80 - create IPUIPlugin
2025-11-06 09:00:28,060 [INFO] PluginManager:220 - loadIPPluginJar : add dma
2025-11-06 09:00:28,065 [INFO] IPUIPlugin:80 - create IPUIPlugin
2025-11-06 09:00:28,065 [INFO] PluginManager:220 - loadIPPluginJar : add dma3
2025-11-06 09:00:28,071 [INFO] IPUIPlugin:80 - create IPUIPlugin
2025-11-06 09:00:28,071 [INFO] PluginManager:220 - loadIPPluginJar : add extmemmanager
2025-11-06 09:00:28,074 [INFO] IPUIPlugin:80 - create IPUIPlugin
2025-11-06 09:00:28,075 [INFO] PluginManager:220 - loadIPPluginJar : add fatfs
2025-11-06 09:00:28,082 [INFO] IPUIPlugin:80 - create IPUIPlugin
2025-11-06 09:00:28,083 [INFO] PluginManager:220 - loadIPPluginJar : add fmc
2025-11-06 09:00:28,092 [INFO] IPUIPlugin:80 - create IPUIPlugin
2025-11-06 09:00:28,092 [INFO] PluginManager:220 - loadIPPluginJar : add freertos
2025-11-06 09:00:28,096 [INFO] IPUIPlugin:80 - create IPUIPlugin
2025-11-06 09:00:28,096 [INFO] PluginManager:220 - loadIPPluginJar : add genericplugin
2025-11-06 09:00:28,101 [INFO] IPUIPlugin:80 - create IPUIPlugin
2025-11-06 09:00:28,101 [INFO] PluginManager:220 - loadIPPluginJar : add gfxmmu
2025-11-06 09:00:28,108 [INFO] IPUIPlugin:80 - create IPUIPlugin
2025-11-06 09:00:28,109 [INFO] PluginManager:220 - loadIPPluginJar : add gic
2025-11-06 09:00:28,116 [INFO] IPUIPlugin:80 - create IPUIPlugin
2025-11-06 09:00:28,116 [INFO] PluginManager:220 - loadIPPluginJar : add gpio
2025-11-06 09:00:28,121 [INFO] IPUIPlugin:80 - create IPUIPlugin
2025-11-06 09:00:28,121 [INFO] PluginManager:220 - loadIPPluginJar : add gtzc
2025-11-06 09:00:28,127 [INFO] IPUIPlugin:80 - create IPUIPlugin
2025-11-06 09:00:28,127 [INFO] PluginManager:220 - loadIPPluginJar : add hash
2025-11-06 09:00:28,132 [INFO] IPUIPlugin:80 - create IPUIPlugin
2025-11-06 09:00:28,132 [INFO] PluginManager:220 - loadIPPluginJar : add i2c
2025-11-06 09:00:28,137 [INFO] IPUIPlugin:80 - create IPUIPlugin
2025-11-06 09:00:28,137 [INFO] PluginManager:220 - loadIPPluginJar : add i2s
2025-11-06 09:00:28,142 [INFO] IPUIPlugin:80 - create IPUIPlugin
2025-11-06 09:00:28,142 [INFO] PluginManager:220 - loadIPPluginJar : add i3c
2025-11-06 09:00:28,148 [INFO] IPUIPlugin:80 - create IPUIPlugin
2025-11-06 09:00:28,149 [INFO] PluginManager:220 - loadIPPluginJar : add ipddr
2025-11-06 09:00:28,161 [INFO] IPUIPlugin:80 - create IPUIPlugin
2025-11-06 09:00:28,161 [INFO] PluginManager:220 - loadIPPluginJar : add linkedlist
2025-11-06 09:00:28,166 [INFO] IPUIPlugin:80 - create IPUIPlugin
2025-11-06 09:00:28,166 [INFO] PluginManager:220 - loadIPPluginJar : add lorawan
2025-11-06 09:00:28,169 [INFO] IPUIPlugin:80 - create IPUIPlugin
2025-11-06 09:00:28,169 [INFO] PluginManager:220 - loadIPPluginJar : add ltdc
2025-11-06 09:00:28,178 [INFO] IPUIPlugin:80 - create IPUIPlugin
2025-11-06 09:00:28,178 [INFO] PluginManager:220 - loadIPPluginJar : add mdma
2025-11-06 09:00:28,184 [INFO] IPUIPlugin:80 - create IPUIPlugin
2025-11-06 09:00:28,184 [INFO] PluginManager:220 - loadIPPluginJar : add nvic
2025-11-06 09:00:28,189 [INFO] IPUIPlugin:80 - create IPUIPlugin
2025-11-06 09:00:28,190 [INFO] PluginManager:220 - loadIPPluginJar : add opamp
2025-11-06 09:00:28,195 [INFO] IPUIPlugin:80 - create IPUIPlugin
2025-11-06 09:00:28,196 [INFO] PluginManager:220 - loadIPPluginJar : add openamp
2025-11-06 09:00:28,201 [INFO] IPUIPlugin:80 - create IPUIPlugin
2025-11-06 09:00:28,202 [INFO] PluginManager:220 - loadIPPluginJar : add pdm2pcm
2025-11-06 09:00:28,211 [INFO] IPUIPlugin:80 - create IPUIPlugin
2025-11-06 09:00:28,216 [INFO] PluginManager:220 - loadIPPluginJar : add plateformsettings
2025-11-06 09:00:28,219 [INFO] IPUIPlugin:80 - create IPUIPlugin
2025-11-06 09:00:28,219 [INFO] PluginManager:220 - loadIPPluginJar : add quadspi
2025-11-06 09:00:28,223 [INFO] IPUIPlugin:80 - create IPUIPlugin
2025-11-06 09:00:28,224 [INFO] PluginManager:220 - loadIPPluginJar : add radio
2025-11-06 09:00:28,231 [INFO] IPUIPlugin:80 - create IPUIPlugin
2025-11-06 09:00:28,231 [INFO] PluginManager:220 - loadIPPluginJar : add resmgrutility
2025-11-06 09:00:28,237 [INFO] IPUIPlugin:80 - create IPUIPlugin
2025-11-06 09:00:28,237 [INFO] PluginManager:220 - loadIPPluginJar : add sai
2025-11-06 09:00:28,242 [INFO] IPUIPlugin:80 - create IPUIPlugin
2025-11-06 09:00:28,243 [INFO] PluginManager:220 - loadIPPluginJar : add spi
2025-11-06 09:00:28,253 [INFO] IPUIPlugin:80 - create IPUIPlugin
2025-11-06 09:00:28,254 [INFO] PluginManager:220 - loadIPPluginJar : add stm32_wpan
2025-11-06 09:00:28,257 [INFO] IPUIPlugin:80 - create IPUIPlugin
2025-11-06 09:00:28,258 [INFO] PluginManager:220 - loadIPPluginJar : add tim
2025-11-06 09:00:28,264 [INFO] IPUIPlugin:80 - create IPUIPlugin
2025-11-06 09:00:28,265 [INFO] PluginManager:220 - loadIPPluginJar : add touchsensing
2025-11-06 09:00:28,268 [INFO] IPUIPlugin:80 - create IPUIPlugin
2025-11-06 09:00:28,268 [INFO] PluginManager:220 - loadIPPluginJar : add tracer_emb
2025-11-06 09:00:28,272 [INFO] IPUIPlugin:80 - create IPUIPlugin
2025-11-06 09:00:28,272 [INFO] PluginManager:220 - loadIPPluginJar : add ts
2025-11-06 09:00:28,275 [INFO] IPUIPlugin:80 - create IPUIPlugin
2025-11-06 09:00:28,276 [INFO] PluginManager:220 - loadIPPluginJar : add tsc
2025-11-06 09:00:28,279 [INFO] IPUIPlugin:80 - create IPUIPlugin
2025-11-06 09:00:28,280 [INFO] PluginManager:220 - loadIPPluginJar : add ucpd
2025-11-06 09:00:28,284 [INFO] IPUIPlugin:80 - create IPUIPlugin
2025-11-06 09:00:28,284 [INFO] PluginManager:220 - loadIPPluginJar : add usart
2025-11-06 09:00:28,289 [INFO] IPUIPlugin:80 - create IPUIPlugin
2025-11-06 09:00:28,290 [INFO] PluginManager:220 - loadIPPluginJar : add usbx
2025-11-06 09:00:28,455 [FATAL] Updater:351 - Updater called before beeing initialized
2025-11-06 09:00:28,502 [INFO] RulesReader:64 - Compatibility file has been processed (301 Rules)
2025-11-06 09:00:28,518 [INFO] RulesReader:64 - Compatibility file has been processed (301 Rules)
2025-11-06 09:00:28,575 [INFO] CADModel:165 - CPN selected for project level
2025-11-06 09:00:28,575 [INFO] CADModel:114 - Register for checkConnection events
2025-11-06 09:00:28,575 [FATAL] Updater:351 - Updater called before beeing initialized
2025-11-06 09:00:28,575 [ERROR] CADModel:125 - Updater not yet initialized, retry later 
2025-11-06 09:00:28,959 [FATAL] Updater:351 - Updater called before beeing initialized
2025-11-06 09:00:28,962 [INFO] CADModel:165 - CPN selected for project level
2025-11-06 09:00:28,962 [INFO] CADModel:114 - Register for checkConnection events
2025-11-06 09:00:28,962 [FATAL] Updater:351 - Updater called before beeing initialized
2025-11-06 09:00:28,962 [ERROR] CADModel:125 - Updater not yet initialized, retry later 
2025-11-06 09:00:28,967 [FATAL] Updater:351 - Updater called before beeing initialized
2025-11-06 09:00:29,238 [FATAL] Updater:351 - Updater called before beeing initialized
2025-11-06 09:00:29,244 [INFO] DbMcusAds:53 - JSON generation date=Thu Oct 02 15:06:05 IST 2025 (1759397765645)
2025-11-06 09:00:29,245 [FATAL] Updater:351 - Updater called before beeing initialized
2025-11-06 09:00:29,297 [WARN] DetailPanel:346 - Failed to get advertising image, set to default
2025-11-06 09:00:29,866 [FATAL] Updater:351 - Updater called before beeing initialized
2025-11-06 09:00:29,867 [FATAL] Updater:351 - Updater called before beeing initialized
2025-11-06 09:00:29,868 [FATAL] Updater:351 - Updater called before beeing initialized
2025-11-06 09:00:29,868 [WARN] DetailPanel:346 - Failed to get advertising image, set to default
2025-11-06 09:00:29,868 [FATAL] Updater:351 - Updater called before beeing initialized
2025-11-06 09:00:30,010 [INFO] ThirdPartyUpdaterWithRetryManager:70 - Updater plugin not ready yet. [2/15]
2025-11-06 09:00:30,048 [ERROR] Updater:1198 - MainUpdater not yet initialized. External WinMGr cannot be set.
2025-11-06 09:00:30,051 [INFO] Updater:1134 - Updater Version found : 6.14.0
2025-11-06 09:00:30,090 [INFO] ApplicationProperties:184 - Using Application install path: C:\ST\STM32CubeIDE_1.18.0\STM32CubeIDE\plugins\com.st.stm32cube.common.mx_6.14.0.202502271554
2025-11-06 09:00:31,670 [ERROR] LogOutputStream:75 - [STDERR_REDIRECT] Nov 06, 2025 9:00:31 AM java.util.prefs.WindowsPreferences <init>
2025-11-06 09:00:31,672 [ERROR] LogOutputStream:75 - [STDERR_REDIRECT] WARNING: Could not open/create prefs root node Software\JavaSoft\Prefs at root 0xffffffff80000002. Windows RegCreateKeyEx(...) returned error code 5.
2025-11-06 09:00:31,673 [ERROR] LogOutputStream:75 - [STDERR_REDIRECT] 
2025-11-06 09:00:32,250 [INFO] MainUpdater:2872 - connection check result : 10
2025-11-06 09:00:32,250 [INFO] MainUpdater:3566 - Updater definition file requires update
2025-11-06 09:00:32,252 [INFO] MainUpdater:289 - Updater Check For Update Now.
2025-11-06 09:00:32,252 [INFO] MicroXplorer:498 - Change Database Version : DB.6.0.140
2025-11-06 09:00:32,261 [INFO] McuFinderGlobals:63 - Set McuFinder mode to 2 (CubeIDE integrated)
2025-11-06 09:00:32,267 [INFO] UserAuth:486 - Internet connection configuration mode: 1
2025-11-06 09:00:32,300 [INFO] JxBrowserEngine:152 - Initiate JxBrowser Engine with user profile folder
2025-11-06 09:00:32,379 [INFO] ServerAccessManage:473 - Download File updaters.zip
2025-11-06 09:00:32,667 [INFO] FileExtend:242 - Unzip File : updaters.zip
2025-11-06 09:00:32,667 [INFO] FileExtend:257 - Standard Zip Deflate
2025-11-06 09:00:33,025 [WARN] MainUpdater:1193 - Updater busy. Cannot search thirdparties
2025-11-06 09:00:33,026 [INFO] ThirdPartyUpdaterWithRetryManager:96 - Updater plugin is busy. [1/15]
2025-11-06 09:00:34,147 [INFO] ServerAccessManage:473 - Download File PacksControlFlags.xml
2025-11-06 09:00:34,596 [INFO] ServerAccessManage:473 - Download File cubemx.pidx
2025-11-06 09:00:34,840 [INFO] WebApp:169 - Instantiating new browser for Auth
2025-11-06 09:00:34,962 [INFO] LoadServerUpdatesThread:375 - End of LoadServerUpdate Thread
2025-11-06 09:00:35,275 [INFO] CheckServerUpdateThread:120 - End of CheckServer Thread
2025-11-06 09:00:36,465 [WARN] PackLoader:240 - Cannot read IP mode file for STMicroelectronics.FP-SNS-MOTENVWB1.1.4.0
2025-11-06 09:00:36,576 [WARN] PackLoader:240 - Cannot read IP mode file for STMicroelectronics.FP-ATR-ASTRA1.2.0.2
2025-11-06 09:00:36,587 [WARN] PackLoader:240 - Cannot read IP mode file for STMicroelectronics.X-CUBE-SMBUS.2.1.0
2025-11-06 09:00:36,595 [WARN] PackLoader:240 - Cannot read IP mode file for STMicroelectronics.X-CUBE-ST60.1.0.0
2025-11-06 09:00:36,647 [WARN] PackLoader:240 - Cannot read IP mode file for STMicroelectronics.X-CUBE-AZRTOS-F7.1.1.0
2025-11-06 09:00:36,705 [ERROR] Engine:466 - C:\Users\user\.stm32cubemx\thirdparties\pdsc\STMicroelectronics.FP-SNS-MOTENV1.5.1.0.pdsc: PDSC version is not supported
2025-11-06 09:00:36,754 [WARN] PackLoader:240 - Cannot read IP mode file for Infineon.AIROC-Wi-Fi-Bluetooth-STM32.1.7.1
2025-11-06 09:00:36,811 [WARN] PackLoader:240 - Cannot read IP mode file for STMicroelectronics.X-CUBE-AZRTOS-H7.3.4.0
2025-11-06 09:00:36,829 [WARN] PackLoader:240 - Cannot read IP mode file for STMicroelectronics.X-CUBE-DISPLAY.3.0.0
2025-11-06 09:00:36,852 [WARN] PackLoader:240 - Cannot read IP mode file for STMicroelectronics.X-CUBE-NFC10.1.0.0
2025-11-06 09:00:36,869 [WARN] PackLoader:240 - Cannot read IP mode file for STMicroelectronics.X-CUBE-ST60.1.1.0
2025-11-06 09:00:36,879 [WARN] PackLoader:240 - Cannot read IP mode file for emotas.I-CUBE-CANOPEN.1.3.0
2025-11-06 09:00:36,894 [WARN] PackLoader:240 - Cannot read IP mode file for STMicroelectronics.X-CUBE-GNSS1.7.1.0
2025-11-06 09:00:36,902 [ERROR] Engine:466 - C:\Users\user\.stm32cubemx\thirdparties\pdsc\STMicroelectronics.FP-SNS-STBOX1.2.1.0.pdsc: PDSC version is not supported
2025-11-06 09:00:36,908 [WARN] PackLoader:240 - Cannot read IP mode file for STMicroelectronics.FP-SNS-SMARTAG2.1.2.0
2025-11-06 09:00:36,915 [WARN] PackLoader:240 - Cannot read IP mode file for STMicroelectronics.FP-SNS-FLIGHT1.5.1.0
2025-11-06 09:00:36,930 [INFO] LogOutputStream:77 - [STDOUT_REDIRECT] 1 : Invalid condition id : UX_CORESTACK_Condition cause : null
2025-11-06 09:00:36,931 [INFO] LogOutputStream:77 - [STDOUT_REDIRECT] 1 : Invalid condition id : UX_CORESTACK_Condition cause : null
2025-11-06 09:00:36,934 [INFO] LogOutputStream:77 - [STDOUT_REDIRECT] 1 : Invalid condition id : UX_CORESTACK_Condition cause : null
2025-11-06 09:00:36,936 [INFO] LogOutputStream:77 - [STDOUT_REDIRECT] 1 : Invalid condition id : UX_CORESTACK_Condition cause : null
2025-11-06 09:00:36,938 [INFO] LogOutputStream:77 - [STDOUT_REDIRECT] 1 : Invalid condition id : UX_CORESTACK_Condition cause : null
2025-11-06 09:00:36,943 [WARN] PackLoader:240 - Cannot read IP mode file for STMicroelectronics.X-CUBE-AZRTOS-WL.2.0.0
2025-11-06 09:00:36,952 [WARN] PackLoader:240 - Cannot read IP mode file for STMicroelectronics.FP-SNS-MOTENV1.5.0.0
2025-11-06 09:00:36,966 [WARN] PackLoader:240 - Cannot read IP mode file for WES.I-CUBE-Cesium.1.3.0
2025-11-06 09:00:36,974 [WARN] PackLoader:240 - Cannot read IP mode file for STMicroelectronics.X-CUBE-BLE2.3.3.0
2025-11-06 09:00:37,002 [WARN] PackLoader:240 - Cannot read IP mode file for STMicroelectronics.X-CUBE-NFC9.1.0.0
2025-11-06 09:00:37,012 [WARN] PackLoader:240 - Cannot read IP mode file for wolfSSL.I-CUBE-wolfSSL.5.8.2
2025-11-06 09:00:37,020 [WARN] PackLoader:240 - Cannot read IP mode file for STMicroelectronics.X-CUBE-BLE1.7.1.0
2025-11-06 09:00:37,025 [WARN] PackLoader:240 - Cannot read IP mode file for wolfSSL.I-CUBE-wolfMQTT.1.19.2
2025-11-06 09:00:37,036 [WARN] PackLoader:240 - Cannot read IP mode file for STMicroelectronics.X-CUBE-EEPRMA1.5.2.0
2025-11-06 09:00:37,135 [ERROR] Engine:466 - C:\Users\user\.stm32cubemx\thirdparties\pdsc\STMicroelectronics.X-CUBE-ST67W61.1.1.0.pdsc: PDSC version is not supported
2025-11-06 09:00:37,149 [WARN] PackLoader:240 - Cannot read IP mode file for STMicroelectronics.X-CUBE-AI.10.1.0
2025-11-06 09:00:37,174 [WARN] PackLoader:240 - Cannot read IP mode file for STMicroelectronics.X-CUBE-AZRTOS-G0.1.1.0
2025-11-06 09:00:37,186 [WARN] PackLoader:240 - Cannot read IP mode file for STMicroelectronics.X-CUBE-SAFEA1.1.2.2
2025-11-06 09:00:37,196 [WARN] PackLoader:240 - Cannot read IP mode file for STMicroelectronics.X-CUBE-NFC4.3.0.0
2025-11-06 09:00:37,219 [WARN] PackLoader:240 - Cannot read IP mode file for EmbeddedOffice.I-CUBE-FS-RTOS.1.0.1
2025-11-06 09:00:37,238 [WARN] PackLoader:240 - Cannot read IP mode file for STMicroelectronics.X-CUBE-WB05N.2.0.0
2025-11-06 09:00:37,333 [WARN] PackLoader:240 - Cannot read IP mode file for wolfSSL.I-CUBE-wolfTPM.3.8.0
2025-11-06 09:00:37,345 [WARN] PackLoader:240 - Cannot read IP mode file for STMicroelectronics.X-CUBE-TCPP.4.2.0
2025-11-06 09:00:37,355 [WARN] PackLoader:240 - Cannot read IP mode file for RealThread.X-CUBE-RT-Thread_Nano.4.1.1
2025-11-06 09:00:37,362 [WARN] PackLoader:240 - Cannot read IP mode file for STMicroelectronics.FP-ATR-SIGFOX1.3.2.0
2025-11-06 09:00:37,375 [WARN] PackLoader:240 - Cannot read IP mode file for ITTIA_DB.I-CUBE-ITTIADB.8.9.0
2025-11-06 09:00:37,481 [WARN] PackLoader:240 - Cannot read IP mode file for STMicroelectronics.X-CUBE-ST67W61.1.0.0
2025-11-06 09:00:37,492 [WARN] PackLoader:240 - Cannot read IP mode file for STMicroelectronics.X-CUBE-AI.10.2.0
2025-11-06 09:00:37,583 [WARN] PackLoader:240 - Cannot read IP mode file for SEGGER.I-CUBE-embOS.1.3.1
2025-11-06 09:00:37,704 [WARN] PackLoader:240 - Cannot read IP mode file for STMicroelectronics.X-CUBE-ALGOBUILD.1.4.0
2025-11-06 09:00:37,718 [INFO] WebApp:463 - Apply proxy settings
2025-11-06 09:00:37,719 [INFO] WebApp:548 - Chromium requires no authentication
2025-11-06 09:00:37,767 [INFO] WebApp:491 - Direct internet connection detected
2025-11-06 09:00:37,805 [WARN] PackLoader:240 - Cannot read IP mode file for STMicroelectronics.X-CUBE-MEMS1.11.3.0
2025-11-06 09:00:37,926 [INFO] WebApp:894 - Register for checkConnection events
2025-11-06 09:00:37,926 [INFO] WebApp:463 - Apply proxy settings
2025-11-06 09:00:37,926 [INFO] WebApp:548 - Chromium requires no authentication
2025-11-06 09:00:37,927 [INFO] WebApp:491 - Direct internet connection detected
2025-11-06 09:00:38,068 [WARN] PackLoader:240 - Cannot read IP mode file for STMicroelectronics.X-CUBE-PM33A1.1.0.0
2025-11-06 09:00:38,094 [WARN] PackLoader:240 - Cannot read IP mode file for STMicroelectronics.X-CUBE-AZRTOS-F4.1.1.0
2025-11-06 09:00:38,106 [WARN] PackLoader:240 - Cannot read IP mode file for STMicroelectronics.X-CUBE-ISPU.2.1.0
2025-11-06 09:00:38,116 [ERROR] Engine:466 - C:\Users\user\.stm32cubemx\thirdparties\pdsc\STMicroelectronics.X-CUBE-IPS.3.2.0.pdsc: PDSC version is not supported
2025-11-06 09:00:38,129 [WARN] PackLoader:240 - Cannot read IP mode file for STMicroelectronics.X-CUBE-NFC12.1.0.0
2025-11-06 09:00:38,190 [WARN] PackLoader:240 - Cannot read IP mode file for STMicroelectronics.X-CUBE-AZRTOS-L5.2.0.0
2025-11-06 09:00:38,206 [WARN] PackLoader:240 - Cannot read IP mode file for STMicroelectronics.X-CUBE-NFC6.3.1.0
2025-11-06 09:00:38,220 [WARN] PackLoader:240 - Cannot read IP mode file for STMicroelectronics.X-CUBE-FREERTOS.1.3.1
2025-11-06 09:00:38,229 [WARN] PackLoader:240 - Cannot read IP mode file for STMicroelectronics.X-CUBE-TOUCHGFX.4.26.0
2025-11-06 09:00:38,237 [WARN] PackLoader:240 - Cannot read IP mode file for STMicroelectronics.FP-SNS-STAIOTCFT.1.0.0
2025-11-06 09:00:38,245 [WARN] PackLoader:240 - Cannot read IP mode file for STMicroelectronics.X-CUBE-DPower.1.3.0
2025-11-06 09:00:38,273 [WARN] ConditionMgr:438 - getConditionDescription Invalid condition id : LAN8742 Phy interface Condition cause : null
2025-11-06 09:00:38,273 [WARN] PackLoader:240 - Cannot read IP mode file for STMicroelectronics.X-CUBE-AZRTOS-L4.2.0.0
2025-11-06 09:00:38,275 [WARN] ConditionMgr:1044 - genDependencies : Invalid condition id : LAN8742 Phy interface Condition cause : null
2025-11-06 09:00:38,275 [WARN] ConditionMgr:1044 - genDependencies : Invalid condition id : LAN8742 Phy interface Condition cause : null
2025-11-06 09:00:38,276 [WARN] ConditionMgr:1044 - genDependencies : Invalid condition id : LAN8742 Phy interface Condition cause : null
2025-11-06 09:00:38,288 [WARN] PackLoader:240 - Cannot read IP mode file for STMicroelectronics.X-CUBE-SFXS2LP1.4.0.0
2025-11-06 09:00:38,303 [WARN] PackLoader:240 - Cannot read IP mode file for STMicroelectronics.X-CUBE-BLEMGR.4.1.0
2025-11-06 09:00:38,435 [WARN] ConditionMgr:438 - getConditionDescription Invalid condition id : UX DEVICE CLASS RTOS Condition cause : null
2025-11-06 09:00:38,435 [WARN] ConditionMgr:438 - getConditionDescription Invalid condition id : UX DEVICE CLASS RTOS Condition cause : null
2025-11-06 09:00:38,443 [WARN] PackLoader:240 - Cannot read IP mode file for STMicroelectronics.X-CUBE-AZRTOS-WB.2.0.0
2025-11-06 09:00:38,443 [WARN] ConditionMgr:1044 - genDependencies : Invalid condition id : UX DEVICE CLASS RTOS Condition cause : null
2025-11-06 09:00:38,443 [WARN] ConditionMgr:1044 - genDependencies : Invalid condition id : UX DEVICE CLASS RTOS Condition cause : null
2025-11-06 09:00:38,444 [WARN] ConditionMgr:1044 - genDependencies : Invalid condition id : UX DEVICE CLASS RTOS Condition cause : null
2025-11-06 09:00:38,444 [WARN] ConditionMgr:1044 - genDependencies : Invalid condition id : UX DEVICE CLASS RTOS Condition cause : null
2025-11-06 09:00:38,444 [WARN] ConditionMgr:1044 - genDependencies : Invalid condition id : UX DEVICE CLASS RTOS Condition cause : null
2025-11-06 09:00:38,511 [WARN] PackLoader:240 - Cannot read IP mode file for STMicroelectronics.X-CUBE-GNSS1.7.0.1
2025-11-06 09:00:38,516 [WARN] PackLoader:240 - Cannot read IP mode file for STMicroelectronics.X-CUBE-TOUCHGFX.4.25.0
2025-11-06 09:00:38,524 [WARN] PackLoader:240 - Cannot read IP mode file for STMicroelectronics.FP-SNS-STBOX1.2.0.0
2025-11-06 09:00:38,532 [WARN] ConditionMgr:438 - getConditionDescription Invalid condition id : Cortex-A Device cause : null
2025-11-06 09:00:38,547 [WARN] ConditionMgr:1044 - genDependencies : Invalid condition id : Cortex-A Device cause : null
2025-11-06 09:00:38,547 [WARN] ConditionMgr:1044 - genDependencies : Invalid condition id : Cortex-A Device cause : null
2025-11-06 09:00:38,547 [WARN] ConditionMgr:1044 - genDependencies : Invalid condition id : Cortex-A Device cause : null
2025-11-06 09:00:38,562 [WARN] PackLoader:240 - Cannot read IP mode file for STMicroelectronics.X-CUBE-SUBG2.5.0.0
2025-11-06 09:00:38,619 [WARN] PackLoader:240 - Cannot read IP mode file for STMicroelectronics.X-CUBE-AZRTOS-H7RS.1.1.0
2025-11-06 09:00:38,700 [WARN] PackLoader:240 - Cannot read IP mode file for Cesanta.I-CUBE-Mongoose.7.13.0
2025-11-06 09:00:38,717 [WARN] PackLoader:240 - Cannot read IP mode file for STMicroelectronics.X-CUBE-AZRTOS-G4.2.0.0
2025-11-06 09:00:38,725 [WARN] PackLoader:240 - Cannot read IP mode file for wolfSSL.I-CUBE-wolfSSH.1.4.20
2025-11-06 09:00:38,731 [WARN] PackLoader:240 - Cannot read IP mode file for STMicroelectronics.X-CUBE-NFC7.2.0.0
2025-11-06 09:00:38,749 [WARN] PackLoader:240 - Cannot read IP mode file for STMicroelectronics.X-CUBE-IPS.3.1.0
2025-11-06 09:00:38,846 [WARN] PackLoader:240 - Cannot read IP mode file for STMicroelectronics.X-CUBE-ALS.1.0.2
2025-11-06 09:00:38,856 [WARN] PackLoader:240 - Cannot read IP mode file for STMicroelectronics.X-CUBE-STSE01.1.0.0
2025-11-06 09:00:38,864 [WARN] PackLoader:240 - Cannot read IP mode file for portGmbH.I-Cube-SoM-uGOAL.1.1.0
2025-11-06 09:00:38,879 [WARN] PackLoader:240 - Cannot read IP mode file for STMicroelectronics.X-CUBE-TOF1.3.4.3
2025-11-06 09:00:38,906 [INFO] ThirdParty:978 - Integrity check success = true
2025-11-06 09:00:38,907 [INFO] IntegrityCheckThread:100 - exiting critical section [integrity check]
2025-11-06 09:00:38,907 [INFO] IntegrityCheckThread:103 - End integrity checks thread
2025-11-06 09:00:38,955 [INFO] WebApp:225 - Starting web application
2025-11-06 09:00:38,956 [INFO] WebApp:593 - Web application path used C:\ST\STM32CubeIDE_1.18.0\STM32CubeIDE\plugins\com.st.stm32cube.common.mx_6.14.0.202502271554\db\plugins\mcufinder\reactClient1\index.html
2025-11-06 09:00:39,140 [INFO] UserAuth:486 - Internet connection configuration mode: 1
2025-11-06 09:00:39,787 [INFO] WebApp:191 - Connection restablished
2025-11-06 09:18:34,039 [INFO] LogOutputStream:77 - [STDOUT_REDIRECT] StartTraceHandler.execute(), success : Collect=true
2025-11-06 10:18:08,965 [ERROR] LogOutputStream:75 - [STDERR_REDIRECT] 
2025-11-06 10:18:08,966 [ERROR] LogOutputStream:75 - [STDERR_REDIRECT] 
2025-11-06 16:34:12,259 [INFO] Activator:176 - 


2025-11-06 16:34:12,262 [INFO] Activator:177 - !SESSION log4j initialized
2025-11-06 16:34:20,872 [INFO] LogOutputStream:77 - [STDOUT_REDIRECT] 
2025-11-06 16:34:22,739 [INFO] ApplicationProperties:184 - Using Application install path: C:\ST\STM32CubeIDE_1.18.0\STM32CubeIDE\plugins\com.st.stm32cube.common.mx_6.14.0.202502271554
2025-11-06 16:34:22,769 [INFO] DbMcusXml:78 - Set database path to: C:\ST\STM32CubeIDE_1.18.0\STM32CubeIDE\plugins\com.st.stm32cube.common.mx_6.14.0.202502271554\\db\/mcu/
2025-11-06 16:34:22,769 [INFO] ApiDb:274 - Set plugin database path to: C:\ST\STM32CubeIDE_1.18.0\STM32CubeIDE\plugins\com.st.stm32cube.common.mx_6.14.0.202502271554\\db\/plugins/boardmanager/
2025-11-06 16:34:22,769 [WARN] ApiDb:259 - Overriding images path with different value:  => C:\ST\STM32CubeIDE_1.18.0\STM32CubeIDE\plugins\com.st.stm32cube.common.mx_6.14.0.202502271554\\db\/plugins/mcufinder/images/
2025-11-06 16:34:22,793 [INFO] ApiDb:250 - Set database path to: C:\Users\user\.stmcufinder\plugins\mcufinder//mcu/
2025-11-06 16:34:22,795 [INFO] DbMcusAds:125 - Set database path to: C:\Users\user\.stmcufinder\plugins\mcufinder//mcu/
2025-11-06 16:34:22,800 [INFO] CrossReferenceDbSqlite:203 - Set database path to: C:\Users\user\.stmcufinder\plugins\mcufinder//mcu/cs/
2025-11-06 16:34:23,002 [INFO] RulesReader:64 - Compatibility file has been processed (301 Rules)
2025-11-06 16:34:23,144 [INFO] DbMcusXml:78 - Set database path to: C:\ST\STM32CubeIDE_1.18.0\STM32CubeIDE\plugins\com.st.stm32cube.common.mx_6.14.0.202502271554\\db\/mcu/
2025-11-06 16:34:23,144 [INFO] ApiDb:274 - Set plugin database path to: C:\ST\STM32CubeIDE_1.18.0\STM32CubeIDE\plugins\com.st.stm32cube.common.mx_6.14.0.202502271554\\db\/plugins/boardmanager/
2025-11-06 16:34:23,144 [INFO] ApiDb:261 - Set plugin images path to: C:\ST\STM32CubeIDE_1.18.0\STM32CubeIDE\plugins\com.st.stm32cube.common.mx_6.14.0.202502271554\\db\/plugins/mcufinder/images/
2025-11-06 16:34:23,144 [WARN] DbFile:41 - Overriding database path with different value: C:\Users\user\.stmcufinder\plugins\mcufinder/ => C:\Users\user\.stmcufinder\plugins\mcufinder
2025-11-06 16:34:23,145 [INFO] ApiDb:250 - Set database path to: C:\Users\user\.stmcufinder\plugins\mcufinder//mcu/
2025-11-06 16:34:23,145 [WARN] DbFile:41 - Overriding database path with different value: C:\Users\user\.stmcufinder\plugins\mcufinder/ => C:\Users\user\.stmcufinder\plugins\mcufinder
2025-11-06 16:34:23,145 [INFO] DbMcusAds:125 - Set database path to: C:\Users\user\.stmcufinder\plugins\mcufinder//mcu/
2025-11-06 16:34:23,145 [WARN] DbFile:41 - Overriding database path with different value: C:\Users\user\.stmcufinder\plugins\mcufinder/ => C:\Users\user\.stmcufinder\plugins\mcufinder
2025-11-06 16:34:23,145 [WARN] DbFile:41 - Overriding database path with different value: C:\Users\user\.stmcufinder\plugins\mcufinder/ => C:\Users\user\.stmcufinder\plugins\mcufinder
2025-11-06 16:34:23,145 [INFO] CrossReferenceDbSqlite:203 - Set database path to: C:\Users\user\.stmcufinder\plugins\mcufinder//mcu/cs/
2025-11-06 16:34:23,281 [INFO] MainPanel:272 - HeapMemory: 268435456
2025-11-06 16:34:23,553 [INFO] DbMcusXml:78 - Set database path to: C:\ST\STM32CubeIDE_1.18.0\STM32CubeIDE\plugins\com.st.stm32cube.common.mx_6.14.0.202502271554\\db\/mcu/
2025-11-06 16:34:23,553 [INFO] ApiDb:274 - Set plugin database path to: C:\ST\STM32CubeIDE_1.18.0\STM32CubeIDE\plugins\com.st.stm32cube.common.mx_6.14.0.202502271554\\db\/plugins/boardmanager/
2025-11-06 16:34:23,554 [INFO] ApiDb:261 - Set plugin images path to: C:\ST\STM32CubeIDE_1.18.0\STM32CubeIDE\plugins\com.st.stm32cube.common.mx_6.14.0.202502271554\\db\/plugins/mcufinder/images/
2025-11-06 16:34:23,554 [WARN] DbFile:41 - Overriding database path with different value: C:\Users\user\.stmcufinder\plugins\mcufinder/ => C:\Users\user\.stmcufinder\plugins\mcufinder
2025-11-06 16:34:23,555 [INFO] ApiDb:250 - Set database path to: C:\Users\user\.stmcufinder\plugins\mcufinder//mcu/
2025-11-06 16:34:23,555 [WARN] DbFile:41 - Overriding database path with different value: C:\Users\user\.stmcufinder\plugins\mcufinder/ => C:\Users\user\.stmcufinder\plugins\mcufinder
2025-11-06 16:34:23,555 [INFO] DbMcusAds:125 - Set database path to: C:\Users\user\.stmcufinder\plugins\mcufinder//mcu/
2025-11-06 16:34:23,555 [WARN] DbFile:41 - Overriding database path with different value: C:\Users\user\.stmcufinder\plugins\mcufinder/ => C:\Users\user\.stmcufinder\plugins\mcufinder
2025-11-06 16:34:23,555 [WARN] DbFile:41 - Overriding database path with different value: C:\Users\user\.stmcufinder\plugins\mcufinder/ => C:\Users\user\.stmcufinder\plugins\mcufinder
2025-11-06 16:34:23,556 [INFO] CrossReferenceDbSqlite:203 - Set database path to: C:\Users\user\.stmcufinder\plugins\mcufinder//mcu/cs/
2025-11-06 16:34:23,592 [INFO] ApplicationProperties:184 - Using Application install path: C:\ST\STM32CubeIDE_1.18.0\STM32CubeIDE\plugins\com.st.stm32cube.common.mx_6.14.0.202502271554
2025-11-06 16:34:23,595 [INFO] PluginManage:196 - Search for loadable plugins [exclusion list=, ]
2025-11-06 16:34:23,598 [INFO] PluginManage:310 - Check plugin analytics
2025-11-06 16:34:23,891 [INFO] AnalyticsPlugin:253 - Accepted Software Licenses: 
2025-11-06 16:34:23,892 [INFO] AnalyticsPlugin:255 - Accepted CMSIS Pack Licenses: 
2025-11-06 16:34:23,892 [INFO] AnalyticsPlugin:257 - Accepted Firmware Licenses: FW.F4.1.28.0,FW.G0.1.6.0
2025-11-06 16:34:23,898 [INFO] PluginManage:359 - Loaded plugin analytics (category:tool,tabindex:-1)
2025-11-06 16:34:23,900 [INFO] PluginManage:310 - Check plugin cadmodel
2025-11-06 16:34:23,910 [INFO] CADModel:105 - Init CAD model plugin
2025-11-06 16:34:23,910 [INFO] PluginManage:359 - Loaded plugin cadmodel (category:power,tabindex:5)
2025-11-06 16:34:23,910 [INFO] PluginManage:310 - Check plugin clock
2025-11-06 16:34:23,931 [INFO] PluginManage:359 - Loaded plugin clock (category:base,tabindex:2)
2025-11-06 16:34:23,931 [INFO] PluginManage:310 - Check plugin ddr
2025-11-06 16:34:23,936 [INFO] PluginManage:359 - Loaded plugin ddr (category:tool,tabindex:6)
2025-11-06 16:34:23,936 [INFO] PluginManage:310 - Check plugin filemanager
2025-11-06 16:34:24,182 [INFO] PluginManage:359 - Loaded plugin filemanager (category:base,tabindex:10)
2025-11-06 16:34:24,182 [INFO] PluginManage:310 - Check plugin ipmanager
2025-11-06 16:34:24,192 [INFO] PluginManage:359 - Loaded plugin ipmanager (category:base,tabindex:5)
2025-11-06 16:34:24,193 [INFO] PluginManage:310 - Check plugin lpbam
2025-11-06 16:34:24,207 [INFO] PluginManage:359 - Loaded plugin lpbam (category:base,tabindex:0)
2025-11-06 16:34:24,207 [INFO] PluginManage:310 - Check plugin memorymap
2025-11-06 16:34:24,233 [INFO] PluginManage:359 - Loaded plugin memorymap (category:base,tabindex:4)
2025-11-06 16:34:24,234 [INFO] PluginManage:310 - Check plugin pinoutandconfiguration
2025-11-06 16:34:24,248 [INFO] PluginManage:359 - Loaded plugin pinoutandconfiguration (category:base,tabindex:1)
2025-11-06 16:34:24,249 [INFO] PluginManage:310 - Check plugin pinoutconfig
2025-11-06 16:34:24,448 [WARN] SupportedApi:132 - Cannot load RTOS API schema: s4s-elt-must-match.1: The content of 'definitions' must match (annotation?, (simpleType | complexType)?, (unique | key | keyref)*)). A problem was found starting at: attribute.
2025-11-06 16:34:24,673 [INFO] PluginManage:359 - Loaded plugin pinoutconfig (category:base,tabindex:0)
2025-11-06 16:34:24,674 [INFO] PluginManage:310 - Check plugin power
2025-11-06 16:34:24,699 [INFO] PluginManage:359 - Loaded plugin power (category:power,tabindex:4)
2025-11-06 16:34:24,700 [INFO] PluginManage:310 - Check plugin projectmanager
2025-11-06 16:34:24,731 [INFO] PluginManage:359 - Loaded plugin projectmanager (category:projectmanager,tabindex:4)
2025-11-06 16:34:24,731 [INFO] PluginManage:310 - Check plugin rif
2025-11-06 16:34:24,745 [INFO] PluginManage:359 - Loaded plugin rif (category:base,tabindex:3)
2025-11-06 16:34:24,745 [INFO] PluginManage:310 - Check plugin thirdparty
2025-11-06 16:34:25,193 [INFO] PluginManage:359 - Loaded plugin thirdparty (category:base,tabindex:-1)
2025-11-06 16:34:25,194 [INFO] PluginManage:310 - Check plugin tools
2025-11-06 16:34:25,200 [INFO] PluginManage:359 - Loaded plugin tools (category:base,tabindex:7)
2025-11-06 16:34:25,200 [INFO] PluginManage:310 - Check plugin tutovideos
2025-11-06 16:34:25,221 [WARN] IntegrityCheckThread:84 - waiting for thirdparty lock release [integrity check]
2025-11-06 16:34:25,228 [INFO] IntegrityCheckThread:86 - entering critical section [integrity check]
2025-11-06 16:34:25,229 [INFO] ThirdPartyUpdaterWithRetryManager:70 - Updater plugin not ready yet. [1/15]
2025-11-06 16:34:25,657 [INFO] PluginManage:359 - Loaded plugin tutovideos (category:base,tabindex:-1)
2025-11-06 16:34:25,658 [INFO] PluginManage:310 - Check plugin updater
2025-11-06 16:34:25,750 [INFO] PluginManage:359 - Loaded plugin updater (category:base,tabindex:12)
2025-11-06 16:34:25,751 [INFO] PluginManage:310 - Check plugin userauth
2025-11-06 16:34:25,763 [INFO] UserAuth:118 - Init User Auth plugin
2025-11-06 16:34:25,766 [INFO] PluginManage:359 - Loaded plugin userauth (category:base,tabindex:14)
2025-11-06 16:34:25,768 [INFO] PluginManage:283 - PluginManage : Loaded plugins [18]
2025-11-06 16:34:26,336 [INFO] PinOutPanel:1589 - setPackage(No Configuration,No Configuration)
2025-11-06 16:34:26,495 [INFO] CADModel:165 - CPN selected for project level
2025-11-06 16:34:26,495 [INFO] CADModel:114 - Register for checkConnection events
2025-11-06 16:34:26,545 [INFO] IPUIPlugin:80 - create IPUIPlugin
2025-11-06 16:34:26,546 [INFO] PluginManager:220 - loadIPPluginJar : add adc
2025-11-06 16:34:26,551 [INFO] IPUIPlugin:80 - create IPUIPlugin
2025-11-06 16:34:26,551 [INFO] PluginManager:220 - loadIPPluginJar : add aes
2025-11-06 16:34:26,556 [INFO] IPUIPlugin:80 - create IPUIPlugin
2025-11-06 16:34:26,557 [INFO] PluginManager:220 - loadIPPluginJar : add can
2025-11-06 16:34:26,560 [INFO] IPUIPlugin:80 - create IPUIPlugin
2025-11-06 16:34:26,560 [INFO] PluginManager:220 - loadIPPluginJar : add comp
2025-11-06 16:34:26,564 [INFO] IPUIPlugin:80 - create IPUIPlugin
2025-11-06 16:34:26,565 [INFO] PluginManager:220 - loadIPPluginJar : add cryp
2025-11-06 16:34:26,572 [INFO] IPUIPlugin:80 - create IPUIPlugin
2025-11-06 16:34:26,572 [INFO] PluginManager:220 - loadIPPluginJar : add ddr_ctrl_phy
2025-11-06 16:34:26,576 [INFO] IPUIPlugin:80 - create IPUIPlugin
2025-11-06 16:34:26,576 [INFO] PluginManager:220 - loadIPPluginJar : add dfsdm
2025-11-06 16:34:26,585 [INFO] IPUIPlugin:80 - create IPUIPlugin
2025-11-06 16:34:26,585 [INFO] PluginManager:220 - loadIPPluginJar : add dma
2025-11-06 16:34:26,589 [INFO] IPUIPlugin:80 - create IPUIPlugin
2025-11-06 16:34:26,589 [INFO] PluginManager:220 - loadIPPluginJar : add dma3
2025-11-06 16:34:26,594 [INFO] IPUIPlugin:80 - create IPUIPlugin
2025-11-06 16:34:26,594 [INFO] PluginManager:220 - loadIPPluginJar : add extmemmanager
2025-11-06 16:34:26,596 [INFO] IPUIPlugin:80 - create IPUIPlugin
2025-11-06 16:34:26,596 [INFO] PluginManager:220 - loadIPPluginJar : add fatfs
2025-11-06 16:34:26,604 [INFO] IPUIPlugin:80 - create IPUIPlugin
2025-11-06 16:34:26,604 [INFO] PluginManager:220 - loadIPPluginJar : add fmc
2025-11-06 16:34:26,622 [INFO] IPUIPlugin:80 - create IPUIPlugin
2025-11-06 16:34:26,622 [INFO] PluginManager:220 - loadIPPluginJar : add freertos
2025-11-06 16:34:26,625 [INFO] IPUIPlugin:80 - create IPUIPlugin
2025-11-06 16:34:26,626 [INFO] PluginManager:220 - loadIPPluginJar : add genericplugin
2025-11-06 16:34:26,630 [INFO] IPUIPlugin:80 - create IPUIPlugin
2025-11-06 16:34:26,630 [INFO] PluginManager:220 - loadIPPluginJar : add gfxmmu
2025-11-06 16:34:26,639 [INFO] IPUIPlugin:80 - create IPUIPlugin
2025-11-06 16:34:26,640 [INFO] PluginManager:220 - loadIPPluginJar : add gic
2025-11-06 16:34:26,647 [INFO] IPUIPlugin:80 - create IPUIPlugin
2025-11-06 16:34:26,647 [INFO] PluginManager:220 - loadIPPluginJar : add gpio
2025-11-06 16:34:26,653 [INFO] IPUIPlugin:80 - create IPUIPlugin
2025-11-06 16:34:26,653 [INFO] PluginManager:220 - loadIPPluginJar : add gtzc
2025-11-06 16:34:26,658 [INFO] IPUIPlugin:80 - create IPUIPlugin
2025-11-06 16:34:26,659 [INFO] PluginManager:220 - loadIPPluginJar : add hash
2025-11-06 16:34:26,664 [INFO] IPUIPlugin:80 - create IPUIPlugin
2025-11-06 16:34:26,665 [INFO] PluginManager:220 - loadIPPluginJar : add i2c
2025-11-06 16:34:26,670 [INFO] IPUIPlugin:80 - create IPUIPlugin
2025-11-06 16:34:26,670 [INFO] PluginManager:220 - loadIPPluginJar : add i2s
2025-11-06 16:34:26,676 [INFO] IPUIPlugin:80 - create IPUIPlugin
2025-11-06 16:34:26,677 [INFO] PluginManager:220 - loadIPPluginJar : add i3c
2025-11-06 16:34:26,684 [INFO] IPUIPlugin:80 - create IPUIPlugin
2025-11-06 16:34:26,684 [INFO] PluginManager:220 - loadIPPluginJar : add ipddr
2025-11-06 16:34:26,697 [INFO] IPUIPlugin:80 - create IPUIPlugin
2025-11-06 16:34:26,697 [INFO] PluginManager:220 - loadIPPluginJar : add linkedlist
2025-11-06 16:34:26,703 [INFO] IPUIPlugin:80 - create IPUIPlugin
2025-11-06 16:34:26,703 [INFO] PluginManager:220 - loadIPPluginJar : add lorawan
2025-11-06 16:34:26,706 [INFO] IPUIPlugin:80 - create IPUIPlugin
2025-11-06 16:34:26,706 [INFO] PluginManager:220 - loadIPPluginJar : add ltdc
2025-11-06 16:34:26,716 [INFO] IPUIPlugin:80 - create IPUIPlugin
2025-11-06 16:34:26,716 [INFO] PluginManager:220 - loadIPPluginJar : add mdma
2025-11-06 16:34:26,725 [INFO] IPUIPlugin:80 - create IPUIPlugin
2025-11-06 16:34:26,725 [INFO] PluginManager:220 - loadIPPluginJar : add nvic
2025-11-06 16:34:26,730 [INFO] IPUIPlugin:80 - create IPUIPlugin
2025-11-06 16:34:26,730 [INFO] PluginManager:220 - loadIPPluginJar : add opamp
2025-11-06 16:34:26,737 [INFO] IPUIPlugin:80 - create IPUIPlugin
2025-11-06 16:34:26,737 [INFO] PluginManager:220 - loadIPPluginJar : add openamp
2025-11-06 16:34:26,744 [INFO] IPUIPlugin:80 - create IPUIPlugin
2025-11-06 16:34:26,744 [INFO] PluginManager:220 - loadIPPluginJar : add pdm2pcm
2025-11-06 16:34:26,755 [INFO] IPUIPlugin:80 - create IPUIPlugin
2025-11-06 16:34:26,758 [INFO] PluginManager:220 - loadIPPluginJar : add plateformsettings
2025-11-06 16:34:26,761 [INFO] IPUIPlugin:80 - create IPUIPlugin
2025-11-06 16:34:26,762 [INFO] PluginManager:220 - loadIPPluginJar : add quadspi
2025-11-06 16:34:26,765 [INFO] IPUIPlugin:80 - create IPUIPlugin
2025-11-06 16:34:26,767 [INFO] PluginManager:220 - loadIPPluginJar : add radio
2025-11-06 16:34:26,775 [INFO] IPUIPlugin:80 - create IPUIPlugin
2025-11-06 16:34:26,775 [INFO] PluginManager:220 - loadIPPluginJar : add resmgrutility
2025-11-06 16:34:26,781 [INFO] IPUIPlugin:80 - create IPUIPlugin
2025-11-06 16:34:26,782 [INFO] PluginManager:220 - loadIPPluginJar : add sai
2025-11-06 16:34:26,790 [INFO] IPUIPlugin:80 - create IPUIPlugin
2025-11-06 16:34:26,790 [INFO] PluginManager:220 - loadIPPluginJar : add spi
2025-11-06 16:34:26,801 [INFO] IPUIPlugin:80 - create IPUIPlugin
2025-11-06 16:34:26,801 [INFO] PluginManager:220 - loadIPPluginJar : add stm32_wpan
2025-11-06 16:34:26,805 [INFO] IPUIPlugin:80 - create IPUIPlugin
2025-11-06 16:34:26,805 [INFO] PluginManager:220 - loadIPPluginJar : add tim
2025-11-06 16:34:26,814 [INFO] IPUIPlugin:80 - create IPUIPlugin
2025-11-06 16:34:26,815 [INFO] PluginManager:220 - loadIPPluginJar : add touchsensing
2025-11-06 16:34:26,822 [INFO] IPUIPlugin:80 - create IPUIPlugin
2025-11-06 16:34:26,823 [INFO] PluginManager:220 - loadIPPluginJar : add tracer_emb
2025-11-06 16:34:26,826 [INFO] IPUIPlugin:80 - create IPUIPlugin
2025-11-06 16:34:26,827 [INFO] PluginManager:220 - loadIPPluginJar : add ts
2025-11-06 16:34:26,834 [INFO] IPUIPlugin:80 - create IPUIPlugin
2025-11-06 16:34:26,835 [INFO] PluginManager:220 - loadIPPluginJar : add tsc
2025-11-06 16:34:26,839 [INFO] IPUIPlugin:80 - create IPUIPlugin
2025-11-06 16:34:26,839 [INFO] PluginManager:220 - loadIPPluginJar : add ucpd
2025-11-06 16:34:26,846 [INFO] IPUIPlugin:80 - create IPUIPlugin
2025-11-06 16:34:26,846 [INFO] PluginManager:220 - loadIPPluginJar : add usart
2025-11-06 16:34:26,854 [INFO] IPUIPlugin:80 - create IPUIPlugin
2025-11-06 16:34:26,854 [INFO] PluginManager:220 - loadIPPluginJar : add usbx
2025-11-06 16:34:27,086 [FATAL] Updater:351 - Updater called before beeing initialized
2025-11-06 16:34:27,161 [INFO] RulesReader:64 - Compatibility file has been processed (301 Rules)
2025-11-06 16:34:27,186 [INFO] RulesReader:64 - Compatibility file has been processed (301 Rules)
2025-11-06 16:34:27,198 [INFO] CADModel:165 - CPN selected for project level
2025-11-06 16:34:27,199 [INFO] CADModel:114 - Register for checkConnection events
2025-11-06 16:34:27,199 [FATAL] Updater:351 - Updater called before beeing initialized
2025-11-06 16:34:27,199 [ERROR] CADModel:125 - Updater not yet initialized, retry later 
2025-11-06 16:34:27,517 [FATAL] Updater:351 - Updater called before beeing initialized
2025-11-06 16:34:27,521 [INFO] CADModel:165 - CPN selected for project level
2025-11-06 16:34:27,521 [INFO] CADModel:114 - Register for checkConnection events
2025-11-06 16:34:27,521 [FATAL] Updater:351 - Updater called before beeing initialized
2025-11-06 16:34:27,521 [ERROR] CADModel:125 - Updater not yet initialized, retry later 
2025-11-06 16:34:27,527 [FATAL] Updater:351 - Updater called before beeing initialized
2025-11-06 16:34:27,778 [FATAL] Updater:351 - Updater called before beeing initialized
2025-11-06 16:34:27,784 [INFO] DbMcusAds:53 - JSON generation date=Thu Oct 02 15:06:05 IST 2025 (1759397765645)
2025-11-06 16:34:27,785 [FATAL] Updater:351 - Updater called before beeing initialized
2025-11-06 16:34:27,863 [WARN] DetailPanel:346 - Failed to get advertising image, set to default
2025-11-06 16:34:28,192 [FATAL] Updater:351 - Updater called before beeing initialized
2025-11-06 16:34:28,194 [FATAL] Updater:351 - Updater called before beeing initialized
2025-11-06 16:34:28,194 [FATAL] Updater:351 - Updater called before beeing initialized
2025-11-06 16:34:28,194 [WARN] DetailPanel:346 - Failed to get advertising image, set to default
2025-11-06 16:34:28,196 [FATAL] Updater:351 - Updater called before beeing initialized
2025-11-06 16:34:28,232 [INFO] ThirdPartyUpdaterWithRetryManager:70 - Updater plugin not ready yet. [2/15]
2025-11-06 16:34:28,277 [ERROR] Updater:1198 - MainUpdater not yet initialized. External WinMGr cannot be set.
2025-11-06 16:34:28,280 [INFO] Updater:1134 - Updater Version found : 6.14.0
2025-11-06 16:34:28,307 [INFO] ApplicationProperties:184 - Using Application install path: C:\ST\STM32CubeIDE_1.18.0\STM32CubeIDE\plugins\com.st.stm32cube.common.mx_6.14.0.202502271554
2025-11-06 16:34:29,889 [ERROR] LogOutputStream:75 - [STDERR_REDIRECT] Nov 06, 2025 4:34:29 PM java.util.prefs.WindowsPreferences <init>
2025-11-06 16:34:29,892 [ERROR] LogOutputStream:75 - [STDERR_REDIRECT] WARNING: Could not open/create prefs root node Software\JavaSoft\Prefs at root 0xffffffff80000002. Windows RegCreateKeyEx(...) returned error code 5.
2025-11-06 16:34:29,892 [ERROR] LogOutputStream:75 - [STDERR_REDIRECT] 
2025-11-06 16:34:30,417 [INFO] MainUpdater:2872 - connection check result : 10
2025-11-06 16:34:30,418 [INFO] MainUpdater:289 - Updater Check For Update Now.
2025-11-06 16:34:30,418 [INFO] MicroXplorer:498 - Change Database Version : DB.6.0.140
2025-11-06 16:34:30,429 [INFO] McuFinderGlobals:63 - Set McuFinder mode to 2 (CubeIDE integrated)
2025-11-06 16:34:30,431 [INFO] UserAuth:486 - Internet connection configuration mode: 1
2025-11-06 16:34:30,465 [INFO] JxBrowserEngine:152 - Initiate JxBrowser Engine with user profile folder
2025-11-06 16:34:30,705 [INFO] CheckServerUpdateThread:120 - End of CheckServer Thread
2025-11-06 16:34:32,302 [WARN] PackLoader:240 - Cannot read IP mode file for STMicroelectronics.FP-SNS-MOTENVWB1.1.4.0
2025-11-06 16:34:32,320 [WARN] PackLoader:240 - Cannot read IP mode file for STMicroelectronics.FP-ATR-ASTRA1.2.0.2
2025-11-06 16:34:32,374 [WARN] PackLoader:240 - Cannot read IP mode file for STMicroelectronics.X-CUBE-SMBUS.2.1.0
2025-11-06 16:34:32,396 [WARN] PackLoader:240 - Cannot read IP mode file for STMicroelectronics.X-CUBE-ST60.1.0.0
2025-11-06 16:34:32,524 [WARN] PackLoader:240 - Cannot read IP mode file for STMicroelectronics.X-CUBE-AZRTOS-F7.1.1.0
2025-11-06 16:34:32,542 [ERROR] Engine:466 - C:\Users\user\.stm32cubemx\thirdparties\pdsc\STMicroelectronics.FP-SNS-MOTENV1.5.1.0.pdsc: PDSC version is not supported
2025-11-06 16:34:32,590 [WARN] PackLoader:240 - Cannot read IP mode file for Infineon.AIROC-Wi-Fi-Bluetooth-STM32.1.7.1
2025-11-06 16:34:32,747 [WARN] PackLoader:240 - Cannot read IP mode file for STMicroelectronics.X-CUBE-AZRTOS-H7.3.4.0
2025-11-06 16:34:32,783 [WARN] PackLoader:240 - Cannot read IP mode file for STMicroelectronics.X-CUBE-DISPLAY.3.0.0
2025-11-06 16:34:32,806 [WARN] PackLoader:240 - Cannot read IP mode file for STMicroelectronics.X-CUBE-NFC10.1.0.0
2025-11-06 16:34:32,817 [WARN] PackLoader:240 - Cannot read IP mode file for STMicroelectronics.X-CUBE-ST60.1.1.0
2025-11-06 16:34:32,828 [WARN] PackLoader:240 - Cannot read IP mode file for emotas.I-CUBE-CANOPEN.1.3.0
2025-11-06 16:34:32,865 [WARN] PackLoader:240 - Cannot read IP mode file for STMicroelectronics.X-CUBE-GNSS1.7.1.0
2025-11-06 16:34:32,878 [ERROR] Engine:466 - C:\Users\user\.stm32cubemx\thirdparties\pdsc\STMicroelectronics.FP-SNS-STBOX1.2.1.0.pdsc: PDSC version is not supported
2025-11-06 16:34:32,893 [WARN] PackLoader:240 - Cannot read IP mode file for STMicroelectronics.FP-SNS-SMARTAG2.1.2.0
2025-11-06 16:34:32,904 [WARN] PackLoader:240 - Cannot read IP mode file for STMicroelectronics.FP-SNS-FLIGHT1.5.1.0
2025-11-06 16:34:32,926 [INFO] LogOutputStream:77 - [STDOUT_REDIRECT] 1 : Invalid condition id : UX_CORESTACK_Condition cause : null
2025-11-06 16:34:32,927 [INFO] LogOutputStream:77 - [STDOUT_REDIRECT] 1 : Invalid condition id : UX_CORESTACK_Condition cause : null
2025-11-06 16:34:32,929 [INFO] LogOutputStream:77 - [STDOUT_REDIRECT] 1 : Invalid condition id : UX_CORESTACK_Condition cause : null
2025-11-06 16:34:32,931 [INFO] LogOutputStream:77 - [STDOUT_REDIRECT] 1 : Invalid condition id : UX_CORESTACK_Condition cause : null
2025-11-06 16:34:32,933 [INFO] LogOutputStream:77 - [STDOUT_REDIRECT] 1 : Invalid condition id : UX_CORESTACK_Condition cause : null
2025-11-06 16:34:32,938 [WARN] PackLoader:240 - Cannot read IP mode file for STMicroelectronics.X-CUBE-AZRTOS-WL.2.0.0
2025-11-06 16:34:32,954 [WARN] PackLoader:240 - Cannot read IP mode file for STMicroelectronics.FP-SNS-MOTENV1.5.0.0
2025-11-06 16:34:32,977 [WARN] PackLoader:240 - Cannot read IP mode file for WES.I-CUBE-Cesium.1.3.0
2025-11-06 16:34:33,049 [WARN] PackLoader:240 - Cannot read IP mode file for STMicroelectronics.X-CUBE-BLE2.3.3.0
2025-11-06 16:34:33,062 [WARN] PackLoader:240 - Cannot read IP mode file for STMicroelectronics.X-CUBE-NFC9.1.0.0
2025-11-06 16:34:33,116 [WARN] PackLoader:240 - Cannot read IP mode file for wolfSSL.I-CUBE-wolfSSL.5.8.2
2025-11-06 16:34:33,128 [WARN] PackLoader:240 - Cannot read IP mode file for STMicroelectronics.X-CUBE-BLE1.7.1.0
2025-11-06 16:34:33,135 [WARN] PackLoader:240 - Cannot read IP mode file for wolfSSL.I-CUBE-wolfMQTT.1.19.2
2025-11-06 16:34:33,154 [WARN] PackLoader:240 - Cannot read IP mode file for STMicroelectronics.X-CUBE-EEPRMA1.5.2.0
2025-11-06 16:34:33,161 [ERROR] Engine:466 - C:\Users\user\.stm32cubemx\thirdparties\pdsc\STMicroelectronics.X-CUBE-ST67W61.1.1.0.pdsc: PDSC version is not supported
2025-11-06 16:34:33,166 [WARN] PackLoader:240 - Cannot read IP mode file for STMicroelectronics.X-CUBE-AI.10.1.0
2025-11-06 16:34:33,170 [INFO] WebApp:169 - Instantiating new browser for Auth
2025-11-06 16:34:33,190 [WARN] PackLoader:240 - Cannot read IP mode file for STMicroelectronics.X-CUBE-AZRTOS-G0.1.1.0
2025-11-06 16:34:33,220 [WARN] PackLoader:240 - Cannot read IP mode file for STMicroelectronics.X-CUBE-SAFEA1.1.2.2
2025-11-06 16:34:33,234 [WARN] PackLoader:240 - Cannot read IP mode file for STMicroelectronics.X-CUBE-NFC4.3.0.0
2025-11-06 16:34:33,247 [WARN] PackLoader:240 - Cannot read IP mode file for EmbeddedOffice.I-CUBE-FS-RTOS.1.0.1
2025-11-06 16:34:33,268 [WARN] PackLoader:240 - Cannot read IP mode file for STMicroelectronics.X-CUBE-WB05N.2.0.0
2025-11-06 16:34:33,287 [WARN] PackLoader:240 - Cannot read IP mode file for wolfSSL.I-CUBE-wolfTPM.3.8.0
2025-11-06 16:34:33,298 [WARN] PackLoader:240 - Cannot read IP mode file for STMicroelectronics.X-CUBE-TCPP.4.2.0
2025-11-06 16:34:33,307 [WARN] PackLoader:240 - Cannot read IP mode file for RealThread.X-CUBE-RT-Thread_Nano.4.1.1
2025-11-06 16:34:33,317 [WARN] PackLoader:240 - Cannot read IP mode file for STMicroelectronics.FP-ATR-SIGFOX1.3.2.0
2025-11-06 16:34:33,330 [WARN] PackLoader:240 - Cannot read IP mode file for ITTIA_DB.I-CUBE-ITTIADB.8.9.0
2025-11-06 16:34:33,338 [WARN] PackLoader:240 - Cannot read IP mode file for STMicroelectronics.X-CUBE-ST67W61.1.0.0
2025-11-06 16:34:33,348 [WARN] PackLoader:240 - Cannot read IP mode file for STMicroelectronics.X-CUBE-AI.10.2.0
2025-11-06 16:34:33,389 [WARN] PackLoader:240 - Cannot read IP mode file for SEGGER.I-CUBE-embOS.1.3.1
2025-11-06 16:34:33,502 [WARN] PackLoader:240 - Cannot read IP mode file for STMicroelectronics.X-CUBE-ALGOBUILD.1.4.0
2025-11-06 16:34:33,589 [WARN] PackLoader:240 - Cannot read IP mode file for STMicroelectronics.X-CUBE-MEMS1.11.3.0
2025-11-06 16:34:33,866 [WARN] PackLoader:240 - Cannot read IP mode file for STMicroelectronics.X-CUBE-PM33A1.1.0.0
2025-11-06 16:34:33,966 [WARN] PackLoader:240 - Cannot read IP mode file for STMicroelectronics.X-CUBE-AZRTOS-F4.1.1.0
2025-11-06 16:34:33,985 [WARN] PackLoader:240 - Cannot read IP mode file for STMicroelectronics.X-CUBE-ISPU.2.1.0
2025-11-06 16:34:33,994 [ERROR] Engine:466 - C:\Users\user\.stm32cubemx\thirdparties\pdsc\STMicroelectronics.X-CUBE-IPS.3.2.0.pdsc: PDSC version is not supported
2025-11-06 16:34:34,011 [WARN] PackLoader:240 - Cannot read IP mode file for STMicroelectronics.X-CUBE-NFC12.1.0.0
2025-11-06 16:34:34,039 [WARN] PackLoader:240 - Cannot read IP mode file for STMicroelectronics.X-CUBE-AZRTOS-L5.2.0.0
2025-11-06 16:34:34,055 [WARN] PackLoader:240 - Cannot read IP mode file for STMicroelectronics.X-CUBE-NFC6.3.1.0
2025-11-06 16:34:34,069 [WARN] PackLoader:240 - Cannot read IP mode file for STMicroelectronics.X-CUBE-FREERTOS.1.3.1
2025-11-06 16:34:34,080 [WARN] PackLoader:240 - Cannot read IP mode file for STMicroelectronics.X-CUBE-TOUCHGFX.4.26.0
2025-11-06 16:34:34,089 [WARN] PackLoader:240 - Cannot read IP mode file for STMicroelectronics.FP-SNS-STAIOTCFT.1.0.0
2025-11-06 16:34:34,101 [WARN] PackLoader:240 - Cannot read IP mode file for STMicroelectronics.X-CUBE-DPower.1.3.0
2025-11-06 16:34:34,123 [WARN] ConditionMgr:438 - getConditionDescription Invalid condition id : LAN8742 Phy interface Condition cause : null
2025-11-06 16:34:34,124 [WARN] PackLoader:240 - Cannot read IP mode file for STMicroelectronics.X-CUBE-AZRTOS-L4.2.0.0
2025-11-06 16:34:34,125 [WARN] ConditionMgr:1044 - genDependencies : Invalid condition id : LAN8742 Phy interface Condition cause : null
2025-11-06 16:34:34,125 [WARN] ConditionMgr:1044 - genDependencies : Invalid condition id : LAN8742 Phy interface Condition cause : null
2025-11-06 16:34:34,126 [WARN] ConditionMgr:1044 - genDependencies : Invalid condition id : LAN8742 Phy interface Condition cause : null
2025-11-06 16:34:34,142 [WARN] PackLoader:240 - Cannot read IP mode file for STMicroelectronics.X-CUBE-SFXS2LP1.4.0.0
2025-11-06 16:34:34,159 [WARN] PackLoader:240 - Cannot read IP mode file for STMicroelectronics.X-CUBE-BLEMGR.4.1.0
2025-11-06 16:34:34,201 [WARN] ConditionMgr:438 - getConditionDescription Invalid condition id : UX DEVICE CLASS RTOS Condition cause : null
2025-11-06 16:34:34,202 [WARN] ConditionMgr:438 - getConditionDescription Invalid condition id : UX DEVICE CLASS RTOS Condition cause : null
2025-11-06 16:34:34,207 [WARN] PackLoader:240 - Cannot read IP mode file for STMicroelectronics.X-CUBE-AZRTOS-WB.2.0.0
2025-11-06 16:34:34,209 [WARN] ConditionMgr:1044 - genDependencies : Invalid condition id : UX DEVICE CLASS RTOS Condition cause : null
2025-11-06 16:34:34,209 [WARN] ConditionMgr:1044 - genDependencies : Invalid condition id : UX DEVICE CLASS RTOS Condition cause : null
2025-11-06 16:34:34,210 [WARN] ConditionMgr:1044 - genDependencies : Invalid condition id : UX DEVICE CLASS RTOS Condition cause : null
2025-11-06 16:34:34,212 [WARN] ConditionMgr:1044 - genDependencies : Invalid condition id : UX DEVICE CLASS RTOS Condition cause : null
2025-11-06 16:34:34,213 [WARN] ConditionMgr:1044 - genDependencies : Invalid condition id : UX DEVICE CLASS RTOS Condition cause : null
2025-11-06 16:34:34,244 [WARN] PackLoader:240 - Cannot read IP mode file for STMicroelectronics.X-CUBE-GNSS1.7.0.1
2025-11-06 16:34:34,253 [WARN] PackLoader:240 - Cannot read IP mode file for STMicroelectronics.X-CUBE-TOUCHGFX.4.25.0
2025-11-06 16:34:34,261 [WARN] PackLoader:240 - Cannot read IP mode file for STMicroelectronics.FP-SNS-STBOX1.2.0.0
2025-11-06 16:34:34,272 [WARN] ConditionMgr:438 - getConditionDescription Invalid condition id : Cortex-A Device cause : null
2025-11-06 16:34:34,310 [WARN] ConditionMgr:1044 - genDependencies : Invalid condition id : Cortex-A Device cause : null
2025-11-06 16:34:34,310 [WARN] ConditionMgr:1044 - genDependencies : Invalid condition id : Cortex-A Device cause : null
2025-11-06 16:34:34,310 [WARN] ConditionMgr:1044 - genDependencies : Invalid condition id : Cortex-A Device cause : null
2025-11-06 16:34:34,336 [WARN] PackLoader:240 - Cannot read IP mode file for STMicroelectronics.X-CUBE-SUBG2.5.0.0
2025-11-06 16:34:34,383 [WARN] PackLoader:240 - Cannot read IP mode file for STMicroelectronics.X-CUBE-AZRTOS-H7RS.1.1.0
2025-11-06 16:34:34,393 [WARN] PackLoader:240 - Cannot read IP mode file for Cesanta.I-CUBE-Mongoose.7.13.0
2025-11-06 16:34:34,429 [WARN] PackLoader:240 - Cannot read IP mode file for STMicroelectronics.X-CUBE-AZRTOS-G4.2.0.0
2025-11-06 16:34:34,446 [WARN] PackLoader:240 - Cannot read IP mode file for wolfSSL.I-CUBE-wolfSSH.1.4.20
2025-11-06 16:34:34,454 [WARN] PackLoader:240 - Cannot read IP mode file for STMicroelectronics.X-CUBE-NFC7.2.0.0
2025-11-06 16:34:34,522 [WARN] PackLoader:240 - Cannot read IP mode file for STMicroelectronics.X-CUBE-IPS.3.1.0
2025-11-06 16:34:34,536 [WARN] PackLoader:240 - Cannot read IP mode file for STMicroelectronics.X-CUBE-ALS.1.0.2
2025-11-06 16:34:34,547 [WARN] PackLoader:240 - Cannot read IP mode file for STMicroelectronics.X-CUBE-STSE01.1.0.0
2025-11-06 16:34:34,556 [WARN] PackLoader:240 - Cannot read IP mode file for portGmbH.I-Cube-SoM-uGOAL.1.1.0
2025-11-06 16:34:34,571 [WARN] PackLoader:240 - Cannot read IP mode file for STMicroelectronics.X-CUBE-TOF1.3.4.3
2025-11-06 16:34:34,606 [INFO] ThirdParty:978 - Integrity check success = true
2025-11-06 16:34:34,606 [INFO] IntegrityCheckThread:100 - exiting critical section [integrity check]
2025-11-06 16:34:34,606 [INFO] IntegrityCheckThread:103 - End integrity checks thread
2025-11-06 16:34:36,251 [INFO] WebApp:463 - Apply proxy settings
2025-11-06 16:34:36,251 [INFO] WebApp:548 - Chromium requires no authentication
2025-11-06 16:34:36,283 [INFO] WebApp:491 - Direct internet connection detected
2025-11-06 16:34:36,378 [INFO] WebApp:894 - Register for checkConnection events
2025-11-06 16:34:36,379 [INFO] WebApp:463 - Apply proxy settings
2025-11-06 16:34:36,379 [INFO] WebApp:548 - Chromium requires no authentication
2025-11-06 16:34:36,379 [INFO] WebApp:491 - Direct internet connection detected
2025-11-06 16:34:36,878 [INFO] WebApp:225 - Starting web application
2025-11-06 16:34:36,878 [INFO] WebApp:593 - Web application path used C:\ST\STM32CubeIDE_1.18.0\STM32CubeIDE\plugins\com.st.stm32cube.common.mx_6.14.0.202502271554\db\plugins\mcufinder\reactClient1\index.html
2025-11-06 16:34:36,949 [INFO] WebApp:191 - Connection restablished
2025-11-06 16:34:37,209 [INFO] UserAuth:486 - Internet connection configuration mode: 1
2025-11-06 16:46:25,275 [INFO] McuFinderGlobals:63 - Set McuFinder mode to 2 (CubeIDE integrated)
2025-11-06 16:46:25,292 [INFO] MainUpdater:2872 - connection check result : 10
2025-11-06 16:46:25,295 [INFO] MainUpdater:2872 - connection check result : 10
2025-11-06 16:46:25,497 [INFO] MicroXplorer:468 - Change Database Path : 
2025-11-06 16:46:25,498 [INFO] MicroXplorer:498 - Change Database Version : DB.6.0.140
2025-11-06 16:46:25,528 [WARN] ThirdParty:871 - waiting for thirdparty lock release [close project]
2025-11-06 16:46:25,529 [INFO] ThirdParty:873 - entering critical section [close project]
2025-11-06 16:46:25,531 [INFO] ThirdParty:883 - exiting critical section [close project]
2025-11-06 16:46:25,542 [INFO] PinOutPanel:1589 - setPackage(No Configuration,No Configuration)
2025-11-06 16:46:25,567 [INFO] UtilMem:75 - Begin LoadConfig() Used Memory: 967913512 Bytes (1073741824)
2025-11-06 16:46:25,570 [INFO] MicroXplorer:468 - Change Database Path : 
2025-11-06 16:46:25,570 [INFO] MicroXplorer:498 - Change Database Version : DB.6.0.140
2025-11-06 16:46:25,570 [INFO] OpenFileManager:354 - Change cursor
2025-11-06 16:46:25,828 [INFO] Mcu:2011 - Initializing MCU STM32F411C(C-E)Ux STM32F411CEUx STM32F411CEU6
2025-11-06 16:46:30,069 [INFO] Context:756 - Trying to add GPIOservice into a context  which must be forbidden
2025-11-06 16:46:31,120 [INFO] ImportTextPane:218 - (OptionalMessage_ERROR) Pin7 (VP_RIF_VS_RIF1) cannot be retrieved for this MCU
2025-11-06 16:46:31,831 [INFO] RtosManager:558 - Registered RTOS mode: class=CMSIS, group=RTOS, mode=CMSIS_V1, owner=FREERTOS
2025-11-06 16:46:31,832 [INFO] RtosManager:558 - Registered RTOS mode: class=CMSIS, group=RTOS2, mode=CMSIS_V2, owner=FREERTOS
2025-11-06 16:46:31,832 [INFO] RtosManager:558 - Registered RTOS mode: class=RTOS, group=Core, mode=CMSIS_V1, owner=FREERTOS
2025-11-06 16:46:31,832 [INFO] RtosManager:558 - Registered RTOS mode: class=RTOS, group=Core, mode=CMSIS_V2, owner=FREERTOS
2025-11-06 16:46:31,832 [WARN] ModelIntegratedComponent:184 - Missing modes for component STMicroelectronics:FreeRTOS:0.0.1:STMicroelectronics:RTOS:FreeRTOS:Core:::10.2.0:
2025-11-06 16:46:31,876 [WARN] ModelIntegratedComponent:182 - Modes not found for component STMicroelectronics:USB_HOST:1.0.0:STMicroelectronics:USB::USB Host:Audio HS::1.0:USB_HOST_1_0_RESTRICTED_HS
2025-11-06 16:46:31,876 [WARN] ModelIntegratedComponent:188 - Modes not found for component STMicroelectronics:USB_HOST:1.0.0:STMicroelectronics:USB::USB Host:Audio HS::1.0:USB_HOST_1_0_RESTRICTED_HS
2025-11-06 16:46:31,876 [WARN] ModelIntegratedComponent:182 - Modes not found for component STMicroelectronics:USB_HOST:1.0.0:STMicroelectronics:USB::USB Host:CDC HS::1.0:USB_HOST_1_0_RESTRICTED_HS
2025-11-06 16:46:31,877 [WARN] ModelIntegratedComponent:188 - Modes not found for component STMicroelectronics:USB_HOST:1.0.0:STMicroelectronics:USB::USB Host:CDC HS::1.0:USB_HOST_1_0_RESTRICTED_HS
2025-11-06 16:46:31,877 [WARN] ModelIntegratedComponent:182 - Modes not found for component STMicroelectronics:USB_HOST:1.0.0:STMicroelectronics:USB::USB Host:MSC HS::1.0:USB_HOST_1_0_RESTRICTED_HS
2025-11-06 16:46:31,877 [WARN] ModelIntegratedComponent:188 - Modes not found for component STMicroelectronics:USB_HOST:1.0.0:STMicroelectronics:USB::USB Host:MSC HS::1.0:USB_HOST_1_0_RESTRICTED_HS
2025-11-06 16:46:31,878 [WARN] ModelIntegratedComponent:182 - Modes not found for component STMicroelectronics:USB_HOST:1.0.0:STMicroelectronics:USB::USB Host:HID HS::1.0:USB_HOST_1_0_RESTRICTED_HS
2025-11-06 16:46:31,878 [WARN] ModelIntegratedComponent:188 - Modes not found for component STMicroelectronics:USB_HOST:1.0.0:STMicroelectronics:USB::USB Host:HID HS::1.0:USB_HOST_1_0_RESTRICTED_HS
2025-11-06 16:46:31,878 [WARN] ModelIntegratedComponent:182 - Modes not found for component STMicroelectronics:USB_HOST:1.0.0:STMicroelectronics:USB::USB Host:MTP HS::1.0:USB_HOST_1_0_RESTRICTED_HS
2025-11-06 16:46:31,878 [WARN] ModelIntegratedComponent:188 - Modes not found for component STMicroelectronics:USB_HOST:1.0.0:STMicroelectronics:USB::USB Host:MTP HS::1.0:USB_HOST_1_0_RESTRICTED_HS
2025-11-06 16:46:31,900 [WARN] ModelIntegratedComponent:63 - No mode defined for component null
2025-11-06 16:46:31,900 [WARN] ModelIntegratedComponent:63 - No mode defined for component null
2025-11-06 16:46:31,900 [WARN] ModelIntegratedComponent:63 - No mode defined for component null
2025-11-06 16:46:31,900 [WARN] ModelIntegratedComponent:63 - No mode defined for component null
2025-11-06 16:46:31,901 [WARN] ModelIntegratedComponent:63 - No mode defined for component null
2025-11-06 16:46:31,901 [WARN] ModelIntegratedComponent:63 - No mode defined for component null
2025-11-06 16:46:31,901 [WARN] ModelIntegratedComponent:63 - No mode defined for component null
2025-11-06 16:46:31,901 [WARN] ModelIntegratedComponent:63 - No mode defined for component null
2025-11-06 16:46:31,901 [WARN] ModelIntegratedComponent:63 - No mode defined for component null
2025-11-06 16:46:31,901 [WARN] ModelIntegratedComponent:63 - No mode defined for component null
2025-11-06 16:46:31,901 [WARN] ModelIntegratedComponent:63 - No mode defined for component null
2025-11-06 16:46:31,901 [WARN] ModelIntegratedComponent:63 - No mode defined for component null
2025-11-06 16:46:31,901 [WARN] ModelIntegratedComponent:63 - No mode defined for component null
2025-11-06 16:46:31,901 [WARN] ModelIntegratedComponent:63 - No mode defined for component null
2025-11-06 16:46:31,902 [WARN] ModelIntegratedComponent:63 - No mode defined for component null
2025-11-06 16:46:31,902 [WARN] ModelIntegratedComponent:63 - No mode defined for component null
2025-11-06 16:46:31,902 [WARN] ModelIntegratedComponent:63 - No mode defined for component null
2025-11-06 16:46:31,902 [WARN] ModelIntegratedComponent:63 - No mode defined for component null
2025-11-06 16:46:31,903 [WARN] ModelIntegratedComponent:63 - No mode defined for component null
2025-11-06 16:46:31,904 [WARN] ModelIntegratedComponent:63 - No mode defined for component null
2025-11-06 16:46:31,904 [WARN] ModelIntegratedComponent:63 - No mode defined for component null
2025-11-06 16:46:31,904 [WARN] ModelIntegratedComponent:63 - No mode defined for component null
2025-11-06 16:46:31,904 [WARN] ModelIntegratedComponent:63 - No mode defined for component null
2025-11-06 16:46:31,905 [WARN] ModelIntegratedComponent:63 - No mode defined for component null
2025-11-06 16:46:31,905 [WARN] ModelIntegratedComponent:63 - No mode defined for component null
2025-11-06 16:46:31,905 [WARN] ModelIntegratedComponent:63 - No mode defined for component null
2025-11-06 16:46:31,906 [WARN] ModelIntegratedComponent:63 - No mode defined for component null
2025-11-06 16:46:31,906 [WARN] ModelIntegratedComponent:63 - No mode defined for component null
2025-11-06 16:46:31,906 [WARN] ModelIntegratedComponent:63 - No mode defined for component null
2025-11-06 16:46:31,906 [WARN] ModelIntegratedComponent:63 - No mode defined for component null
2025-11-06 16:46:31,906 [WARN] ModelIntegratedComponent:63 - No mode defined for component null
2025-11-06 16:46:31,906 [WARN] ModelIntegratedComponent:63 - No mode defined for component null
2025-11-06 16:46:31,906 [WARN] ModelIntegratedComponent:63 - No mode defined for component null
2025-11-06 16:46:31,907 [WARN] ModelIntegratedComponent:63 - No mode defined for component null
2025-11-06 16:46:31,907 [WARN] ModelIntegratedComponent:63 - No mode defined for component null
2025-11-06 16:46:31,908 [WARN] ModelPack:524 - Component already loaded: STMicroelectronics:HAL Drivers:0.0.0:STMicroelectronics:Device:STMicro_Driver:XSPI:HAL::0.0.1:HAL_XSPI
2025-11-06 16:46:32,099 [WARN] ModelIntegratedComponent:182 - Modes not found for component STMicroelectronics:USB_DEVICE:1.0.0:STMicroelectronics:USB::USB Device:Audio HS::1.0:USB_DEVICE_1_0_RESTRICTED_HS
2025-11-06 16:46:32,099 [WARN] ModelIntegratedComponent:188 - Modes not found for component STMicroelectronics:USB_DEVICE:1.0.0:STMicroelectronics:USB::USB Device:Audio HS::1.0:USB_DEVICE_1_0_RESTRICTED_HS
2025-11-06 16:46:32,099 [WARN] ModelIntegratedComponent:182 - Modes not found for component STMicroelectronics:USB_DEVICE:1.0.0:STMicroelectronics:USB::USB Device:CDC HS::1.0:USB_DEVICE_1_0_RESTRICTED_HS
2025-11-06 16:46:32,099 [WARN] ModelIntegratedComponent:188 - Modes not found for component STMicroelectronics:USB_DEVICE:1.0.0:STMicroelectronics:USB::USB Device:CDC HS::1.0:USB_DEVICE_1_0_RESTRICTED_HS
2025-11-06 16:46:32,099 [WARN] ModelIntegratedComponent:182 - Modes not found for component STMicroelectronics:USB_DEVICE:1.0.0:STMicroelectronics:USB::USB Device:DFU HS::1.0:USB_DEVICE_1_0_RESTRICTED_HS
2025-11-06 16:46:32,100 [WARN] ModelIntegratedComponent:188 - Modes not found for component STMicroelectronics:USB_DEVICE:1.0.0:STMicroelectronics:USB::USB Device:DFU HS::1.0:USB_DEVICE_1_0_RESTRICTED_HS
2025-11-06 16:46:32,100 [WARN] ModelIntegratedComponent:182 - Modes not found for component STMicroelectronics:USB_DEVICE:1.0.0:STMicroelectronics:USB::USB Device:HID HS::1.0:USB_DEVICE_1_0_RESTRICTED_HS
2025-11-06 16:46:32,100 [WARN] ModelIntegratedComponent:188 - Modes not found for component STMicroelectronics:USB_DEVICE:1.0.0:STMicroelectronics:USB::USB Device:HID HS::1.0:USB_DEVICE_1_0_RESTRICTED_HS
2025-11-06 16:46:32,100 [WARN] ModelIntegratedComponent:182 - Modes not found for component STMicroelectronics:USB_DEVICE:1.0.0:STMicroelectronics:USB::USB Device:Custom HID HS::1.0:USB_DEVICE_1_0_RESTRICTED_HS
2025-11-06 16:46:32,108 [WARN] ModelIntegratedComponent:188 - Modes not found for component STMicroelectronics:USB_DEVICE:1.0.0:STMicroelectronics:USB::USB Device:Custom HID HS::1.0:USB_DEVICE_1_0_RESTRICTED_HS
2025-11-06 16:46:32,108 [WARN] ModelIntegratedComponent:182 - Modes not found for component STMicroelectronics:USB_DEVICE:1.0.0:STMicroelectronics:USB::USB Device:MSC HS::1.0:USB_DEVICE_1_0_RESTRICTED_HS
2025-11-06 16:46:32,108 [WARN] ModelIntegratedComponent:188 - Modes not found for component STMicroelectronics:USB_DEVICE:1.0.0:STMicroelectronics:USB::USB Device:MSC HS::1.0:USB_DEVICE_1_0_RESTRICTED_HS
2025-11-06 16:46:32,140 [INFO] ThirdPartyModel:298 - Start build external matchings
2025-11-06 16:46:32,772 [INFO] ThirdPartyModel:316 - End build external matchings
2025-11-06 16:46:33,598 [INFO] ApiDb:581 - Connected to CubeFinder SQLite database (C:\Users\user\.stmcufinder\plugins\mcufinder\mcu\cube-finder-db.db)
2025-11-06 16:46:34,189 [INFO] ApiDb:668 - CubeFinder database Data Model version=2.1
2025-11-06 16:46:34,189 [INFO] ApiDb:669 - CubeFinder database Configuration version=3.0.39
2025-11-06 16:46:34,191 [INFO] ApiDb:670 - CubeFinder database generation date=2025-10-27 (1761571959)
2025-11-06 16:46:34,191 [INFO] ApiDb:671 - CubeFinder database FW Pack versions=[FP-ATR-ASTRA1_V2.0.0, FP-SNS-FLIGHT1_V5.1.0, FP-SNS-MOTENV1_V5.0.0, FP-SNS-MOTENVWB1_V1.4.0, FP-SNS-SMARTAG2_V1.2.0, FP-SNS-STBOX1_V2.1.0, STM32Cube_FW_C0_V1.4.0, STM32Cube_FW_F4_V1.28.3, STM32Cube_FW_F7_V1.17.4, STM32Cube_FW_G0_V1.6.2, STM32Cube_FW_G4_V1.6.1, STM32Cube_FW_H5_V1.5.0, STM32Cube_FW_H7RS_V1.2.0, STM32Cube_FW_H7_V1.12.1, STM32Cube_FW_L0_V1.12.2, STM32Cube_FW_L4_V1.18.1, STM32Cube_FW_L5_V1.5.1, STM32Cube_FW_N6_V1.2.0, STM32Cube_FW_U0_V1.3.0, STM32Cube_FW_U3_V1.2.1, STM32Cube_FW_U5_V1.8.0, STM32Cube_FW_WB0_V1.3.0, STM32Cube_FW_WBA_V1.7.0, STM32Cube_FW_WB_V1.23.0, STM32Cube_FW_WL3_V1.2.0, STM32Cube_FW_WL_V1.3.1, X-CUBE-ALGOBUILD_V1.4.0, X-CUBE-ALS_V1.0.2, X-CUBE-AZRTOS-F4_V1.1.0, X-CUBE-AZRTOS-F7_V1.1.0, X-CUBE-AZRTOS-G0_V1.1.0, X-CUBE-AZRTOS-G4_V2.0.0, X-CUBE-AZRTOS-H7RS_V1.1.0, X-CUBE-AZRTOS-H7_V3.4.0, X-CUBE-AZRTOS-L4_V2.0.0, X-CUBE-AZRTOS-L5_V2.0.0, X-CUBE-AZRTOS-WB_V2.0.0, X-CUBE-AZRTOS-WL_V2.0.0, X-CUBE-BLE1_V7.1.0, X-CUBE-BLE2_V3.3.0, X-CUBE-BLEMGR_V4.1.0, X-CUBE-EEPRMA1_V5.2.0, X-CUBE-FREERTOS_V1.3.1, X-CUBE-GNSS1_V6.0.0, X-CUBE-MEMS1_V11.3.0, X-CUBE-NFC4_V3.0.0, X-CUBE-NFC7_V2.0.0, X-CUBE-SFXS2LP1_V4.0.0, X-CUBE-ST67W61_V1.1.0, X-CUBE-SUBG2_V5.0.0, X-CUBE-TOF1_V3.4.3]
2025-11-06 16:46:35,006 [INFO] DbBoardsSqlite:226 - include board P-NUCLEO-WB55-NUCLEO as a kit item of type 'Nucleo-64'
2025-11-06 16:46:35,007 [INFO] DbBoardsSqlite:226 - include board P-NUCLEO-WB55-USBDONGLE as a kit item of type 'Nucleo USB Dongle'
2025-11-06 16:46:35,011 [INFO] DbBoardsSqlite:226 - include board STEVAL-IDP005V1 as a kit item of type 'Evaluation Board'
2025-11-06 16:46:35,014 [INFO] DbBoardsSqlite:226 - include board STEVAL-IDP005V2 as a kit item of type 'Evaluation Board'
2025-11-06 16:46:36,881 [INFO] ApiDb:240 - Found 895 in-development CPN: [B-G473E-ZEST1S, B-WB1M-WPAN1, B-WBA5M-WPAN, B-WL5M-SUBG1, NUCLEO-C031C6, NUCLEO-C051C8, NUCLEO-C071RB, NUCLEO-C092RC, NUCLEO-H503RB, NUCLEO-H533RE, NUCLEO-H563ZI, NUCLEO-H7S3L8, NUCLEO-N657X0-Q, NUCLEO-U031R8, NUCLEO-U083RC, NUCLEO-U385RG-Q, NUCLEO-U545RE-Q, NUCLEO-U5A5ZJ-Q, NUCLEO-WB05KZ, NUCLEO-WB07CC, NUCLEO-WB09KE, NUCLEO-WBA52CG, NUCLEO-WBA55CG, NUCLEO-WBA65RI, NUCLEO-WL33CC1, NUCLEO-WL33CC2, STEVAL-PROTEUS1, STEVAL-SMARTAG2, STEVAL-STWINBX1, STM320518-EVAL, STM32C0116-DK, STM32C011D6Y3TR, STM32C011D6Y6TR, STM32C011F4P3, STM32C011F4P6, STM32C011F4U3, STM32C011F4U6TR, STM32C011F6P3, STM32C011F6P6, STM32C011F6U3, STM32C011F6U6TR, STM32C011J4M3, STM32C011J4M6, STM32C011J6M3, STM32C011J6M6, STM32C0316-DK, STM32C031C4T3, STM32C031C4T6, STM32C031C4U3, STM32C031C4U6, STM32C031C6T3, STM32C031C6T6, STM32C031C6U3, STM32C031C6U6, STM32C031F4P3, STM32C031F4P6, STM32C031F6P3, STM32C031F6P6, STM32C031G4U3, STM32C031G4U6, STM32C031G6U3, STM32C031G6U6, STM32C031K4T3, STM32C031K4T6, STM32C031K4U3, STM32C031K4U6, STM32C031K6T3, STM32C031K6T6, STM32C031K6U3, STM32C031K6U6, STM32C051C6T6, STM32C051C6U6, STM32C051C8T6, STM32C051C8U6, STM32C051D8Y6TR, STM32C051F6P6, STM32C051F8P6, STM32C051G6U6, STM32C051G8U6, STM32C051K6T6, STM32C051K6U6, STM32C051K8T6, STM32C071C8T6, STM32C071C8T6N, STM32C071C8U6, STM32C071C8U6N, STM32C071CBT6, STM32C071CBT6N, STM32C071CBU6, STM32C071CBU6N, STM32C071F8P6, STM32C071F8P6N, STM32C071FBP6, STM32C071FBP6N, STM32C071FBY6TR, STM32C071G8U6, STM32C071G8U6N, STM32C071GBU6, STM32C071GBU6N, STM32C071K8T6, STM32C071K8T6N, STM32C071K8U6, STM32C071K8U6N, STM32C071KBT6, STM32C071KBT6N, STM32C071KBU6, STM32C071KBU6N, STM32C071R8T6, STM32C071R8T6N, STM32C071RBI6N, STM32C071RBT6, STM32C071RBT6N, STM32C091CBT6, STM32C091CBU6, STM32C091CCT6, STM32C091CCU6, STM32C091ECY6TR, STM32C091FBP6, STM32C091FCP6, STM32C091GBU6, STM32C091GCU6, STM32C091KBT6, STM32C091KBU6, STM32C091KCT6, STM32C091KCU6, STM32C091RBT6, STM32C091RCI6, STM32C091RCT6, STM32C092CBT6, STM32C092CBU6, STM32C092CCT6, STM32C092CCU6, STM32C092ECY6TR, STM32C092FBP6, STM32C092FCP6, STM32C092GBU6, STM32C092GCU6, STM32C092KBT6, STM32C092KBU6, STM32C092KCT6, STM32C092KCU6, STM32C092RBT6, STM32C092RCI6, STM32C092RCT6, STM32G071K8TXN, STM32G071K8UXN, STM32G081GBU6N, STM32G081KBT6N, STM32G081KBUXN, STM32G0B1CCT6N, STM32G0B1KCT6, STM32G0B1NEY6TR, STM32G0B1RCT6N, STM32G0C1CCT6, STM32G0C1CCT6N, STM32G0C1CCU6N, STM32G0C1CET6N, STM32G0C1CEU6N, STM32G0C1KCT6, STM32G0C1NEY6TR, STM32G0C1RCI6N, STM32G0C1RCT6N, STM32G0C1REI6N, STM32G0C1RET6N, STM32G0C1VCI6, STM32G0C1VEI6, STM32G411C6T3, STM32G411C6T6, STM32G411C6U3, STM32G411C6U6, STM32G411C8T3, STM32G411C8T6, STM32G411C8U3, STM32G411C8U6, STM32G411CBT3, STM32G411CBT6, STM32G411CBU3, STM32G411CBU6, STM32G411CCT3, STM32G411CCT6, STM32G411CCU3, STM32G411CCU6, STM32G411K6T3, STM32G411K6T6, STM32G411K6U3, STM32G411K6U6, STM32G411K8T3, STM32G411K8T6, STM32G411K8U3, STM32G411K8U6, STM32G411KBT3, STM32G411KBT6, STM32G411KBU3, STM32G411KBU6, STM32G411M6T3, STM32G411M6T6, STM32G411M8T3, STM32G411M8T6, STM32G411MBT3, STM32G411MBT6, STM32G411MCT3, STM32G411MCT6, STM32G411R6T3, STM32G411R6T6, STM32G411R8T3, STM32G411R8T6, STM32G411RBT3, STM32G411RBT6, STM32G411RCT3, STM32G411RCT6, STM32G414CBT3, STM32G414CBT6, STM32G414CBU3, STM32G414CBU6, STM32G414CCT3, STM32G414CCT6, STM32G414CCU3, STM32G414CCU6, STM32G414MBT3, STM32G414MBT6, STM32G414MCT3, STM32G414MCT6, STM32G414RBT3, STM32G414RBT6, STM32G414RCT3, STM32G414RCT6, STM32G414VBT3, STM32G414VBT6, STM32G414VCT3, STM32G414VCT6, STM32G431CBT3Z, STM32G431RBT3Z, STM32G471CCT6, STM32G471CCU6, STM32G471CET3, STM32G471CET6, STM32G471CEU3, STM32G471CEU6, STM32G471MCT6, STM32G471MET3, STM32G471MET6, STM32G471MEY6TR, STM32G471QCT6, STM32G471QET3, STM32G471RCT6, STM32G471RET3, STM32G471RET6, STM32G471VCH6, STM32G471VCI6, STM32G471VCT6, STM32G471VEH3, STM32G471VEH6, STM32G471VEI3, STM32G471VEI6, STM32G471VET3, STM32G471VET6, STM32G473QET3Z, STM32G473RET3Z, STM32G474CCT6, STM32G491RET3Z, STM32H503CBT6, STM32H503CBU6, STM32H503EBY6TR, STM32H503KBU6, STM32H503RBT6, STM32H523CCT6, STM32H523CCU6, STM32H523CET6, STM32H523CEU6, STM32H523HEY6TR, STM32H523RCT6, STM32H523RET6, STM32H523VCI6, STM32H523VCT6, STM32H523VEI6, STM32H523VET6, STM32H523ZCJ6, STM32H523ZCT6, STM32H523ZEJ6, STM32H523ZET6, STM32H533CET6, STM32H533CEU6, STM32H533HEY6TR, STM32H533RET6, STM32H533VEI6, STM32H533VET6, STM32H533ZEJ6, STM32H533ZET6, STM32H562AGI6, STM32H562AII6, STM32H562IGK6, STM32H562IGT6, STM32H562IIK6, STM32H562IIT6, STM32H562RGT6, STM32H562RGV6, STM32H562RIT6, STM32H562RIV6, STM32H562VGT6, STM32H562VIT6, STM32H562ZGT6, STM32H562ZIT6, STM32H563AGI6, STM32H563AII3Q, STM32H563AII6, STM32H563IGK6, STM32H563IGT6, STM32H563IIK3Q, STM32H563IIK6, STM32H563IIT3Q, STM32H563IIT6, STM32H563MIY3QTR, STM32H563RGT6, STM32H563RGV6, STM32H563RIT6, STM32H563RIV6, STM32H563VGT6, STM32H563VIT3Q, STM32H563VIT6, STM32H563ZGT6, STM32H563ZIT3Q, STM32H563ZIT6, STM32H573AII3Q, STM32H573AII6, STM32H573I-DK, STM32H573IIK3Q, STM32H573IIK6, STM32H573IIT3Q, STM32H573IIT6, STM32H573MIY3QTR, STM32H573RIT6, STM32H573RIV6, STM32H573VIT3Q, STM32H573VIT6, STM32H573ZIT3Q, STM32H573ZIT6, STM32H7R3A8I6, STM32H7R3I8K6, STM32H7R3I8T6, STM32H7R3L8H6, STM32H7R3L8H6H, STM32H7R3R8V6, STM32H7R3V8H6, STM32H7R3V8T6, STM32H7R3V8Y6TR, STM32H7R3Z8J6, STM32H7R3Z8T6, STM32H7R7A8I6, STM32H7R7I8K6, STM32H7R7I8T6, STM32H7R7L8H6, STM32H7R7L8H6H, STM32H7R7Z8J6, STM32H7S3A8I6, STM32H7S3I8K6, STM32H7S3I8T6, STM32H7S3L8H6, STM32H7S3L8H6H, STM32H7S3R8V6, STM32H7S3V8H6, STM32H7S3V8T6, STM32H7S3V8Y6TR, STM32H7S3Z8J6, STM32H7S3Z8T6, STM32H7S78-DK, STM32H7S7A8I6, STM32H7S7I8K6, STM32H7S7I8T6, STM32H7S7L8H6, STM32H7S7L8H6H, STM32H7S7Z8J6, STM32L4R5QGI6STR, STM32MP131AAE3, STM32MP131AAF3, STM32MP131AAG3, STM32MP131CAE3, STM32MP131CAF3, STM32MP131CAG3, STM32MP131DAE7, STM32MP131DAF7, STM32MP131DAG7, STM32MP131FAE7, STM32MP131FAF7, STM32MP131FAG7, STM32MP133AAE3, STM32MP133AAF3, STM32MP133AAG3, STM32MP133CAE3, STM32MP133CAF3, STM32MP133CAG3, STM32MP133DAE7, STM32MP133DAF7, STM32MP133DAG7, STM32MP133FAE7, STM32MP133FAF7, STM32MP133FAG7, STM32MP135AAE3, STM32MP135AAF3, STM32MP135AAG3, STM32MP135CAE3, STM32MP135CAF3, STM32MP135CAG3, STM32MP135DAE7, STM32MP135DAF7, STM32MP135DAG7, STM32MP135F-DK, STM32MP135FAE7, STM32MP135FAF7, STM32MP135FAF7T, STM32MP135FAF7U, STM32MP135FAG7, STM32MP231AAJ3, STM32MP231AAK3, STM32MP231AAL3, STM32MP231CAJ3, STM32MP231CAK3, STM32MP231CAL3, STM32MP231DAJ3, STM32MP231DAK3, STM32MP231DAL3, STM32MP231FAJ3, STM32MP231FAK3, STM32MP231FAL3, STM32MP233AAJ3, STM32MP233AAK3, STM32MP233AAL3, STM32MP233CAJ3, STM32MP233CAK3, STM32MP233CAL3, STM32MP233DAJ3, STM32MP233DAK3, STM32MP233DAL3, STM32MP233FAJ3, STM32MP233FAK3, STM32MP233FAL3, STM32MP235AAJ3, STM32MP235AAK3, STM32MP235AAL3, STM32MP235CAJ3, STM32MP235CAK3, STM32MP235CAL3, STM32MP235DAJ3, STM32MP235DAK3, STM32MP235DAL3, STM32MP235FAJ3, STM32MP235FAK3, STM32MP235FAL3, STM32MP251AAI3, STM32MP251AAJ3, STM32MP251AAK3, STM32MP251AAL3, STM32MP251CAI3, STM32MP251CAJ3, STM32MP251CAK3, STM32MP251CAL3, STM32MP251DAI3, STM32MP251DAJ3, STM32MP251DAK3, STM32MP251DAL3, STM32MP251FAI3, STM32MP251FAJ3, STM32MP251FAK3, STM32MP251FAL3, STM32MP253AAI3, STM32MP253AAJ3, STM32MP253AAK3, STM32MP253AAL3, STM32MP253CAI3, STM32MP253CAJ3, STM32MP253CAK3, STM32MP253CAL3, STM32MP253DAI3, STM32MP253DAJ3, STM32MP253DAK3, STM32MP253DAL3, STM32MP253FAI3, STM32MP253FAJ3, STM32MP253FAK3, STM32MP253FAL3, STM32MP255AAI3, STM32MP255AAJ3, STM32MP255AAK3, STM32MP255AAL3, STM32MP255CAI3, STM32MP255CAJ3, STM32MP255CAK3, STM32MP255CAL3, STM32MP255DAI3, STM32MP255DAJ3, STM32MP255DAK3, STM32MP255DAL3, STM32MP255FAI3, STM32MP255FAJ3, STM32MP255FAK3, STM32MP255FAL3, STM32MP257AAI3, STM32MP257AAJ3, STM32MP257AAK3, STM32MP257AAL3, STM32MP257CAI3, STM32MP257CAJ3, STM32MP257CAK3, STM32MP257CAL3, STM32MP257DAI3, STM32MP257DAJ3, STM32MP257DAK3, STM32MP257DAL3, STM32MP257F-DK, STM32MP257F-EV1, STM32MP257FAI3, STM32MP257FAJ3, STM32MP257FAK3, STM32MP257FAL3, STM32N645A0H3Q, STM32N645B0H3Q, STM32N645I0H3Q, STM32N645L0H3Q, STM32N645X0H3Q, STM32N645Z0H3Q, STM32N647A0H3Q, STM32N647B0H3Q, STM32N647I0H3Q, STM32N647L0H3Q, STM32N647X0H3Q, STM32N647Z0H3Q, STM32N655A0H3Q, STM32N655B0H3Q, STM32N655I0H3Q, STM32N655L0H3Q, STM32N655X0H3Q, STM32N655Z0H3Q, STM32N6570-DK, STM32N657A0H3Q, STM32N657B0H3Q, STM32N657I0H3Q, STM32N657L0H3Q, STM32N657X0H3Q, STM32N657Z0H3Q, STM32U031C6T6, STM32U031C6U6, STM32U031C8T6, STM32U031C8U6, STM32U031F4P6, STM32U031F6P6, STM32U031F8P6, STM32U031G6Y6TR, STM32U031G8Y6TR, STM32U031K4U6, STM32U031K6U6, STM32U031K8U6, STM32U031R6I6, STM32U031R6T6, STM32U031R8I6, STM32U031R8T6, STM32U073C8T6, STM32U073C8U6, STM32U073CBT6, STM32U073CBU6, STM32U073CCT6, STM32U073CCU6, STM32U073H8Y6TR, STM32U073HBY6TR, STM32U073HCY6TR, STM32U073K8U6, STM32U073KBU6, STM32U073KCU6, STM32U073M8I6, STM32U073M8T6, STM32U073MBI6, STM32U073MBT6, STM32U073MCI6, STM32U073MCT6, STM32U073R8I6, STM32U073R8T6, STM32U073RBI6, STM32U073RBT6, STM32U073RCI6, STM32U073RCT6, STM32U083C-DK, STM32U083CCT6, STM32U083CCU6, STM32U083HCY6TR, STM32U083KCU6, STM32U083MCI6, STM32U083MCT6, STM32U083RCI6, STM32U083RCT6, STM32U375CET6, STM32U375CET6Q, STM32U375CEU6, STM32U375CEU6Q, STM32U375CEY6QTR, STM32U375CGT6, STM32U375CGT6Q, STM32U375CGU6, STM32U375CGU6Q, STM32U375CGY6QTR, STM32U375KEU6, STM32U375KGU6, STM32U375REI6, STM32U375REI6Q, STM32U375RET6, STM32U375RET6Q, STM32U375REY6GTR, STM32U375REY6QTR, STM32U375RGI6, STM32U375RGI6Q, STM32U375RGT6, STM32U375RGT6Q, STM32U375RGY6GTR, STM32U375RGY6QTR, STM32U375VEI6, STM32U375VEI6Q, STM32U375VET6, STM32U375VET6Q, STM32U375VGI6, STM32U375VGI6Q, STM32U375VGT6, STM32U375VGT6Q, STM32U385CGT6, STM32U385CGT6Q, STM32U385CGU6, STM32U385CGU6Q, STM32U385CGY6QTR, STM32U385KGU6, STM32U385RGI6, STM32U385RGI6Q, STM32U385RGT6, STM32U385RGT6Q, STM32U385RGY6GTR, STM32U385RGY6QTR, STM32U385VGI6, STM32U385VGI6Q, STM32U385VGT6, STM32U385VGT6Q, STM32U535CBT6, STM32U535CBT6Q, STM32U535CBU6, STM32U535CBU6Q, STM32U535CCT6, STM32U535CCT6Q, STM32U535CCU6, STM32U535CCU6Q, STM32U535CET6, STM32U535CET6Q, STM32U535CEU6, STM32U535CEU6Q, STM32U535JEY6QTR, STM32U535NCY6QTR, STM32U535NEY6QTR, STM32U535RBI6, STM32U535RBI6Q, STM32U535RBT6, STM32U535RBT6Q, STM32U535RCI6, STM32U535RCI6Q, STM32U535RCT6, STM32U535RCT6Q, STM32U535REI6, STM32U535REI6Q, STM32U535RET6, STM32U535RET6Q, STM32U535VCI6, STM32U535VCI6Q, STM32U535VCT6, STM32U535VCT6Q, STM32U535VEI6, STM32U535VEI6Q, STM32U535VET6, STM32U535VET6Q, STM32U545CET6, STM32U545CET6Q, STM32U545CEU6, STM32U545CEU6Q, STM32U545JEY6QTR, STM32U545NEY6QTR, STM32U545REI6, STM32U545REI6Q, STM32U545RET6, STM32U545RET6Q, STM32U545VEI6, STM32U545VEI6Q, STM32U545VET6, STM32U545VET6Q, STM32U595AIH6, STM32U595AIH6Q, STM32U595AJH6, STM32U595AJH6Q, STM32U595QII6, STM32U595QII6Q, STM32U595QJI6, STM32U595QJI6Q, STM32U595RIT6, STM32U595RIT6Q, STM32U595RJT6, STM32U595RJT6Q, STM32U595VIT6, STM32U595VIT6Q, STM32U595VJT6, STM32U595VJT6Q, STM32U595ZIT6, STM32U595ZIT6Q, STM32U595ZIY6QTR, STM32U595ZJT6, STM32U595ZJT6Q, STM32U595ZJY6QTR, STM32U599BJY6QTR, STM32U599NIH6Q, STM32U599NJH6Q, STM32U599VIT6Q, STM32U599VJT6, STM32U599VJT6Q, STM32U599ZIT6Q, STM32U599ZIY6QTR, STM32U599ZJT6Q, STM32U599ZJY6QTR, STM32U5A5AJH6, STM32U5A5AJH6Q, STM32U5A5QII3Q , STM32U5A5QJI6, STM32U5A5QJI6Q, STM32U5A5RJT6, STM32U5A5RJT6Q, STM32U5A5VJT6, STM32U5A5VJT6Q, STM32U5A5ZJT6, STM32U5A5ZJT6Q, STM32U5A5ZJY6QTR, STM32U5A9BJY6QTR, STM32U5A9J-DK, STM32U5A9NJH6Q, STM32U5A9VJT6Q, STM32U5A9ZJT6Q, STM32U5A9ZJY6QTR, STM32U5F7VIT6, STM32U5F7VIT6Q, STM32U5F7VJT6, STM32U5F7VJT6Q, STM32U5F9BJY6QTR, STM32U5F9NJH6Q, STM32U5F9VIT6Q, STM32U5F9VJT6Q, STM32U5F9ZIJ6QTR, STM32U5F9ZIT6Q, STM32U5F9ZJJ6QTR, STM32U5F9ZJT6Q, STM32U5G7VJT6, STM32U5G7VJT6Q, STM32U5G9BJY6QTR, STM32U5G9J-DK1, STM32U5G9J-DK2, STM32U5G9NJH6Q, STM32U5G9VJT6Q, STM32U5G9ZJJ6QTR, STM32U5G9ZJT6Q, STM32WB05KZV6TR, STM32WB05KZV7TR, STM32WB05TZF6TR, STM32WB05TZF7TR, STM32WB06CCF6TR, STM32WB06CCF7TR, STM32WB06CCV6TR, STM32WB06CCV7TR, STM32WB06KCV6TR, STM32WB06KCV7TR, STM32WB07CCF6TR, STM32WB07CCF7TR, STM32WB07CCV6TR, STM32WB07CCV7TR, STM32WB07KCV6TR, STM32WB07KCV7TR, STM32WB09KEV6TR, STM32WB09KEV7TR, STM32WB09TEF6TR, STM32WB09TEF7TR, STM32WB1MMCH6, STM32WBA50KGU6, STM32WBA50KGU6TR, STM32WBA52CEU6, STM32WBA52CEU6TR, STM32WBA52CEU7, STM32WBA52CEU7TR, STM32WBA52CGU6, STM32WBA52CGU6TR, STM32WBA52CGU6U, STM32WBA52CGU7, STM32WBA52CGU7TR, STM32WBA52KEU6, STM32WBA52KEU6TR, STM32WBA52KGU6, STM32WBA52KGU6TR, STM32WBA54CEU6, STM32WBA54CEU6TR, STM32WBA54CEU7, STM32WBA54CEU7TR, STM32WBA54CGU6, STM32WBA54CGU6TR, STM32WBA54CGU7, STM32WBA54CGU7TR, STM32WBA54KEU6, STM32WBA54KEU6TR, STM32WBA54KEU7, STM32WBA54KEU7TR, STM32WBA54KGU6, STM32WBA54KGU6TR, STM32WBA54KGU7, STM32WBA54KGU7TR, STM32WBA55CEU6, STM32WBA55CEU6TR, STM32WBA55CEU7, STM32WBA55CEU7TR, STM32WBA55CGU6, STM32WBA55CGU6TR, STM32WBA55CGU6U, STM32WBA55CGU7, STM32WBA55CGU7TR, STM32WBA55G-DK1, STM32WBA55HEF6, STM32WBA55HEF7, STM32WBA55HGF6, STM32WBA55HGF7, STM32WBA55UEI6, STM32WBA55UEI6TR, STM32WBA55UEI7, STM32WBA55UEI7TR, STM32WBA55UGI6, STM32WBA55UGI6TR, STM32WBA55UGI7, STM32WBA55UGI7TR, STM32WBA5MJGH6TR, STM32WBA62CGU6, STM32WBA62CIU6, STM32WBA62MGF6, STM32WBA62MIF6, STM32WBA62PGI6, STM32WBA62PII6, STM32WBA63CGU6, STM32WBA63CGU7, STM32WBA63CIU6, STM32WBA63CIU7, STM32WBA64CGU6, STM32WBA64CGU7, STM32WBA64CIU6, STM32WBA64CIU7, STM32WBA65CGU6, STM32WBA65CGU7, STM32WBA65CIU6, STM32WBA65CIU7, STM32WBA65I-DK1, STM32WBA65MGF6, STM32WBA65MGF7, STM32WBA65MIF6, STM32WBA65MIF7, STM32WBA65PGI6, STM32WBA65PGI7, STM32WBA65PII6, STM32WBA65PII7, STM32WBA65RGV6, STM32WBA65RGV7, STM32WBA65RIV6, STM32WBA65RIV7, STM32WL30K8V6, STM32WL30KBV6, STM32WL31C8V6, STM32WL31CBV6, STM32WL31K8V6, STM32WL31KBV6, STM32WL33C8V6, STM32WL33C8V6TR, STM32WL33C8V7, STM32WL33C8V7TR, STM32WL33CBV6, STM32WL33CBV6TR, STM32WL33CBV7, STM32WL33CBV7TR, STM32WL33CCV6, STM32WL33CCV6TR, STM32WL33CCV7, STM32WL33CCV7A, STM32WL33CCV7ATR, STM32WL33CCV7TR, STM32WL33K8V6, STM32WL33K8V6TR, STM32WL33K8V7, STM32WL33K8V7TR, STM32WL33KBV6, STM32WL33KBV6TR, STM32WL33KBV7, STM32WL33KBV7TR, STM32WL33KCV6, STM32WL33KCV6TR, STM32WL33KCV7, STM32WL33KCV7TR, STM32WL5MOCH6, STM32WL5MOCH6TR]
2025-11-06 16:46:36,894 [INFO] ApiDb:668 - CubeFinder database Data Model version=2.1
2025-11-06 16:46:36,894 [INFO] ApiDb:669 - CubeFinder database Configuration version=3.0.39
2025-11-06 16:46:36,894 [INFO] ApiDb:670 - CubeFinder database generation date=2025-10-27 (1761571959)
2025-11-06 16:46:36,894 [INFO] ApiDb:671 - CubeFinder database FW Pack versions=[FP-ATR-ASTRA1_V2.0.0, FP-SNS-FLIGHT1_V5.1.0, FP-SNS-MOTENV1_V5.0.0, FP-SNS-MOTENVWB1_V1.4.0, FP-SNS-SMARTAG2_V1.2.0, FP-SNS-STBOX1_V2.1.0, STM32Cube_FW_C0_V1.4.0, STM32Cube_FW_F4_V1.28.3, STM32Cube_FW_F7_V1.17.4, STM32Cube_FW_G0_V1.6.2, STM32Cube_FW_G4_V1.6.1, STM32Cube_FW_H5_V1.5.0, STM32Cube_FW_H7RS_V1.2.0, STM32Cube_FW_H7_V1.12.1, STM32Cube_FW_L0_V1.12.2, STM32Cube_FW_L4_V1.18.1, STM32Cube_FW_L5_V1.5.1, STM32Cube_FW_N6_V1.2.0, STM32Cube_FW_U0_V1.3.0, STM32Cube_FW_U3_V1.2.1, STM32Cube_FW_U5_V1.8.0, STM32Cube_FW_WB0_V1.3.0, STM32Cube_FW_WBA_V1.7.0, STM32Cube_FW_WB_V1.23.0, STM32Cube_FW_WL3_V1.2.0, STM32Cube_FW_WL_V1.3.1, X-CUBE-ALGOBUILD_V1.4.0, X-CUBE-ALS_V1.0.2, X-CUBE-AZRTOS-F4_V1.1.0, X-CUBE-AZRTOS-F7_V1.1.0, X-CUBE-AZRTOS-G0_V1.1.0, X-CUBE-AZRTOS-G4_V2.0.0, X-CUBE-AZRTOS-H7RS_V1.1.0, X-CUBE-AZRTOS-H7_V3.4.0, X-CUBE-AZRTOS-L4_V2.0.0, X-CUBE-AZRTOS-L5_V2.0.0, X-CUBE-AZRTOS-WB_V2.0.0, X-CUBE-AZRTOS-WL_V2.0.0, X-CUBE-BLE1_V7.1.0, X-CUBE-BLE2_V3.3.0, X-CUBE-BLEMGR_V4.1.0, X-CUBE-EEPRMA1_V5.2.0, X-CUBE-FREERTOS_V1.3.1, X-CUBE-GNSS1_V6.0.0, X-CUBE-MEMS1_V11.3.0, X-CUBE-NFC4_V3.0.0, X-CUBE-NFC7_V2.0.0, X-CUBE-SFXS2LP1_V4.0.0, X-CUBE-ST67W61_V1.1.0, X-CUBE-SUBG2_V5.0.0, X-CUBE-TOF1_V3.4.3]
2025-11-06 16:46:38,501 [INFO] MainUpdater:2872 - connection check result : 10
2025-11-06 16:46:38,501 [INFO] MainUpdater:2872 - connection check result : 10
2025-11-06 16:46:38,527 [INFO] MicroXplorer:468 - Change Database Path : 
2025-11-06 16:46:38,527 [INFO] MicroXplorer:498 - Change Database Version : DB.6.0.140
2025-11-06 16:46:38,527 [WARN] ThirdParty:871 - waiting for thirdparty lock release [close project]
2025-11-06 16:46:38,527 [INFO] ThirdParty:873 - entering critical section [close project]
2025-11-06 16:46:38,527 [INFO] ThirdParty:883 - exiting critical section [close project]
2025-11-06 16:46:38,532 [INFO] PinOutPanel:1589 - setPackage(No Configuration,No Configuration)
2025-11-06 16:46:38,537 [INFO] UtilMem:75 - Begin LoadConfig() Used Memory: 962455920 Bytes (1073741824)
2025-11-06 16:46:38,538 [INFO] MicroXplorer:468 - Change Database Path : 
2025-11-06 16:46:38,539 [INFO] MicroXplorer:498 - Change Database Version : DB.6.0.140
2025-11-06 16:46:38,539 [INFO] OpenFileManager:354 - Change cursor
2025-11-06 16:46:38,553 [INFO] Mcu:2011 - Initializing MCU STM32F411C(C-E)Ux STM32F411CEUx STM32F411CEU6
2025-11-06 16:46:40,657 [INFO] Context:756 - Trying to add GPIOservice into a context  which must be forbidden
2025-11-06 16:46:41,113 [INFO] ImportTextPane:218 - (OptionalMessage_ERROR) Pin5 (VP_RIF_VS_RIF1) cannot be retrieved for this MCU
2025-11-06 16:46:41,150 [INFO] RtosManager:558 - Registered RTOS mode: class=CMSIS, group=RTOS, mode=CMSIS_V1, owner=FREERTOS
2025-11-06 16:46:41,150 [INFO] RtosManager:558 - Registered RTOS mode: class=CMSIS, group=RTOS2, mode=CMSIS_V2, owner=FREERTOS
2025-11-06 16:46:41,151 [INFO] RtosManager:558 - Registered RTOS mode: class=RTOS, group=Core, mode=CMSIS_V1, owner=FREERTOS
2025-11-06 16:46:41,151 [INFO] RtosManager:558 - Registered RTOS mode: class=RTOS, group=Core, mode=CMSIS_V2, owner=FREERTOS
2025-11-06 16:46:41,151 [WARN] ModelIntegratedComponent:184 - Missing modes for component STMicroelectronics:FreeRTOS:0.0.1:STMicroelectronics:RTOS:FreeRTOS:Core:::10.2.0:
2025-11-06 16:46:41,159 [WARN] ModelIntegratedComponent:182 - Modes not found for component STMicroelectronics:USB_HOST:1.0.0:STMicroelectronics:USB::USB Host:Audio HS::1.0:USB_HOST_1_0_RESTRICTED_HS
2025-11-06 16:46:41,159 [WARN] ModelIntegratedComponent:188 - Modes not found for component STMicroelectronics:USB_HOST:1.0.0:STMicroelectronics:USB::USB Host:Audio HS::1.0:USB_HOST_1_0_RESTRICTED_HS
2025-11-06 16:46:41,159 [WARN] ModelIntegratedComponent:182 - Modes not found for component STMicroelectronics:USB_HOST:1.0.0:STMicroelectronics:USB::USB Host:CDC HS::1.0:USB_HOST_1_0_RESTRICTED_HS
2025-11-06 16:46:41,159 [WARN] ModelIntegratedComponent:188 - Modes not found for component STMicroelectronics:USB_HOST:1.0.0:STMicroelectronics:USB::USB Host:CDC HS::1.0:USB_HOST_1_0_RESTRICTED_HS
2025-11-06 16:46:41,159 [WARN] ModelIntegratedComponent:182 - Modes not found for component STMicroelectronics:USB_HOST:1.0.0:STMicroelectronics:USB::USB Host:MSC HS::1.0:USB_HOST_1_0_RESTRICTED_HS
2025-11-06 16:46:41,159 [WARN] ModelIntegratedComponent:188 - Modes not found for component STMicroelectronics:USB_HOST:1.0.0:STMicroelectronics:USB::USB Host:MSC HS::1.0:USB_HOST_1_0_RESTRICTED_HS
2025-11-06 16:46:41,159 [WARN] ModelIntegratedComponent:182 - Modes not found for component STMicroelectronics:USB_HOST:1.0.0:STMicroelectronics:USB::USB Host:HID HS::1.0:USB_HOST_1_0_RESTRICTED_HS
2025-11-06 16:46:41,159 [WARN] ModelIntegratedComponent:188 - Modes not found for component STMicroelectronics:USB_HOST:1.0.0:STMicroelectronics:USB::USB Host:HID HS::1.0:USB_HOST_1_0_RESTRICTED_HS
2025-11-06 16:46:41,160 [WARN] ModelIntegratedComponent:182 - Modes not found for component STMicroelectronics:USB_HOST:1.0.0:STMicroelectronics:USB::USB Host:MTP HS::1.0:USB_HOST_1_0_RESTRICTED_HS
2025-11-06 16:46:41,160 [WARN] ModelIntegratedComponent:188 - Modes not found for component STMicroelectronics:USB_HOST:1.0.0:STMicroelectronics:USB::USB Host:MTP HS::1.0:USB_HOST_1_0_RESTRICTED_HS
2025-11-06 16:46:41,172 [WARN] ModelIntegratedComponent:63 - No mode defined for component null
2025-11-06 16:46:41,172 [WARN] ModelIntegratedComponent:63 - No mode defined for component null
2025-11-06 16:46:41,172 [WARN] ModelIntegratedComponent:63 - No mode defined for component null
2025-11-06 16:46:41,173 [WARN] ModelIntegratedComponent:63 - No mode defined for component null
2025-11-06 16:46:41,173 [WARN] ModelIntegratedComponent:63 - No mode defined for component null
2025-11-06 16:46:41,173 [WARN] ModelIntegratedComponent:63 - No mode defined for component null
2025-11-06 16:46:41,173 [WARN] ModelIntegratedComponent:63 - No mode defined for component null
2025-11-06 16:46:41,173 [WARN] ModelIntegratedComponent:63 - No mode defined for component null
2025-11-06 16:46:41,173 [WARN] ModelIntegratedComponent:63 - No mode defined for component null
2025-11-06 16:46:41,173 [WARN] ModelIntegratedComponent:63 - No mode defined for component null
2025-11-06 16:46:41,173 [WARN] ModelIntegratedComponent:63 - No mode defined for component null
2025-11-06 16:46:41,173 [WARN] ModelIntegratedComponent:63 - No mode defined for component null
2025-11-06 16:46:41,173 [WARN] ModelIntegratedComponent:63 - No mode defined for component null
2025-11-06 16:46:41,173 [WARN] ModelIntegratedComponent:63 - No mode defined for component null
2025-11-06 16:46:41,174 [WARN] ModelIntegratedComponent:63 - No mode defined for component null
2025-11-06 16:46:41,174 [WARN] ModelIntegratedComponent:63 - No mode defined for component null
2025-11-06 16:46:41,174 [WARN] ModelIntegratedComponent:63 - No mode defined for component null
2025-11-06 16:46:41,174 [WARN] ModelIntegratedComponent:63 - No mode defined for component null
2025-11-06 16:46:41,174 [WARN] ModelIntegratedComponent:63 - No mode defined for component null
2025-11-06 16:46:41,174 [WARN] ModelIntegratedComponent:63 - No mode defined for component null
2025-11-06 16:46:41,174 [WARN] ModelIntegratedComponent:63 - No mode defined for component null
2025-11-06 16:46:41,174 [WARN] ModelIntegratedComponent:63 - No mode defined for component null
2025-11-06 16:46:41,175 [WARN] ModelIntegratedComponent:63 - No mode defined for component null
2025-11-06 16:46:41,175 [WARN] ModelIntegratedComponent:63 - No mode defined for component null
2025-11-06 16:46:41,175 [WARN] ModelIntegratedComponent:63 - No mode defined for component null
2025-11-06 16:46:41,175 [WARN] ModelIntegratedComponent:63 - No mode defined for component null
2025-11-06 16:46:41,175 [WARN] ModelIntegratedComponent:63 - No mode defined for component null
2025-11-06 16:46:41,175 [WARN] ModelIntegratedComponent:63 - No mode defined for component null
2025-11-06 16:46:41,175 [WARN] ModelIntegratedComponent:63 - No mode defined for component null
2025-11-06 16:46:41,175 [WARN] ModelIntegratedComponent:63 - No mode defined for component null
2025-11-06 16:46:41,176 [WARN] ModelIntegratedComponent:63 - No mode defined for component null
2025-11-06 16:46:41,176 [WARN] ModelIntegratedComponent:63 - No mode defined for component null
2025-11-06 16:46:41,176 [WARN] ModelIntegratedComponent:63 - No mode defined for component null
2025-11-06 16:46:41,176 [WARN] ModelIntegratedComponent:63 - No mode defined for component null
2025-11-06 16:46:41,176 [WARN] ModelIntegratedComponent:63 - No mode defined for component null
2025-11-06 16:46:41,176 [WARN] ModelPack:524 - Component already loaded: STMicroelectronics:HAL Drivers:0.0.0:STMicroelectronics:Device:STMicro_Driver:XSPI:HAL::0.0.1:HAL_XSPI
2025-11-06 16:46:41,354 [WARN] ModelIntegratedComponent:182 - Modes not found for component STMicroelectronics:USB_DEVICE:1.0.0:STMicroelectronics:USB::USB Device:Audio HS::1.0:USB_DEVICE_1_0_RESTRICTED_HS
2025-11-06 16:46:41,354 [WARN] ModelIntegratedComponent:188 - Modes not found for component STMicroelectronics:USB_DEVICE:1.0.0:STMicroelectronics:USB::USB Device:Audio HS::1.0:USB_DEVICE_1_0_RESTRICTED_HS
2025-11-06 16:46:41,355 [WARN] ModelIntegratedComponent:182 - Modes not found for component STMicroelectronics:USB_DEVICE:1.0.0:STMicroelectronics:USB::USB Device:CDC HS::1.0:USB_DEVICE_1_0_RESTRICTED_HS
2025-11-06 16:46:41,355 [WARN] ModelIntegratedComponent:188 - Modes not found for component STMicroelectronics:USB_DEVICE:1.0.0:STMicroelectronics:USB::USB Device:CDC HS::1.0:USB_DEVICE_1_0_RESTRICTED_HS
2025-11-06 16:46:41,355 [WARN] ModelIntegratedComponent:182 - Modes not found for component STMicroelectronics:USB_DEVICE:1.0.0:STMicroelectronics:USB::USB Device:DFU HS::1.0:USB_DEVICE_1_0_RESTRICTED_HS
2025-11-06 16:46:41,355 [WARN] ModelIntegratedComponent:188 - Modes not found for component STMicroelectronics:USB_DEVICE:1.0.0:STMicroelectronics:USB::USB Device:DFU HS::1.0:USB_DEVICE_1_0_RESTRICTED_HS
2025-11-06 16:46:41,355 [WARN] ModelIntegratedComponent:182 - Modes not found for component STMicroelectronics:USB_DEVICE:1.0.0:STMicroelectronics:USB::USB Device:HID HS::1.0:USB_DEVICE_1_0_RESTRICTED_HS
2025-11-06 16:46:41,355 [WARN] ModelIntegratedComponent:188 - Modes not found for component STMicroelectronics:USB_DEVICE:1.0.0:STMicroelectronics:USB::USB Device:HID HS::1.0:USB_DEVICE_1_0_RESTRICTED_HS
2025-11-06 16:46:41,355 [WARN] ModelIntegratedComponent:182 - Modes not found for component STMicroelectronics:USB_DEVICE:1.0.0:STMicroelectronics:USB::USB Device:Custom HID HS::1.0:USB_DEVICE_1_0_RESTRICTED_HS
2025-11-06 16:46:41,355 [WARN] ModelIntegratedComponent:188 - Modes not found for component STMicroelectronics:USB_DEVICE:1.0.0:STMicroelectronics:USB::USB Device:Custom HID HS::1.0:USB_DEVICE_1_0_RESTRICTED_HS
2025-11-06 16:46:41,355 [WARN] ModelIntegratedComponent:182 - Modes not found for component STMicroelectronics:USB_DEVICE:1.0.0:STMicroelectronics:USB::USB Device:MSC HS::1.0:USB_DEVICE_1_0_RESTRICTED_HS
2025-11-06 16:46:41,355 [WARN] ModelIntegratedComponent:188 - Modes not found for component STMicroelectronics:USB_DEVICE:1.0.0:STMicroelectronics:USB::USB Device:MSC HS::1.0:USB_DEVICE_1_0_RESTRICTED_HS
2025-11-06 16:46:41,373 [INFO] ThirdPartyModel:298 - Start build external matchings
2025-11-06 16:46:42,188 [INFO] ThirdPartyModel:316 - End build external matchings
2025-11-06 16:46:42,637 [INFO] UtilMem:75 - End LoadConfig() Used Memory: 597690368 Bytes (1073741824)
2025-11-06 16:46:42,640 [WARN] ThirdParty:833 - waiting for thirdparty lock release [change project]
2025-11-06 16:46:42,640 [INFO] ThirdParty:835 - entering critical section [change project]
2025-11-06 16:46:42,641 [INFO] ThirdParty:1030 - CMSIS Pack Vendor :STMicroelectronics X-CUBE-PM33A1 1.0.0
2025-11-06 16:46:42,641 [INFO] ThirdParty:1030 - CMSIS Pack Vendor :STMicroelectronics USBPD 4.1
2025-11-06 16:46:42,641 [INFO] ThirdParty:1030 - CMSIS Pack Vendor :STMicroelectronics X-CUBE-NFC9 1.0.0
2025-11-06 16:46:42,641 [INFO] ThirdParty:1030 - CMSIS Pack Vendor :STMicroelectronics USB_HOST 2.0.0
2025-11-06 16:46:42,641 [INFO] ThirdParty:1030 - CMSIS Pack Vendor :STMicroelectronics FP-SNS-MOTENVWB1 1.4.0
2025-11-06 16:46:42,641 [INFO] ThirdParty:1030 - CMSIS Pack Vendor :STMicroelectronics X-CUBE-AZRTOS-F4 1.1.0
2025-11-06 16:46:42,641 [INFO] ThirdParty:1030 - CMSIS Pack Vendor :STMicroelectronics LIBJPEG 8.0.0
2025-11-06 16:46:42,642 [INFO] ThirdParty:1030 - CMSIS Pack Vendor :STMicroelectronics FP-ATR-ASTRA1 2.0.2
2025-11-06 16:46:42,642 [INFO] ThirdParty:1030 - CMSIS Pack Vendor :wolfSSL I-CUBE-wolfSSL 5.8.2
2025-11-06 16:46:42,642 [INFO] ThirdParty:1030 - CMSIS Pack Vendor :STMicroelectronics X-CUBE-BLE1 7.1.0
2025-11-06 16:46:42,642 [INFO] ThirdParty:1030 - CMSIS Pack Vendor :STMicroelectronics X-CUBE-SMBUS 2.1.0
2025-11-06 16:46:42,642 [INFO] ThirdParty:1030 - CMSIS Pack Vendor :wolfSSL I-CUBE-wolfMQTT 1.19.2
2025-11-06 16:46:42,642 [INFO] ThirdParty:1030 - CMSIS Pack Vendor :STMicroelectronics USB_DEVICE 3.0.0
2025-11-06 16:46:42,642 [INFO] ThirdParty:1030 - CMSIS Pack Vendor :STMicroelectronics X-CUBE-ISPU 2.1.0
2025-11-06 16:46:42,642 [INFO] ThirdParty:1030 - CMSIS Pack Vendor :STMicroelectronics X-CUBE-EEPRMA1 5.2.0
2025-11-06 16:46:42,642 [INFO] ThirdParty:1030 - CMSIS Pack Vendor :STMicroelectronics X-CUBE-BLEMGR 4.1.0
2025-11-06 16:46:42,642 [INFO] ThirdParty:1030 - CMSIS Pack Vendor :STMicroelectronics X-CUBE-AZRTOS-WB 2.0.0
2025-11-06 16:46:42,642 [INFO] ThirdParty:1030 - CMSIS Pack Vendor :STMicroelectronics X-CUBE-ST60 1.0.0
2025-11-06 16:46:42,643 [INFO] ThirdParty:1030 - CMSIS Pack Vendor :STMicroelectronics X-CUBE-GNSS1 7.0.1
2025-11-06 16:46:42,643 [INFO] ThirdParty:1030 - CMSIS Pack Vendor :STMicroelectronics X-CUBE-NFC12 1.0.0
2025-11-06 16:46:42,643 [INFO] ThirdParty:1030 - CMSIS Pack Vendor :STMicroelectronics X-CUBE-AZRTOS-F7 1.1.0
2025-11-06 16:46:42,643 [INFO] ThirdParty:1030 - CMSIS Pack Vendor :STMicroelectronics X-CUBE-AZRTOS-L5 2.0.0
2025-11-06 16:46:42,643 [INFO] ThirdParty:1030 - CMSIS Pack Vendor :STMicroelectronics X-CUBE-TOUCHGFX 4.25.0
2025-11-06 16:46:42,643 [INFO] ThirdParty:1030 - CMSIS Pack Vendor :STMicroelectronics USB_DEVICE 2.0.0
2025-11-06 16:46:42,643 [INFO] ThirdParty:1030 - CMSIS Pack Vendor :STMicroelectronics X-CUBE-NFC6 3.1.0
2025-11-06 16:46:42,643 [INFO] ThirdParty:1030 - CMSIS Pack Vendor :STMicroelectronics X-CUBE-AI 10.1.0
2025-11-06 16:46:42,643 [INFO] ThirdParty:1030 - CMSIS Pack Vendor :STMicroelectronics FP-SNS-STBOX1 2.0.0
2025-11-06 16:46:42,644 [INFO] ThirdParty:1030 - CMSIS Pack Vendor :quantropi X-CUBE-qispace-sdk-base 2.1.0
2025-11-06 16:46:42,645 [INFO] ThirdParty:1030 - CMSIS Pack Vendor :STMicroelectronics FreeRTOS 0.0.1
2025-11-06 16:46:42,645 [INFO] ThirdParty:1030 - CMSIS Pack Vendor :STMicroelectronics X-CUBE-AZRTOS-G0 1.1.0
2025-11-06 16:46:42,645 [INFO] ThirdParty:1030 - CMSIS Pack Vendor :STMicroelectronics X-CUBE-SAFEA1 1.2.2
2025-11-06 16:46:42,645 [INFO] ThirdParty:1030 - CMSIS Pack Vendor :STMicroelectronics X-CUBE-NFC4 3.0.0
2025-11-06 16:46:42,645 [INFO] ThirdParty:1030 - CMSIS Pack Vendor :STMicroelectronics X-CUBE-SUBG2 5.0.0
2025-11-06 16:46:42,645 [INFO] ThirdParty:1030 - CMSIS Pack Vendor :STMicroelectronics X-CUBE-AZRTOS-H7RS 1.1.0
2025-11-06 16:46:42,645 [INFO] ThirdParty:1030 - CMSIS Pack Vendor :STMicroelectronics STM32_WPAN 1.0.0
2025-11-06 16:46:42,645 [INFO] ThirdParty:1030 - CMSIS Pack Vendor :EmbeddedOffice I-CUBE-FS-RTOS 1.0.1
2025-11-06 16:46:42,645 [INFO] ThirdParty:1030 - CMSIS Pack Vendor :STMicroelectronics lwIP 2.0.3
2025-11-06 16:46:42,645 [INFO] ThirdParty:1030 - CMSIS Pack Vendor :Cesanta I-CUBE-Mongoose 7.13.0
2025-11-06 16:46:42,645 [INFO] ThirdParty:1030 - CMSIS Pack Vendor :STMicroelectronics USB_HOST 1.0.0
2025-11-06 16:46:42,645 [INFO] ThirdParty:1030 - CMSIS Pack Vendor :Infineon AIROC-Wi-Fi-Bluetooth-STM32 1.7.1
2025-11-06 16:46:42,646 [INFO] ThirdParty:1030 - CMSIS Pack Vendor :STMicroelectronics X-CUBE-AZRTOS-G4 2.0.0
2025-11-06 16:46:42,646 [INFO] ThirdParty:1030 - CMSIS Pack Vendor :STMicroelectronics X-CUBE-WB05N 2.0.0
2025-11-06 16:46:42,646 [INFO] ThirdParty:1030 - CMSIS Pack Vendor :STMicroelectronics PDM2PCM 3.1.0
2025-11-06 16:46:42,646 [INFO] ThirdParty:1030 - CMSIS Pack Vendor :STMicroelectronics PDM2PCM 3.3.0
2025-11-06 16:46:42,646 [INFO] ThirdParty:1030 - CMSIS Pack Vendor :wolfSSL I-CUBE-wolfTPM 3.8.0
2025-11-06 16:46:42,646 [INFO] ThirdParty:1030 - CMSIS Pack Vendor :STMicroelectronics X-CUBE-AZRTOS-H7 3.4.0
2025-11-06 16:46:42,646 [INFO] ThirdParty:1030 - CMSIS Pack Vendor :STMicroelectronics X-CUBE-DISPLAY 3.0.0
2025-11-06 16:46:42,646 [INFO] ThirdParty:1030 - CMSIS Pack Vendor :wolfSSL I-CUBE-wolfSSH 1.4.20
2025-11-06 16:46:42,646 [INFO] ThirdParty:1030 - CMSIS Pack Vendor :STMicroelectronics X-CUBE-NFC7 2.0.0
2025-11-06 16:46:42,646 [INFO] ThirdParty:1030 - CMSIS Pack Vendor :STMicroelectronics X-CUBE-TCPP 4.2.0
2025-11-06 16:46:42,646 [INFO] ThirdParty:1030 - CMSIS Pack Vendor :RealThread X-CUBE-RT-Thread_Nano 4.1.1
2025-11-06 16:46:42,646 [INFO] ThirdParty:1030 - CMSIS Pack Vendor :STMicroelectronics FP-ATR-SIGFOX1 3.2.0
2025-11-06 16:46:42,646 [INFO] ThirdParty:1030 - CMSIS Pack Vendor :STMicroelectronics X-CUBE-NFC10 1.0.0
2025-11-06 16:46:42,649 [INFO] ThirdParty:1030 - CMSIS Pack Vendor :STMicroelectronics X-CUBE-FREERTOS 1.3.1
2025-11-06 16:46:42,650 [INFO] ThirdParty:1030 - CMSIS Pack Vendor :STMicroelectronics HAL Drivers 0.0.0
2025-11-06 16:46:42,650 [INFO] ThirdParty:1030 - CMSIS Pack Vendor :STMicroelectronics MBEDTLS 2.16.2
2025-11-06 16:46:42,650 [INFO] ThirdParty:1030 - CMSIS Pack Vendor :STMicroelectronics X-CUBE-ST60 1.1.0
2025-11-06 16:46:42,650 [INFO] ThirdParty:1030 - CMSIS Pack Vendor :STMicroelectronics X-CUBE-IPS 3.1.0
2025-11-06 16:46:42,650 [INFO] ThirdParty:1030 - CMSIS Pack Vendor :STMicroelectronics X-CUBE-ALS 1.0.2
2025-11-06 16:46:42,650 [INFO] ThirdParty:1030 - CMSIS Pack Vendor :emotas I-CUBE-CANOPEN 1.3.0
2025-11-06 16:46:42,650 [INFO] ThirdParty:1030 - CMSIS Pack Vendor :STMicroelectronics MBEDTLS 2.14.1
2025-11-06 16:46:42,650 [INFO] ThirdParty:1030 - CMSIS Pack Vendor :STMicroelectronics X-CUBE-GNSS1 7.1.0
2025-11-06 16:46:42,650 [INFO] ThirdParty:1030 - CMSIS Pack Vendor :ITTIA_DB I-CUBE-ITTIADB 8.9.0
2025-11-06 16:46:42,650 [INFO] ThirdParty:1030 - CMSIS Pack Vendor :STMicroelectronics X-CUBE-TOUCHGFX 4.26.0
2025-11-06 16:46:42,650 [INFO] ThirdParty:1030 - CMSIS Pack Vendor :STMicroelectronics X-CUBE-STSE01 1.0.0
2025-11-06 16:46:42,650 [INFO] ThirdParty:1030 - CMSIS Pack Vendor :portGmbH I-Cube-SoM-uGOAL 1.1.0
2025-11-06 16:46:42,650 [INFO] ThirdParty:1030 - CMSIS Pack Vendor :STMicroelectronics X-CUBE-ST67W61 1.0.0
2025-11-06 16:46:42,650 [INFO] ThirdParty:1030 - CMSIS Pack Vendor :STMicroelectronics X-CUBE-AI 10.2.0
2025-11-06 16:46:42,651 [INFO] ThirdParty:1030 - CMSIS Pack Vendor :STMicroelectronics FP-SNS-STAIOTCFT 1.0.0
2025-11-06 16:46:42,651 [INFO] ThirdParty:1030 - CMSIS Pack Vendor :STMicroelectronics ThreadX 1.0.0
2025-11-06 16:46:42,651 [INFO] ThirdParty:1030 - CMSIS Pack Vendor :STMicroelectronics FP-SNS-SMARTAG2 1.2.0
2025-11-06 16:46:42,651 [INFO] ThirdParty:1030 - CMSIS Pack Vendor :STMicroelectronics FP-SNS-FLIGHT1 5.1.0
2025-11-06 16:46:42,651 [INFO] ThirdParty:1030 - CMSIS Pack Vendor :STMicroelectronics X-CUBE-AZRTOS-WL 2.0.0
2025-11-06 16:46:42,651 [INFO] ThirdParty:1030 - CMSIS Pack Vendor :SEGGER I-CUBE-embOS 1.3.1
2025-11-06 16:46:42,651 [INFO] ThirdParty:1030 - CMSIS Pack Vendor :STMicroelectronics X-CUBE-ALGOBUILD 1.4.0
2025-11-06 16:46:42,651 [INFO] ThirdParty:1030 - CMSIS Pack Vendor :STMicroelectronics X-CUBE-DPower 1.3.0
2025-11-06 16:46:42,651 [INFO] ThirdParty:1030 - CMSIS Pack Vendor :STMicroelectronics X-CUBE-MEMS1 11.3.0
2025-11-06 16:46:42,651 [INFO] ThirdParty:1030 - CMSIS Pack Vendor :STMicroelectronics FP-SNS-MOTENV1 5.0.0
2025-11-06 16:46:42,651 [INFO] ThirdParty:1030 - CMSIS Pack Vendor :STMicroelectronics USB_DEVICE 1.0.0
2025-11-06 16:46:42,651 [INFO] ThirdParty:1030 - CMSIS Pack Vendor :STMicroelectronics X-CUBE-AZRTOS-L4 2.0.0
2025-11-06 16:46:42,651 [INFO] ThirdParty:1030 - CMSIS Pack Vendor :STMicroelectronics ThreadX 0.0.2
2025-11-06 16:46:42,651 [INFO] ThirdParty:1030 - CMSIS Pack Vendor :WES I-CUBE-Cesium 1.3.0
2025-11-06 16:46:42,651 [INFO] ThirdParty:1030 - CMSIS Pack Vendor :STMicroelectronics lwIP 2.1.2
2025-11-06 16:46:42,651 [INFO] ThirdParty:1030 - CMSIS Pack Vendor :STMicroelectronics X-CUBE-SFXS2LP1 4.0.0
2025-11-06 16:46:42,651 [INFO] ThirdParty:1030 - CMSIS Pack Vendor :STMicroelectronics X-CUBE-BLE2 3.3.0
2025-11-06 16:46:42,651 [INFO] ThirdParty:1030 - CMSIS Pack Vendor :STMicroelectronics X-CUBE-TOF1 3.4.3
2025-11-06 16:46:42,651 [INFO] ThirdParty:1030 - CMSIS Pack Vendor :STMicroelectronics PDM2PCM 3.2.0
2025-11-06 16:46:42,652 [INFO] ThirdParty:841 - exiting critical section [change project]
2025-11-06 16:46:44,525 [INFO] PinOutPanel:1589 - setPackage(No Configuration,No Configuration)
2025-11-06 16:46:44,527 [INFO] PinOutPanel:1589 - setPackage(STM32F411CEUx,UFQFPN48)
2025-11-06 16:46:45,722 [INFO] UtilMem:75 - Before build in PCC Used Memory: 724568064 Bytes (1073741824)
2025-11-06 16:46:48,735 [INFO] UtilMem:75 - After build in PCC Used Memory: 790102016 Bytes (1073741824)
2025-11-06 16:46:48,801 [INFO] IPUIPlugin:80 - create IPUIPlugin
2025-11-06 16:46:48,801 [INFO] IPUIPlugin:80 - create IPUIPlugin
2025-11-06 16:46:48,802 [INFO] IPUIPlugin:80 - create IPUIPlugin
2025-11-06 16:46:48,802 [INFO] IPUIPlugin:80 - create IPUIPlugin
2025-11-06 16:46:48,802 [INFO] IPUIPlugin:80 - create IPUIPlugin
2025-11-06 16:46:48,802 [INFO] IPUIPlugin:80 - create IPUIPlugin
2025-11-06 16:46:48,803 [INFO] IPUIPlugin:80 - create IPUIPlugin
2025-11-06 16:46:48,803 [INFO] IPUIPlugin:80 - create IPUIPlugin
2025-11-06 16:46:48,803 [INFO] IPUIPlugin:80 - create IPUIPlugin
2025-11-06 16:46:48,803 [INFO] IPUIPlugin:80 - create IPUIPlugin
2025-11-06 16:46:48,804 [INFO] IPUIPlugin:80 - create IPUIPlugin
2025-11-06 16:46:48,804 [INFO] IPUIPlugin:80 - create IPUIPlugin
2025-11-06 16:46:48,804 [INFO] IPUIPlugin:80 - create IPUIPlugin
2025-11-06 16:46:48,804 [INFO] IPUIPlugin:80 - create IPUIPlugin
2025-11-06 16:46:48,805 [INFO] IPUIPlugin:80 - create IPUIPlugin
2025-11-06 16:46:48,805 [INFO] IPUIPlugin:80 - create IPUIPlugin
2025-11-06 16:46:48,805 [INFO] IPUIPlugin:80 - create IPUIPlugin
2025-11-06 16:46:48,806 [INFO] IPUIPlugin:80 - create IPUIPlugin
2025-11-06 16:46:48,806 [INFO] IPUIPlugin:80 - create IPUIPlugin
2025-11-06 16:46:48,807 [INFO] IPUIPlugin:80 - create IPUIPlugin
2025-11-06 16:46:48,807 [INFO] IPUIPlugin:80 - create IPUIPlugin
2025-11-06 16:46:48,808 [INFO] IPUIPlugin:80 - create IPUIPlugin
2025-11-06 16:46:48,808 [INFO] IPUIPlugin:80 - create IPUIPlugin
2025-11-06 16:46:48,809 [INFO] IPUIPlugin:80 - create IPUIPlugin
2025-11-06 16:46:48,810 [INFO] IPUIPlugin:80 - create IPUIPlugin
2025-11-06 16:46:48,810 [INFO] IPUIPlugin:80 - create IPUIPlugin
2025-11-06 16:46:48,810 [INFO] IPUIPlugin:80 - create IPUIPlugin
2025-11-06 16:46:48,811 [INFO] IPUIPlugin:80 - create IPUIPlugin
2025-11-06 16:46:48,811 [INFO] IPUIPlugin:80 - create IPUIPlugin
2025-11-06 16:46:48,812 [INFO] IPUIPlugin:80 - create IPUIPlugin
2025-11-06 16:46:48,812 [INFO] IPUIPlugin:80 - create IPUIPlugin
2025-11-06 16:46:48,814 [INFO] IPUIPlugin:80 - create IPUIPlugin
2025-11-06 16:46:48,815 [INFO] IPUIPlugin:80 - create IPUIPlugin
2025-11-06 16:46:48,816 [INFO] IPUIPlugin:80 - create IPUIPlugin
2025-11-06 16:46:48,816 [INFO] IPUIPlugin:80 - create IPUIPlugin
2025-11-06 16:46:48,817 [INFO] IPUIPlugin:80 - create IPUIPlugin
2025-11-06 16:46:48,818 [INFO] IPUIPlugin:80 - create IPUIPlugin
2025-11-06 16:46:48,818 [INFO] IPUIPlugin:80 - create IPUIPlugin
2025-11-06 16:46:48,819 [INFO] IPUIPlugin:80 - create IPUIPlugin
2025-11-06 16:46:48,819 [INFO] IPUIPlugin:80 - create IPUIPlugin
2025-11-06 16:46:48,820 [INFO] IPUIPlugin:80 - create IPUIPlugin
2025-11-06 16:46:48,820 [INFO] IPUIPlugin:80 - create IPUIPlugin
2025-11-06 16:46:48,821 [INFO] IPUIPlugin:80 - create IPUIPlugin
2025-11-06 16:46:48,916 [INFO] ApiDbMcu:508 - Load IP Config File for PDM2PCM
2025-11-06 16:46:49,184 [ERROR] ProjectManagerView:193 - 
java.lang.NullPointerException: Cannot invoke "javax.swing.JTextField.getText()" because the return value of "java.util.List.get(int)" is null
	at com.st.microxplorer.plugins.projectmanager.gui.ProjectChoiceTab$9.caretUpdate(ProjectChoiceTab.java:2678) ~[filemanager.jar:?]
	at javax.swing.text.JTextComponent.fireCaretUpdate(JTextComponent.java:408) ~[?:?]
	at javax.swing.text.JTextComponent$MutableCaretEvent.fire(JTextComponent.java:4484) ~[?:?]
	at javax.swing.text.JTextComponent$MutableCaretEvent.stateChanged(JTextComponent.java:4506) ~[?:?]
	at javax.swing.text.DefaultCaret.fireStateChanged(DefaultCaret.java:857) ~[?:?]
	at javax.swing.text.DefaultCaret.changeCaretPosition(DefaultCaret.java:1343) ~[?:?]
	at javax.swing.text.DefaultCaret.handleSetDot(DefaultCaret.java:1242) ~[?:?]
	at javax.swing.text.DefaultCaret.setDot(DefaultCaret.java:1223) ~[?:?]
	at javax.swing.text.DefaultCaret$Handler.insertUpdate(DefaultCaret.java:1819) ~[?:?]
	at javax.swing.text.AbstractDocument.fireInsertUpdate(AbstractDocument.java:227) ~[?:?]
	at javax.swing.text.AbstractDocument.handleInsertString(AbstractDocument.java:781) ~[?:?]
	at javax.swing.text.AbstractDocument.insertString(AbstractDocument.java:740) ~[?:?]
	at javax.swing.text.PlainDocument.insertString(PlainDocument.java:131) ~[?:?]
	at javax.swing.text.AbstractDocument.replace(AbstractDocument.java:699) ~[?:?]
	at javax.swing.text.JTextComponent.setText(JTextComponent.java:1725) ~[?:?]
	at com.st.microxplorer.plugins.projectmanager.gui.ProjectChoiceTab.createHeapStackFields(ProjectChoiceTab.java:979) ~[filemanager.jar:?]
	at com.st.microxplorer.plugins.projectmanager.gui.ProjectChoiceTab.buildLinkSettingsPanel(ProjectChoiceTab.java:3766) ~[filemanager.jar:?]
	at com.st.microxplorer.plugins.projectmanager.gui.ProjectChoiceTab.defineWindowsFields(ProjectChoiceTab.java:1962) ~[filemanager.jar:?]
	at com.st.microxplorer.plugins.projectmanager.gui.ProjectChoiceTab.<init>(ProjectChoiceTab.java:353) ~[filemanager.jar:?]
	at com.st.microxplorer.plugins.projectmanager.gui.ProjectSettingsPanel.defineWindowsFields(ProjectSettingsPanel.java:298) ~[filemanager.jar:?]
	at com.st.microxplorer.plugins.projectmanager.gui.ProjectSettingsPanel.<init>(ProjectSettingsPanel.java:113) ~[filemanager.jar:?]
	at com.st.microxplorer.plugins.projectmanager.engine.MainProjectManager.showProjectSettingPanel(MainProjectManager.java:606) ~[filemanager.jar:?]
	at com.st.microxplorer.plugins.projectmanager.ProjectManagerView.getUI(ProjectManagerView.java:191) ~[filemanager.jar:?]
	at com.st.microxplorer.maingui.MainPanel.updateViewsTabPane(MainPanel.java:1855) ~[STM32CubeMX.jar:?]
	at com.st.microxplorer.maingui.MainPanel.propertyChange(MainPanel.java:1084) ~[STM32CubeMX.jar:?]
	at java.beans.PropertyChangeSupport.fire(PropertyChangeSupport.java:343) ~[?:?]
	at java.beans.PropertyChangeSupport.firePropertyChange(PropertyChangeSupport.java:335) ~[?:?]
	at java.beans.PropertyChangeSupport.firePropertyChange(PropertyChangeSupport.java:268) ~[?:?]
	at com.st.microxplorer.util.MXPropertyChangeSupport.firePropertyChange(MXPropertyChangeSupport.java:54) ~[STM32CubeMX.jar:?]
	at com.st.microxplorer.mxsystem.MxSystem.swingWorkerCompleteLoadConfig(MxSystem.java:834) ~[STM32CubeMX.jar:?]
	at com.st.microxplorer.mxsystem.MxSystem$DummyProgressBar.doAction(MxSystem.java:539) ~[STM32CubeMX.jar:?]
	at com.st.microxplorer.mxsystem.MxSystem.completeLoadConfig(MxSystem.java:828) ~[STM32CubeMX.jar:?]
	at com.st.microxplorer.plugins.filemanager.engine.OpenFileManager.LoadConfig(OpenFileManager.java:377) ~[filemanager.jar:?]
	at com.st.microxplorer.plugins.filemanager.engine.OpenFileManager.loadConfigurationFile(OpenFileManager.java:291) ~[filemanager.jar:?]
	at com.st.microxplorer.plugins.filemanager.engine.MainFileManager.userLoadConfig(MainFileManager.java:341) ~[filemanager.jar:?]
	at com.st.microxplorer.plugins.filemanager.engine.MainFileManager.userLoadConfig(MainFileManager.java:319) ~[filemanager.jar:?]
	at com.st.microxplorer.plugins.filemanager.FileManagerView.getSpecificTask(FileManagerView.java:246) ~[filemanager.jar:?]
	at com.st.stm32cube.common.mx.editor.CubeMxEditor.getMxTabbedPaneInstance(CubeMxEditor.java:1198) ~[com.st.stm32cube.common.mx_6.14.0.202502271554/:?]
	at com.st.stm32cube.common.mx.editor.CubeMxEditor$12$1.createSwingComponent(CubeMxEditor.java:1068) ~[com.st.stm32cube.common.mx_6.14.0.202502271554/:?]
	at com.st.stm32cube.common.mx.oss.core.awtswtbridge.EmbeddedSwingComposite.doComponentCreation(EmbeddedSwingComposite.java:492) ~[com.st.stm32cube.common.mx.oss_6.14.0.202502271554/:?]
	at com.st.stm32cube.common.mx.oss.core.awtswtbridge.EmbeddedSwingComposite$4.run(EmbeddedSwingComposite.java:291) ~[com.st.stm32cube.common.mx.oss_6.14.0.202502271554/:?]
	at com.st.stm32cube.common.mx.oss.core.awtswtbridge.AwtEnvironment$2.run(AwtEnvironment.java:166) ~[com.st.stm32cube.common.mx.oss_6.14.0.202502271554/:?]
	at java.awt.event.InvocationEvent.dispatch(InvocationEvent.java:318) ~[?:?]
	at java.awt.EventQueue.dispatchEventImpl(EventQueue.java:773) ~[?:?]
	at java.awt.EventQueue$4.run(EventQueue.java:720) ~[?:?]
	at java.awt.EventQueue$4.run(EventQueue.java:714) ~[?:?]
	at java.security.AccessController.doPrivileged(AccessController.java:400) ~[?:?]
	at java.security.ProtectionDomain$JavaSecurityAccessImpl.doIntersectionPrivilege(ProtectionDomain.java:87) ~[?:?]
	at java.awt.EventQueue.dispatchEvent(EventQueue.java:742) ~[?:?]
	at java.awt.EventDispatchThread.pumpOneEventForFilters(EventDispatchThread.java:203) ~[?:?]
	at java.awt.EventDispatchThread.pumpEventsForFilter(EventDispatchThread.java:124) ~[?:?]
	at java.awt.EventDispatchThread.pumpEventsForFilter(EventDispatchThread.java:117) ~[?:?]
	at java.awt.WaitDispatchSupport$2.run(WaitDispatchSupport.java:191) ~[?:?]
	at java.awt.WaitDispatchSupport$4.run(WaitDispatchSupport.java:236) ~[?:?]
	at java.awt.WaitDispatchSupport$4.run(WaitDispatchSupport.java:234) ~[?:?]
	at java.security.AccessController.doPrivileged(AccessController.java:319) ~[?:?]
	at java.awt.WaitDispatchSupport.enter(WaitDispatchSupport.java:234) ~[?:?]
	at java.awt.Dialog.show(Dialog.java:1079) ~[?:?]
	at java.awt.Component.show(Component.java:1728) ~[?:?]
	at java.awt.Component.setVisible(Component.java:1675) ~[?:?]
	at java.awt.Window.setVisible(Window.java:1036) ~[?:?]
	at java.awt.Dialog.setVisible(Dialog.java:1015) ~[?:?]
	at com.st.microxplorer.util.ProcessBarDialog.doAction(ProcessBarDialog.java:173) ~[STM32CubeMX.jar:?]
	at com.st.microxplorer.mxsystem.ProjectFactory.load(ProjectFactory.java:228) ~[STM32CubeMX.jar:?]
	at com.st.microxplorer.mxsystem.ProjectFactory.startLoadConfig(ProjectFactory.java:177) ~[STM32CubeMX.jar:?]
	at com.st.microxplorer.mxsystem.MxSystem.startLoadConfig(MxSystem.java:782) ~[STM32CubeMX.jar:?]
	at com.st.microxplorer.plugins.filemanager.engine.OpenFileManager.LoadConfig(OpenFileManager.java:356) ~[filemanager.jar:?]
	at com.st.microxplorer.plugins.filemanager.engine.OpenFileManager.loadConfigurationFile(OpenFileManager.java:291) ~[filemanager.jar:?]
	at com.st.microxplorer.plugins.filemanager.engine.MainFileManager.userLoadConfig(MainFileManager.java:341) ~[filemanager.jar:?]
	at com.st.microxplorer.plugins.filemanager.engine.MainFileManager.userLoadConfig(MainFileManager.java:319) ~[filemanager.jar:?]
	at com.st.microxplorer.plugins.filemanager.FileManagerView.getSpecificTask(FileManagerView.java:246) ~[filemanager.jar:?]
	at com.st.stm32cube.common.mx.editor.CubeMxEditor.getMxTabbedPaneInstance(CubeMxEditor.java:1198) ~[com.st.stm32cube.common.mx_6.14.0.202502271554/:?]
	at com.st.stm32cube.common.mx.editor.CubeMxEditor$12$1.createSwingComponent(CubeMxEditor.java:1068) ~[com.st.stm32cube.common.mx_6.14.0.202502271554/:?]
	at com.st.stm32cube.common.mx.oss.core.awtswtbridge.EmbeddedSwingComposite.doComponentCreation(EmbeddedSwingComposite.java:492) ~[com.st.stm32cube.common.mx.oss_6.14.0.202502271554/:?]
	at com.st.stm32cube.common.mx.oss.core.awtswtbridge.EmbeddedSwingComposite$4.run(EmbeddedSwingComposite.java:291) ~[com.st.stm32cube.common.mx.oss_6.14.0.202502271554/:?]
	at com.st.stm32cube.common.mx.oss.core.awtswtbridge.AwtEnvironment$2.run(AwtEnvironment.java:166) ~[com.st.stm32cube.common.mx.oss_6.14.0.202502271554/:?]
	at java.awt.event.InvocationEvent.dispatch(InvocationEvent.java:318) ~[?:?]
	at java.awt.EventQueue.dispatchEventImpl(EventQueue.java:773) ~[?:?]
	at java.awt.EventQueue$4.run(EventQueue.java:720) ~[?:?]
	at java.awt.EventQueue$4.run(EventQueue.java:714) ~[?:?]
	at java.security.AccessController.doPrivileged(AccessController.java:400) ~[?:?]
	at java.security.ProtectionDomain$JavaSecurityAccessImpl.doIntersectionPrivilege(ProtectionDomain.java:87) ~[?:?]
	at java.awt.EventQueue.dispatchEvent(EventQueue.java:742) ~[?:?]
	at java.awt.EventDispatchThread.pumpOneEventForFilters(EventDispatchThread.java:203) ~[?:?]
	at java.awt.EventDispatchThread.pumpEventsForFilter(EventDispatchThread.java:124) ~[?:?]
	at java.awt.EventDispatchThread.pumpEventsForHierarchy(EventDispatchThread.java:113) ~[?:?]
	at java.awt.EventDispatchThread.pumpEvents(EventDispatchThread.java:109) ~[?:?]
	at java.awt.EventDispatchThread.pumpEvents(EventDispatchThread.java:101) ~[?:?]
	at java.awt.EventDispatchThread.run(EventDispatchThread.java:90) ~[?:?]
2025-11-06 16:46:49,301 [INFO] CADModel:165 - CPN selected for project levelSTM32F411CEU6
2025-11-06 16:46:49,301 [INFO] CADModel:114 - Register for checkConnection events
2025-11-06 16:46:49,303 [INFO] OpenFileManager:385 - Restore cursor
2025-11-06 16:46:49,317 [ERROR] LogOutputStream:75 - [STDERR_REDIRECT] Exception in thread "AWT-EventQueue-0" java.lang.NullPointerException: Cannot invoke "com.st.microxplorer.mcufinder.db.DbMcusSqlite.getSqliteMissingFields(com.st.microxplorer.mcufinder.db.McuInfo)" because "com.st.microxplorer.mcufinder.db.DbMcus.dbManagerSqlite" is null
2025-11-06 16:46:49,320 [ERROR] LogOutputStream:75 - [STDERR_REDIRECT] 	at com.st.microxplorer.mcufinder.db.DbMcus.getMissingFields(DbMcus.java:1043)
2025-11-06 16:46:49,322 [ERROR] LogOutputStream:75 - [STDERR_REDIRECT] 	at com.st.microxplorer.maingui.MenuBar.propertyChange(MenuBar.java:644)
2025-11-06 16:46:49,325 [ERROR] LogOutputStream:75 - [STDERR_REDIRECT] 	at java.desktop/java.beans.PropertyChangeSupport.fire(PropertyChangeSupport.java:343)
2025-11-06 16:46:49,328 [ERROR] LogOutputStream:75 - [STDERR_REDIRECT] 	at java.desktop/java.beans.PropertyChangeSupport.firePropertyChange(PropertyChangeSupport.java:335)
2025-11-06 16:46:49,332 [ERROR] LogOutputStream:75 - [STDERR_REDIRECT] 	at java.desktop/java.beans.PropertyChangeSupport.firePropertyChange(PropertyChangeSupport.java:268)
2025-11-06 16:46:49,336 [ERROR] LogOutputStream:75 - [STDERR_REDIRECT] 	at com.st.microxplorer.util.MXPropertyChangeSupport.firePropertyChange(MXPropertyChangeSupport.java:54)
2025-11-06 16:46:49,339 [ERROR] LogOutputStream:75 - [STDERR_REDIRECT] 	at com.st.microxplorer.mxsystem.MxSystem.MxFirePropertyChange(MxSystem.java:219)
2025-11-06 16:46:49,343 [ERROR] LogOutputStream:75 - [STDERR_REDIRECT] 	at com.st.microxplorer.plugins.filemanager.engine.MainFileManager.userLoadConfig(MainFileManager.java:364)
2025-11-06 16:46:49,345 [ERROR] LogOutputStream:75 - [STDERR_REDIRECT] 	at com.st.microxplorer.plugins.filemanager.engine.MainFileManager.userLoadConfig(MainFileManager.java:319)
2025-11-06 16:46:49,350 [ERROR] LogOutputStream:75 - [STDERR_REDIRECT] 	at com.st.microxplorer.plugins.filemanager.FileManagerView.getSpecificTask(FileManagerView.java:246)
2025-11-06 16:46:49,352 [ERROR] LogOutputStream:75 - [STDERR_REDIRECT] 	at com.st.stm32cube.common.mx.editor.CubeMxEditor.getMxTabbedPaneInstance(CubeMxEditor.java:1198)
2025-11-06 16:46:49,354 [ERROR] LogOutputStream:75 - [STDERR_REDIRECT] 	at com.st.stm32cube.common.mx.editor.CubeMxEditor$12$1.createSwingComponent(CubeMxEditor.java:1068)
2025-11-06 16:46:49,356 [ERROR] LogOutputStream:75 - [STDERR_REDIRECT] 	at com.st.stm32cube.common.mx.oss.core.awtswtbridge.EmbeddedSwingComposite.doComponentCreation(EmbeddedSwingComposite.java:492)
2025-11-06 16:46:49,358 [ERROR] LogOutputStream:75 - [STDERR_REDIRECT] 	at com.st.stm32cube.common.mx.oss.core.awtswtbridge.EmbeddedSwingComposite$4.run(EmbeddedSwingComposite.java:291)
2025-11-06 16:46:49,360 [ERROR] LogOutputStream:75 - [STDERR_REDIRECT] 	at com.st.stm32cube.common.mx.oss.core.awtswtbridge.AwtEnvironment$2.run(AwtEnvironment.java:166)
2025-11-06 16:46:49,362 [ERROR] LogOutputStream:75 - [STDERR_REDIRECT] 	at java.desktop/java.awt.event.InvocationEvent.dispatch(InvocationEvent.java:318)
2025-11-06 16:46:49,363 [ERROR] LogOutputStream:75 - [STDERR_REDIRECT] 	at java.desktop/java.awt.EventQueue.dispatchEventImpl(EventQueue.java:773)
2025-11-06 16:46:49,366 [ERROR] LogOutputStream:75 - [STDERR_REDIRECT] 	at java.desktop/java.awt.EventQueue$4.run(EventQueue.java:720)
2025-11-06 16:46:49,368 [ERROR] LogOutputStream:75 - [STDERR_REDIRECT] 	at java.desktop/java.awt.EventQueue$4.run(EventQueue.java:714)
2025-11-06 16:46:49,370 [ERROR] LogOutputStream:75 - [STDERR_REDIRECT] 	at java.base/java.security.AccessController.doPrivileged(AccessController.java:400)
2025-11-06 16:46:49,372 [ERROR] LogOutputStream:75 - [STDERR_REDIRECT] 	at java.base/java.security.ProtectionDomain$JavaSecurityAccessImpl.doIntersectionPrivilege(ProtectionDomain.java:87)
2025-11-06 16:46:49,373 [ERROR] LogOutputStream:75 - [STDERR_REDIRECT] 	at java.desktop/java.awt.EventQueue.dispatchEvent(EventQueue.java:742)
2025-11-06 16:46:49,375 [ERROR] LogOutputStream:75 - [STDERR_REDIRECT] 	at java.desktop/java.awt.EventDispatchThread.pumpOneEventForFilters(EventDispatchThread.java:203)
2025-11-06 16:46:49,377 [ERROR] LogOutputStream:75 - [STDERR_REDIRECT] 	at java.desktop/java.awt.EventDispatchThread.pumpEventsForFilter(EventDispatchThread.java:124)
2025-11-06 16:46:49,379 [ERROR] LogOutputStream:75 - [STDERR_REDIRECT] 	at java.desktop/java.awt.EventDispatchThread.pumpEventsForFilter(EventDispatchThread.java:117)
2025-11-06 16:46:49,381 [ERROR] LogOutputStream:75 - [STDERR_REDIRECT] 	at java.desktop/java.awt.WaitDispatchSupport$2.run(WaitDispatchSupport.java:191)
2025-11-06 16:46:49,383 [ERROR] LogOutputStream:75 - [STDERR_REDIRECT] 	at java.desktop/java.awt.WaitDispatchSupport$4.run(WaitDispatchSupport.java:236)
2025-11-06 16:46:49,385 [ERROR] LogOutputStream:75 - [STDERR_REDIRECT] 	at java.desktop/java.awt.WaitDispatchSupport$4.run(WaitDispatchSupport.java:234)
2025-11-06 16:46:49,387 [ERROR] LogOutputStream:75 - [STDERR_REDIRECT] 	at java.base/java.security.AccessController.doPrivileged(AccessController.java:319)
2025-11-06 16:46:49,389 [ERROR] LogOutputStream:75 - [STDERR_REDIRECT] 	at java.desktop/java.awt.WaitDispatchSupport.enter(WaitDispatchSupport.java:234)
2025-11-06 16:46:49,390 [ERROR] LogOutputStream:75 - [STDERR_REDIRECT] 	at java.desktop/java.awt.Dialog.show(Dialog.java:1079)
2025-11-06 16:46:49,392 [ERROR] LogOutputStream:75 - [STDERR_REDIRECT] 	at java.desktop/java.awt.Component.show(Component.java:1728)
2025-11-06 16:46:49,394 [ERROR] LogOutputStream:75 - [STDERR_REDIRECT] 	at java.desktop/java.awt.Component.setVisible(Component.java:1675)
2025-11-06 16:46:49,396 [ERROR] LogOutputStream:75 - [STDERR_REDIRECT] 	at java.desktop/java.awt.Window.setVisible(Window.java:1036)
2025-11-06 16:46:49,400 [ERROR] LogOutputStream:75 - [STDERR_REDIRECT] 	at java.desktop/java.awt.Dialog.setVisible(Dialog.java:1015)
2025-11-06 16:46:49,401 [ERROR] LogOutputStream:75 - [STDERR_REDIRECT] 	at com.st.microxplorer.util.ProcessBarDialog.doAction(ProcessBarDialog.java:173)
2025-11-06 16:46:49,403 [ERROR] LogOutputStream:75 - [STDERR_REDIRECT] 	at com.st.microxplorer.mxsystem.ProjectFactory.load(ProjectFactory.java:228)
2025-11-06 16:46:49,404 [ERROR] LogOutputStream:75 - [STDERR_REDIRECT] 	at com.st.microxplorer.mxsystem.ProjectFactory.startLoadConfig(ProjectFactory.java:177)
2025-11-06 16:46:49,406 [ERROR] LogOutputStream:75 - [STDERR_REDIRECT] 	at com.st.microxplorer.mxsystem.MxSystem.startLoadConfig(MxSystem.java:782)
2025-11-06 16:46:49,408 [ERROR] LogOutputStream:75 - [STDERR_REDIRECT] 	at com.st.microxplorer.plugins.filemanager.engine.OpenFileManager.LoadConfig(OpenFileManager.java:356)
2025-11-06 16:46:49,410 [ERROR] LogOutputStream:75 - [STDERR_REDIRECT] 	at com.st.microxplorer.plugins.filemanager.engine.OpenFileManager.loadConfigurationFile(OpenFileManager.java:291)
2025-11-06 16:46:49,411 [ERROR] LogOutputStream:75 - [STDERR_REDIRECT] 	at com.st.microxplorer.plugins.filemanager.engine.MainFileManager.userLoadConfig(MainFileManager.java:341)
2025-11-06 16:46:49,413 [ERROR] LogOutputStream:75 - [STDERR_REDIRECT] 	at com.st.microxplorer.plugins.filemanager.engine.MainFileManager.userLoadConfig(MainFileManager.java:319)
2025-11-06 16:46:49,417 [ERROR] LogOutputStream:75 - [STDERR_REDIRECT] 	at com.st.microxplorer.plugins.filemanager.FileManagerView.getSpecificTask(FileManagerView.java:246)
2025-11-06 16:46:49,419 [ERROR] LogOutputStream:75 - [STDERR_REDIRECT] 	at com.st.stm32cube.common.mx.editor.CubeMxEditor.getMxTabbedPaneInstance(CubeMxEditor.java:1198)
2025-11-06 16:46:49,421 [ERROR] LogOutputStream:75 - [STDERR_REDIRECT] 	at com.st.stm32cube.common.mx.editor.CubeMxEditor$12$1.createSwingComponent(CubeMxEditor.java:1068)
2025-11-06 16:46:49,424 [ERROR] LogOutputStream:75 - [STDERR_REDIRECT] 	at com.st.stm32cube.common.mx.oss.core.awtswtbridge.EmbeddedSwingComposite.doComponentCreation(EmbeddedSwingComposite.java:492)
2025-11-06 16:46:49,427 [ERROR] LogOutputStream:75 - [STDERR_REDIRECT] 	at com.st.stm32cube.common.mx.oss.core.awtswtbridge.EmbeddedSwingComposite$4.run(EmbeddedSwingComposite.java:291)
2025-11-06 16:46:49,430 [ERROR] LogOutputStream:75 - [STDERR_REDIRECT] 	at com.st.stm32cube.common.mx.oss.core.awtswtbridge.AwtEnvironment$2.run(AwtEnvironment.java:166)
2025-11-06 16:46:49,433 [ERROR] LogOutputStream:75 - [STDERR_REDIRECT] 	at java.desktop/java.awt.event.InvocationEvent.dispatch(InvocationEvent.java:318)
2025-11-06 16:46:49,435 [ERROR] LogOutputStream:75 - [STDERR_REDIRECT] 	at java.desktop/java.awt.EventQueue.dispatchEventImpl(EventQueue.java:773)
2025-11-06 16:46:49,438 [ERROR] LogOutputStream:75 - [STDERR_REDIRECT] 	at java.desktop/java.awt.EventQueue$4.run(EventQueue.java:720)
2025-11-06 16:46:49,439 [ERROR] LogOutputStream:75 - [STDERR_REDIRECT] 	at java.desktop/java.awt.EventQueue$4.run(EventQueue.java:714)
2025-11-06 16:46:49,442 [ERROR] LogOutputStream:75 - [STDERR_REDIRECT] 	at java.base/java.security.AccessController.doPrivileged(AccessController.java:400)
2025-11-06 16:46:49,444 [ERROR] LogOutputStream:75 - [STDERR_REDIRECT] 	at java.base/java.security.ProtectionDomain$JavaSecurityAccessImpl.doIntersectionPrivilege(ProtectionDomain.java:87)
2025-11-06 16:46:49,446 [ERROR] LogOutputStream:75 - [STDERR_REDIRECT] 	at java.desktop/java.awt.EventQueue.dispatchEvent(EventQueue.java:742)
2025-11-06 16:46:49,450 [ERROR] LogOutputStream:75 - [STDERR_REDIRECT] 	at java.desktop/java.awt.EventDispatchThread.pumpOneEventForFilters(EventDispatchThread.java:203)
2025-11-06 16:46:49,452 [ERROR] LogOutputStream:75 - [STDERR_REDIRECT] 	at java.desktop/java.awt.EventDispatchThread.pumpEventsForFilter(EventDispatchThread.java:124)
2025-11-06 16:46:49,454 [ERROR] LogOutputStream:75 - [STDERR_REDIRECT] 	at java.desktop/java.awt.EventDispatchThread.pumpEventsForHierarchy(EventDispatchThread.java:113)
2025-11-06 16:46:49,456 [ERROR] LogOutputStream:75 - [STDERR_REDIRECT] 	at java.desktop/java.awt.EventDispatchThread.pumpEvents(EventDispatchThread.java:109)
2025-11-06 16:46:49,458 [ERROR] LogOutputStream:75 - [STDERR_REDIRECT] 	at java.desktop/java.awt.EventDispatchThread.pumpEvents(EventDispatchThread.java:101)
2025-11-06 16:46:49,459 [ERROR] LogOutputStream:75 - [STDERR_REDIRECT] 	at java.desktop/java.awt.EventDispatchThread.run(EventDispatchThread.java:90)
2025-11-06 16:46:51,552 [INFO] ApiDb:240 - Found 895 in-development CPN: [B-G473E-ZEST1S, B-WB1M-WPAN1, B-WBA5M-WPAN, B-WL5M-SUBG1, NUCLEO-C031C6, NUCLEO-C051C8, NUCLEO-C071RB, NUCLEO-C092RC, NUCLEO-H503RB, NUCLEO-H533RE, NUCLEO-H563ZI, NUCLEO-H7S3L8, NUCLEO-N657X0-Q, NUCLEO-U031R8, NUCLEO-U083RC, NUCLEO-U385RG-Q, NUCLEO-U545RE-Q, NUCLEO-U5A5ZJ-Q, NUCLEO-WB05KZ, NUCLEO-WB07CC, NUCLEO-WB09KE, NUCLEO-WBA52CG, NUCLEO-WBA55CG, NUCLEO-WBA65RI, NUCLEO-WL33CC1, NUCLEO-WL33CC2, STEVAL-PROTEUS1, STEVAL-SMARTAG2, STEVAL-STWINBX1, STM320518-EVAL, STM32C0116-DK, STM32C011D6Y3TR, STM32C011D6Y6TR, STM32C011F4P3, STM32C011F4P6, STM32C011F4U3, STM32C011F4U6TR, STM32C011F6P3, STM32C011F6P6, STM32C011F6U3, STM32C011F6U6TR, STM32C011J4M3, STM32C011J4M6, STM32C011J6M3, STM32C011J6M6, STM32C0316-DK, STM32C031C4T3, STM32C031C4T6, STM32C031C4U3, STM32C031C4U6, STM32C031C6T3, STM32C031C6T6, STM32C031C6U3, STM32C031C6U6, STM32C031F4P3, STM32C031F4P6, STM32C031F6P3, STM32C031F6P6, STM32C031G4U3, STM32C031G4U6, STM32C031G6U3, STM32C031G6U6, STM32C031K4T3, STM32C031K4T6, STM32C031K4U3, STM32C031K4U6, STM32C031K6T3, STM32C031K6T6, STM32C031K6U3, STM32C031K6U6, STM32C051C6T6, STM32C051C6U6, STM32C051C8T6, STM32C051C8U6, STM32C051D8Y6TR, STM32C051F6P6, STM32C051F8P6, STM32C051G6U6, STM32C051G8U6, STM32C051K6T6, STM32C051K6U6, STM32C051K8T6, STM32C071C8T6, STM32C071C8T6N, STM32C071C8U6, STM32C071C8U6N, STM32C071CBT6, STM32C071CBT6N, STM32C071CBU6, STM32C071CBU6N, STM32C071F8P6, STM32C071F8P6N, STM32C071FBP6, STM32C071FBP6N, STM32C071FBY6TR, STM32C071G8U6, STM32C071G8U6N, STM32C071GBU6, STM32C071GBU6N, STM32C071K8T6, STM32C071K8T6N, STM32C071K8U6, STM32C071K8U6N, STM32C071KBT6, STM32C071KBT6N, STM32C071KBU6, STM32C071KBU6N, STM32C071R8T6, STM32C071R8T6N, STM32C071RBI6N, STM32C071RBT6, STM32C071RBT6N, STM32C091CBT6, STM32C091CBU6, STM32C091CCT6, STM32C091CCU6, STM32C091ECY6TR, STM32C091FBP6, STM32C091FCP6, STM32C091GBU6, STM32C091GCU6, STM32C091KBT6, STM32C091KBU6, STM32C091KCT6, STM32C091KCU6, STM32C091RBT6, STM32C091RCI6, STM32C091RCT6, STM32C092CBT6, STM32C092CBU6, STM32C092CCT6, STM32C092CCU6, STM32C092ECY6TR, STM32C092FBP6, STM32C092FCP6, STM32C092GBU6, STM32C092GCU6, STM32C092KBT6, STM32C092KBU6, STM32C092KCT6, STM32C092KCU6, STM32C092RBT6, STM32C092RCI6, STM32C092RCT6, STM32G071K8TXN, STM32G071K8UXN, STM32G081GBU6N, STM32G081KBT6N, STM32G081KBUXN, STM32G0B1CCT6N, STM32G0B1KCT6, STM32G0B1NEY6TR, STM32G0B1RCT6N, STM32G0C1CCT6, STM32G0C1CCT6N, STM32G0C1CCU6N, STM32G0C1CET6N, STM32G0C1CEU6N, STM32G0C1KCT6, STM32G0C1NEY6TR, STM32G0C1RCI6N, STM32G0C1RCT6N, STM32G0C1REI6N, STM32G0C1RET6N, STM32G0C1VCI6, STM32G0C1VEI6, STM32G411C6T3, STM32G411C6T6, STM32G411C6U3, STM32G411C6U6, STM32G411C8T3, STM32G411C8T6, STM32G411C8U3, STM32G411C8U6, STM32G411CBT3, STM32G411CBT6, STM32G411CBU3, STM32G411CBU6, STM32G411CCT3, STM32G411CCT6, STM32G411CCU3, STM32G411CCU6, STM32G411K6T3, STM32G411K6T6, STM32G411K6U3, STM32G411K6U6, STM32G411K8T3, STM32G411K8T6, STM32G411K8U3, STM32G411K8U6, STM32G411KBT3, STM32G411KBT6, STM32G411KBU3, STM32G411KBU6, STM32G411M6T3, STM32G411M6T6, STM32G411M8T3, STM32G411M8T6, STM32G411MBT3, STM32G411MBT6, STM32G411MCT3, STM32G411MCT6, STM32G411R6T3, STM32G411R6T6, STM32G411R8T3, STM32G411R8T6, STM32G411RBT3, STM32G411RBT6, STM32G411RCT3, STM32G411RCT6, STM32G414CBT3, STM32G414CBT6, STM32G414CBU3, STM32G414CBU6, STM32G414CCT3, STM32G414CCT6, STM32G414CCU3, STM32G414CCU6, STM32G414MBT3, STM32G414MBT6, STM32G414MCT3, STM32G414MCT6, STM32G414RBT3, STM32G414RBT6, STM32G414RCT3, STM32G414RCT6, STM32G414VBT3, STM32G414VBT6, STM32G414VCT3, STM32G414VCT6, STM32G431CBT3Z, STM32G431RBT3Z, STM32G471CCT6, STM32G471CCU6, STM32G471CET3, STM32G471CET6, STM32G471CEU3, STM32G471CEU6, STM32G471MCT6, STM32G471MET3, STM32G471MET6, STM32G471MEY6TR, STM32G471QCT6, STM32G471QET3, STM32G471RCT6, STM32G471RET3, STM32G471RET6, STM32G471VCH6, STM32G471VCI6, STM32G471VCT6, STM32G471VEH3, STM32G471VEH6, STM32G471VEI3, STM32G471VEI6, STM32G471VET3, STM32G471VET6, STM32G473QET3Z, STM32G473RET3Z, STM32G474CCT6, STM32G491RET3Z, STM32H503CBT6, STM32H503CBU6, STM32H503EBY6TR, STM32H503KBU6, STM32H503RBT6, STM32H523CCT6, STM32H523CCU6, STM32H523CET6, STM32H523CEU6, STM32H523HEY6TR, STM32H523RCT6, STM32H523RET6, STM32H523VCI6, STM32H523VCT6, STM32H523VEI6, STM32H523VET6, STM32H523ZCJ6, STM32H523ZCT6, STM32H523ZEJ6, STM32H523ZET6, STM32H533CET6, STM32H533CEU6, STM32H533HEY6TR, STM32H533RET6, STM32H533VEI6, STM32H533VET6, STM32H533ZEJ6, STM32H533ZET6, STM32H562AGI6, STM32H562AII6, STM32H562IGK6, STM32H562IGT6, STM32H562IIK6, STM32H562IIT6, STM32H562RGT6, STM32H562RGV6, STM32H562RIT6, STM32H562RIV6, STM32H562VGT6, STM32H562VIT6, STM32H562ZGT6, STM32H562ZIT6, STM32H563AGI6, STM32H563AII3Q, STM32H563AII6, STM32H563IGK6, STM32H563IGT6, STM32H563IIK3Q, STM32H563IIK6, STM32H563IIT3Q, STM32H563IIT6, STM32H563MIY3QTR, STM32H563RGT6, STM32H563RGV6, STM32H563RIT6, STM32H563RIV6, STM32H563VGT6, STM32H563VIT3Q, STM32H563VIT6, STM32H563ZGT6, STM32H563ZIT3Q, STM32H563ZIT6, STM32H573AII3Q, STM32H573AII6, STM32H573I-DK, STM32H573IIK3Q, STM32H573IIK6, STM32H573IIT3Q, STM32H573IIT6, STM32H573MIY3QTR, STM32H573RIT6, STM32H573RIV6, STM32H573VIT3Q, STM32H573VIT6, STM32H573ZIT3Q, STM32H573ZIT6, STM32H7R3A8I6, STM32H7R3I8K6, STM32H7R3I8T6, STM32H7R3L8H6, STM32H7R3L8H6H, STM32H7R3R8V6, STM32H7R3V8H6, STM32H7R3V8T6, STM32H7R3V8Y6TR, STM32H7R3Z8J6, STM32H7R3Z8T6, STM32H7R7A8I6, STM32H7R7I8K6, STM32H7R7I8T6, STM32H7R7L8H6, STM32H7R7L8H6H, STM32H7R7Z8J6, STM32H7S3A8I6, STM32H7S3I8K6, STM32H7S3I8T6, STM32H7S3L8H6, STM32H7S3L8H6H, STM32H7S3R8V6, STM32H7S3V8H6, STM32H7S3V8T6, STM32H7S3V8Y6TR, STM32H7S3Z8J6, STM32H7S3Z8T6, STM32H7S78-DK, STM32H7S7A8I6, STM32H7S7I8K6, STM32H7S7I8T6, STM32H7S7L8H6, STM32H7S7L8H6H, STM32H7S7Z8J6, STM32L4R5QGI6STR, STM32MP131AAE3, STM32MP131AAF3, STM32MP131AAG3, STM32MP131CAE3, STM32MP131CAF3, STM32MP131CAG3, STM32MP131DAE7, STM32MP131DAF7, STM32MP131DAG7, STM32MP131FAE7, STM32MP131FAF7, STM32MP131FAG7, STM32MP133AAE3, STM32MP133AAF3, STM32MP133AAG3, STM32MP133CAE3, STM32MP133CAF3, STM32MP133CAG3, STM32MP133DAE7, STM32MP133DAF7, STM32MP133DAG7, STM32MP133FAE7, STM32MP133FAF7, STM32MP133FAG7, STM32MP135AAE3, STM32MP135AAF3, STM32MP135AAG3, STM32MP135CAE3, STM32MP135CAF3, STM32MP135CAG3, STM32MP135DAE7, STM32MP135DAF7, STM32MP135DAG7, STM32MP135F-DK, STM32MP135FAE7, STM32MP135FAF7, STM32MP135FAF7T, STM32MP135FAF7U, STM32MP135FAG7, STM32MP231AAJ3, STM32MP231AAK3, STM32MP231AAL3, STM32MP231CAJ3, STM32MP231CAK3, STM32MP231CAL3, STM32MP231DAJ3, STM32MP231DAK3, STM32MP231DAL3, STM32MP231FAJ3, STM32MP231FAK3, STM32MP231FAL3, STM32MP233AAJ3, STM32MP233AAK3, STM32MP233AAL3, STM32MP233CAJ3, STM32MP233CAK3, STM32MP233CAL3, STM32MP233DAJ3, STM32MP233DAK3, STM32MP233DAL3, STM32MP233FAJ3, STM32MP233FAK3, STM32MP233FAL3, STM32MP235AAJ3, STM32MP235AAK3, STM32MP235AAL3, STM32MP235CAJ3, STM32MP235CAK3, STM32MP235CAL3, STM32MP235DAJ3, STM32MP235DAK3, STM32MP235DAL3, STM32MP235FAJ3, STM32MP235FAK3, STM32MP235FAL3, STM32MP251AAI3, STM32MP251AAJ3, STM32MP251AAK3, STM32MP251AAL3, STM32MP251CAI3, STM32MP251CAJ3, STM32MP251CAK3, STM32MP251CAL3, STM32MP251DAI3, STM32MP251DAJ3, STM32MP251DAK3, STM32MP251DAL3, STM32MP251FAI3, STM32MP251FAJ3, STM32MP251FAK3, STM32MP251FAL3, STM32MP253AAI3, STM32MP253AAJ3, STM32MP253AAK3, STM32MP253AAL3, STM32MP253CAI3, STM32MP253CAJ3, STM32MP253CAK3, STM32MP253CAL3, STM32MP253DAI3, STM32MP253DAJ3, STM32MP253DAK3, STM32MP253DAL3, STM32MP253FAI3, STM32MP253FAJ3, STM32MP253FAK3, STM32MP253FAL3, STM32MP255AAI3, STM32MP255AAJ3, STM32MP255AAK3, STM32MP255AAL3, STM32MP255CAI3, STM32MP255CAJ3, STM32MP255CAK3, STM32MP255CAL3, STM32MP255DAI3, STM32MP255DAJ3, STM32MP255DAK3, STM32MP255DAL3, STM32MP255FAI3, STM32MP255FAJ3, STM32MP255FAK3, STM32MP255FAL3, STM32MP257AAI3, STM32MP257AAJ3, STM32MP257AAK3, STM32MP257AAL3, STM32MP257CAI3, STM32MP257CAJ3, STM32MP257CAK3, STM32MP257CAL3, STM32MP257DAI3, STM32MP257DAJ3, STM32MP257DAK3, STM32MP257DAL3, STM32MP257F-DK, STM32MP257F-EV1, STM32MP257FAI3, STM32MP257FAJ3, STM32MP257FAK3, STM32MP257FAL3, STM32N645A0H3Q, STM32N645B0H3Q, STM32N645I0H3Q, STM32N645L0H3Q, STM32N645X0H3Q, STM32N645Z0H3Q, STM32N647A0H3Q, STM32N647B0H3Q, STM32N647I0H3Q, STM32N647L0H3Q, STM32N647X0H3Q, STM32N647Z0H3Q, STM32N655A0H3Q, STM32N655B0H3Q, STM32N655I0H3Q, STM32N655L0H3Q, STM32N655X0H3Q, STM32N655Z0H3Q, STM32N6570-DK, STM32N657A0H3Q, STM32N657B0H3Q, STM32N657I0H3Q, STM32N657L0H3Q, STM32N657X0H3Q, STM32N657Z0H3Q, STM32U031C6T6, STM32U031C6U6, STM32U031C8T6, STM32U031C8U6, STM32U031F4P6, STM32U031F6P6, STM32U031F8P6, STM32U031G6Y6TR, STM32U031G8Y6TR, STM32U031K4U6, STM32U031K6U6, STM32U031K8U6, STM32U031R6I6, STM32U031R6T6, STM32U031R8I6, STM32U031R8T6, STM32U073C8T6, STM32U073C8U6, STM32U073CBT6, STM32U073CBU6, STM32U073CCT6, STM32U073CCU6, STM32U073H8Y6TR, STM32U073HBY6TR, STM32U073HCY6TR, STM32U073K8U6, STM32U073KBU6, STM32U073KCU6, STM32U073M8I6, STM32U073M8T6, STM32U073MBI6, STM32U073MBT6, STM32U073MCI6, STM32U073MCT6, STM32U073R8I6, STM32U073R8T6, STM32U073RBI6, STM32U073RBT6, STM32U073RCI6, STM32U073RCT6, STM32U083C-DK, STM32U083CCT6, STM32U083CCU6, STM32U083HCY6TR, STM32U083KCU6, STM32U083MCI6, STM32U083MCT6, STM32U083RCI6, STM32U083RCT6, STM32U375CET6, STM32U375CET6Q, STM32U375CEU6, STM32U375CEU6Q, STM32U375CEY6QTR, STM32U375CGT6, STM32U375CGT6Q, STM32U375CGU6, STM32U375CGU6Q, STM32U375CGY6QTR, STM32U375KEU6, STM32U375KGU6, STM32U375REI6, STM32U375REI6Q, STM32U375RET6, STM32U375RET6Q, STM32U375REY6GTR, STM32U375REY6QTR, STM32U375RGI6, STM32U375RGI6Q, STM32U375RGT6, STM32U375RGT6Q, STM32U375RGY6GTR, STM32U375RGY6QTR, STM32U375VEI6, STM32U375VEI6Q, STM32U375VET6, STM32U375VET6Q, STM32U375VGI6, STM32U375VGI6Q, STM32U375VGT6, STM32U375VGT6Q, STM32U385CGT6, STM32U385CGT6Q, STM32U385CGU6, STM32U385CGU6Q, STM32U385CGY6QTR, STM32U385KGU6, STM32U385RGI6, STM32U385RGI6Q, STM32U385RGT6, STM32U385RGT6Q, STM32U385RGY6GTR, STM32U385RGY6QTR, STM32U385VGI6, STM32U385VGI6Q, STM32U385VGT6, STM32U385VGT6Q, STM32U535CBT6, STM32U535CBT6Q, STM32U535CBU6, STM32U535CBU6Q, STM32U535CCT6, STM32U535CCT6Q, STM32U535CCU6, STM32U535CCU6Q, STM32U535CET6, STM32U535CET6Q, STM32U535CEU6, STM32U535CEU6Q, STM32U535JEY6QTR, STM32U535NCY6QTR, STM32U535NEY6QTR, STM32U535RBI6, STM32U535RBI6Q, STM32U535RBT6, STM32U535RBT6Q, STM32U535RCI6, STM32U535RCI6Q, STM32U535RCT6, STM32U535RCT6Q, STM32U535REI6, STM32U535REI6Q, STM32U535RET6, STM32U535RET6Q, STM32U535VCI6, STM32U535VCI6Q, STM32U535VCT6, STM32U535VCT6Q, STM32U535VEI6, STM32U535VEI6Q, STM32U535VET6, STM32U535VET6Q, STM32U545CET6, STM32U545CET6Q, STM32U545CEU6, STM32U545CEU6Q, STM32U545JEY6QTR, STM32U545NEY6QTR, STM32U545REI6, STM32U545REI6Q, STM32U545RET6, STM32U545RET6Q, STM32U545VEI6, STM32U545VEI6Q, STM32U545VET6, STM32U545VET6Q, STM32U595AIH6, STM32U595AIH6Q, STM32U595AJH6, STM32U595AJH6Q, STM32U595QII6, STM32U595QII6Q, STM32U595QJI6, STM32U595QJI6Q, STM32U595RIT6, STM32U595RIT6Q, STM32U595RJT6, STM32U595RJT6Q, STM32U595VIT6, STM32U595VIT6Q, STM32U595VJT6, STM32U595VJT6Q, STM32U595ZIT6, STM32U595ZIT6Q, STM32U595ZIY6QTR, STM32U595ZJT6, STM32U595ZJT6Q, STM32U595ZJY6QTR, STM32U599BJY6QTR, STM32U599NIH6Q, STM32U599NJH6Q, STM32U599VIT6Q, STM32U599VJT6, STM32U599VJT6Q, STM32U599ZIT6Q, STM32U599ZIY6QTR, STM32U599ZJT6Q, STM32U599ZJY6QTR, STM32U5A5AJH6, STM32U5A5AJH6Q, STM32U5A5QII3Q , STM32U5A5QJI6, STM32U5A5QJI6Q, STM32U5A5RJT6, STM32U5A5RJT6Q, STM32U5A5VJT6, STM32U5A5VJT6Q, STM32U5A5ZJT6, STM32U5A5ZJT6Q, STM32U5A5ZJY6QTR, STM32U5A9BJY6QTR, STM32U5A9J-DK, STM32U5A9NJH6Q, STM32U5A9VJT6Q, STM32U5A9ZJT6Q, STM32U5A9ZJY6QTR, STM32U5F7VIT6, STM32U5F7VIT6Q, STM32U5F7VJT6, STM32U5F7VJT6Q, STM32U5F9BJY6QTR, STM32U5F9NJH6Q, STM32U5F9VIT6Q, STM32U5F9VJT6Q, STM32U5F9ZIJ6QTR, STM32U5F9ZIT6Q, STM32U5F9ZJJ6QTR, STM32U5F9ZJT6Q, STM32U5G7VJT6, STM32U5G7VJT6Q, STM32U5G9BJY6QTR, STM32U5G9J-DK1, STM32U5G9J-DK2, STM32U5G9NJH6Q, STM32U5G9VJT6Q, STM32U5G9ZJJ6QTR, STM32U5G9ZJT6Q, STM32WB05KZV6TR, STM32WB05KZV7TR, STM32WB05TZF6TR, STM32WB05TZF7TR, STM32WB06CCF6TR, STM32WB06CCF7TR, STM32WB06CCV6TR, STM32WB06CCV7TR, STM32WB06KCV6TR, STM32WB06KCV7TR, STM32WB07CCF6TR, STM32WB07CCF7TR, STM32WB07CCV6TR, STM32WB07CCV7TR, STM32WB07KCV6TR, STM32WB07KCV7TR, STM32WB09KEV6TR, STM32WB09KEV7TR, STM32WB09TEF6TR, STM32WB09TEF7TR, STM32WB1MMCH6, STM32WBA50KGU6, STM32WBA50KGU6TR, STM32WBA52CEU6, STM32WBA52CEU6TR, STM32WBA52CEU7, STM32WBA52CEU7TR, STM32WBA52CGU6, STM32WBA52CGU6TR, STM32WBA52CGU6U, STM32WBA52CGU7, STM32WBA52CGU7TR, STM32WBA52KEU6, STM32WBA52KEU6TR, STM32WBA52KGU6, STM32WBA52KGU6TR, STM32WBA54CEU6, STM32WBA54CEU6TR, STM32WBA54CEU7, STM32WBA54CEU7TR, STM32WBA54CGU6, STM32WBA54CGU6TR, STM32WBA54CGU7, STM32WBA54CGU7TR, STM32WBA54KEU6, STM32WBA54KEU6TR, STM32WBA54KEU7, STM32WBA54KEU7TR, STM32WBA54KGU6, STM32WBA54KGU6TR, STM32WBA54KGU7, STM32WBA54KGU7TR, STM32WBA55CEU6, STM32WBA55CEU6TR, STM32WBA55CEU7, STM32WBA55CEU7TR, STM32WBA55CGU6, STM32WBA55CGU6TR, STM32WBA55CGU6U, STM32WBA55CGU7, STM32WBA55CGU7TR, STM32WBA55G-DK1, STM32WBA55HEF6, STM32WBA55HEF7, STM32WBA55HGF6, STM32WBA55HGF7, STM32WBA55UEI6, STM32WBA55UEI6TR, STM32WBA55UEI7, STM32WBA55UEI7TR, STM32WBA55UGI6, STM32WBA55UGI6TR, STM32WBA55UGI7, STM32WBA55UGI7TR, STM32WBA5MJGH6TR, STM32WBA62CGU6, STM32WBA62CIU6, STM32WBA62MGF6, STM32WBA62MIF6, STM32WBA62PGI6, STM32WBA62PII6, STM32WBA63CGU6, STM32WBA63CGU7, STM32WBA63CIU6, STM32WBA63CIU7, STM32WBA64CGU6, STM32WBA64CGU7, STM32WBA64CIU6, STM32WBA64CIU7, STM32WBA65CGU6, STM32WBA65CGU7, STM32WBA65CIU6, STM32WBA65CIU7, STM32WBA65I-DK1, STM32WBA65MGF6, STM32WBA65MGF7, STM32WBA65MIF6, STM32WBA65MIF7, STM32WBA65PGI6, STM32WBA65PGI7, STM32WBA65PII6, STM32WBA65PII7, STM32WBA65RGV6, STM32WBA65RGV7, STM32WBA65RIV6, STM32WBA65RIV7, STM32WL30K8V6, STM32WL30KBV6, STM32WL31C8V6, STM32WL31CBV6, STM32WL31K8V6, STM32WL31KBV6, STM32WL33C8V6, STM32WL33C8V6TR, STM32WL33C8V7, STM32WL33C8V7TR, STM32WL33CBV6, STM32WL33CBV6TR, STM32WL33CBV7, STM32WL33CBV7TR, STM32WL33CCV6, STM32WL33CCV6TR, STM32WL33CCV7, STM32WL33CCV7A, STM32WL33CCV7ATR, STM32WL33CCV7TR, STM32WL33K8V6, STM32WL33K8V6TR, STM32WL33K8V7, STM32WL33K8V7TR, STM32WL33KBV6, STM32WL33KBV6TR, STM32WL33KBV7, STM32WL33KBV7TR, STM32WL33KCV6, STM32WL33KCV6TR, STM32WL33KCV7, STM32WL33KCV7TR, STM32WL5MOCH6, STM32WL5MOCH6TR]
2025-11-06 16:46:51,558 [INFO] DbMcus:218 - Found 4747 MCUs, 4747 are supported
2025-11-06 16:46:51,559 [INFO] ApiDb:423 - Load user favorites file C:\Users\user/.stm32cubeide/favorites.mcus.txt: 0 item(s)
2025-11-06 16:46:51,559 [INFO] ApiDb:427 - User favorites MCUs=[]
2025-11-06 16:46:51,559 [INFO] DbMcus:224 - Set 0 / 0 favorites MCUs
2025-11-06 16:46:54,222 [INFO] BoardInfo:889 - No configuration file found for board P-NUCLEO-WB55
2025-11-06 16:46:54,226 [INFO] DbBoards:161 - Kit is not supported: P-NUCLEO-WB55
2025-11-06 16:46:54,239 [INFO] BoardInfo:889 - No configuration file found for board STEVAL-BFA001V1B
2025-11-06 16:46:54,241 [INFO] DbBoards:161 - Kit is not supported: STEVAL-BFA001V1B
2025-11-06 16:46:54,243 [INFO] BoardInfo:889 - No configuration file found for board STEVAL-BFA001V2B
2025-11-06 16:46:54,245 [INFO] DbBoards:161 - Kit is not supported: STEVAL-BFA001V2B
2025-11-06 16:46:54,789 [INFO] DbBoards:168 - Found 211 boards, 208 are supported
2025-11-06 16:46:54,789 [INFO] DbBoards:169 - Found 211 boards, 43 of them is supported for  Bsp
2025-11-06 16:46:54,793 [INFO] ApiDb:423 - Load user favorites file C:\Users\user/.stm32cubeide/favorites.boards.txt: 0 item(s)
2025-11-06 16:46:54,793 [INFO] ApiDb:427 - User favorites Boards=[]
2025-11-06 16:46:54,793 [INFO] DbBoards:198 - Set 0 / 0 favorites Boards
2025-11-06 16:46:54,859 [INFO] UtilMem:75 - End LoadConfig() Used Memory: 910166016 Bytes (1073741824)
2025-11-06 16:46:56,025 [WARN] ThirdParty:833 - waiting for thirdparty lock release [change project]
2025-11-06 16:46:56,025 [INFO] ThirdParty:835 - entering critical section [change project]
2025-11-06 16:46:56,025 [INFO] ThirdParty:1030 - CMSIS Pack Vendor :STMicroelectronics X-CUBE-PM33A1 1.0.0
2025-11-06 16:46:56,025 [INFO] ThirdParty:1030 - CMSIS Pack Vendor :STMicroelectronics USBPD 4.1
2025-11-06 16:46:56,026 [INFO] ThirdParty:1030 - CMSIS Pack Vendor :STMicroelectronics X-CUBE-NFC9 1.0.0
2025-11-06 16:46:56,026 [INFO] ThirdParty:1030 - CMSIS Pack Vendor :STMicroelectronics USB_HOST 2.0.0
2025-11-06 16:46:56,026 [INFO] ThirdParty:1030 - CMSIS Pack Vendor :STMicroelectronics FP-SNS-MOTENVWB1 1.4.0
2025-11-06 16:46:56,026 [INFO] ThirdParty:1030 - CMSIS Pack Vendor :STMicroelectronics X-CUBE-AZRTOS-F4 1.1.0
2025-11-06 16:46:56,026 [INFO] ThirdParty:1030 - CMSIS Pack Vendor :STMicroelectronics LIBJPEG 8.0.0
2025-11-06 16:46:56,026 [INFO] ThirdParty:1030 - CMSIS Pack Vendor :STMicroelectronics FP-ATR-ASTRA1 2.0.2
2025-11-06 16:46:56,026 [INFO] ThirdParty:1030 - CMSIS Pack Vendor :wolfSSL I-CUBE-wolfSSL 5.8.2
2025-11-06 16:46:56,026 [INFO] ThirdParty:1030 - CMSIS Pack Vendor :STMicroelectronics X-CUBE-BLE1 7.1.0
2025-11-06 16:46:56,026 [INFO] ThirdParty:1030 - CMSIS Pack Vendor :STMicroelectronics X-CUBE-SMBUS 2.1.0
2025-11-06 16:46:56,026 [INFO] ThirdParty:1030 - CMSIS Pack Vendor :wolfSSL I-CUBE-wolfMQTT 1.19.2
2025-11-06 16:46:56,026 [INFO] ThirdParty:1030 - CMSIS Pack Vendor :STMicroelectronics USB_DEVICE 3.0.0
2025-11-06 16:46:56,026 [INFO] ThirdParty:1030 - CMSIS Pack Vendor :STMicroelectronics X-CUBE-ISPU 2.1.0
2025-11-06 16:46:56,026 [INFO] ThirdParty:1030 - CMSIS Pack Vendor :STMicroelectronics X-CUBE-EEPRMA1 5.2.0
2025-11-06 16:46:56,026 [INFO] ThirdParty:1030 - CMSIS Pack Vendor :STMicroelectronics X-CUBE-BLEMGR 4.1.0
2025-11-06 16:46:56,026 [INFO] ThirdParty:1030 - CMSIS Pack Vendor :STMicroelectronics X-CUBE-AZRTOS-WB 2.0.0
2025-11-06 16:46:56,027 [INFO] ThirdParty:1030 - CMSIS Pack Vendor :STMicroelectronics X-CUBE-ST60 1.0.0
2025-11-06 16:46:56,027 [INFO] ThirdParty:1030 - CMSIS Pack Vendor :STMicroelectronics X-CUBE-GNSS1 7.0.1
2025-11-06 16:46:56,027 [INFO] ThirdParty:1030 - CMSIS Pack Vendor :STMicroelectronics X-CUBE-NFC12 1.0.0
2025-11-06 16:46:56,027 [INFO] ThirdParty:1030 - CMSIS Pack Vendor :STMicroelectronics X-CUBE-AZRTOS-F7 1.1.0
2025-11-06 16:46:56,027 [INFO] ThirdParty:1030 - CMSIS Pack Vendor :STMicroelectronics X-CUBE-AZRTOS-L5 2.0.0
2025-11-06 16:46:56,027 [INFO] ThirdParty:1030 - CMSIS Pack Vendor :STMicroelectronics X-CUBE-TOUCHGFX 4.25.0
2025-11-06 16:46:56,027 [INFO] ThirdParty:1030 - CMSIS Pack Vendor :STMicroelectronics USB_DEVICE 2.0.0
2025-11-06 16:46:56,027 [INFO] ThirdParty:1030 - CMSIS Pack Vendor :STMicroelectronics X-CUBE-NFC6 3.1.0
2025-11-06 16:46:56,027 [INFO] ThirdParty:1030 - CMSIS Pack Vendor :STMicroelectronics X-CUBE-AI 10.1.0
2025-11-06 16:46:56,027 [INFO] ThirdParty:1030 - CMSIS Pack Vendor :STMicroelectronics FP-SNS-STBOX1 2.0.0
2025-11-06 16:46:56,027 [INFO] ThirdParty:1030 - CMSIS Pack Vendor :quantropi X-CUBE-qispace-sdk-base 2.1.0
2025-11-06 16:46:56,027 [INFO] ThirdParty:1030 - CMSIS Pack Vendor :STMicroelectronics FreeRTOS 0.0.1
2025-11-06 16:46:56,028 [INFO] ThirdParty:1030 - CMSIS Pack Vendor :STMicroelectronics X-CUBE-AZRTOS-G0 1.1.0
2025-11-06 16:46:56,028 [INFO] ThirdParty:1030 - CMSIS Pack Vendor :STMicroelectronics X-CUBE-SAFEA1 1.2.2
2025-11-06 16:46:56,028 [INFO] ThirdParty:1030 - CMSIS Pack Vendor :STMicroelectronics X-CUBE-NFC4 3.0.0
2025-11-06 16:46:56,028 [INFO] ThirdParty:1030 - CMSIS Pack Vendor :STMicroelectronics X-CUBE-SUBG2 5.0.0
2025-11-06 16:46:56,028 [INFO] ThirdParty:1030 - CMSIS Pack Vendor :STMicroelectronics X-CUBE-AZRTOS-H7RS 1.1.0
2025-11-06 16:46:56,028 [INFO] ThirdParty:1030 - CMSIS Pack Vendor :STMicroelectronics STM32_WPAN 1.0.0
2025-11-06 16:46:56,028 [INFO] ThirdParty:1030 - CMSIS Pack Vendor :EmbeddedOffice I-CUBE-FS-RTOS 1.0.1
2025-11-06 16:46:56,028 [INFO] ThirdParty:1030 - CMSIS Pack Vendor :STMicroelectronics lwIP 2.0.3
2025-11-06 16:46:56,029 [INFO] ThirdParty:1030 - CMSIS Pack Vendor :Cesanta I-CUBE-Mongoose 7.13.0
2025-11-06 16:46:56,029 [INFO] ThirdParty:1030 - CMSIS Pack Vendor :STMicroelectronics USB_HOST 1.0.0
2025-11-06 16:46:56,029 [INFO] ThirdParty:1030 - CMSIS Pack Vendor :Infineon AIROC-Wi-Fi-Bluetooth-STM32 1.7.1
2025-11-06 16:46:56,029 [INFO] ThirdParty:1030 - CMSIS Pack Vendor :STMicroelectronics X-CUBE-AZRTOS-G4 2.0.0
2025-11-06 16:46:56,029 [INFO] ThirdParty:1030 - CMSIS Pack Vendor :STMicroelectronics X-CUBE-WB05N 2.0.0
2025-11-06 16:46:56,029 [INFO] ThirdParty:1030 - CMSIS Pack Vendor :STMicroelectronics PDM2PCM 3.1.0
2025-11-06 16:46:56,029 [INFO] ThirdParty:1030 - CMSIS Pack Vendor :STMicroelectronics PDM2PCM 3.3.0
2025-11-06 16:46:56,029 [INFO] ThirdParty:1030 - CMSIS Pack Vendor :wolfSSL I-CUBE-wolfTPM 3.8.0
2025-11-06 16:46:56,029 [INFO] ThirdParty:1030 - CMSIS Pack Vendor :STMicroelectronics X-CUBE-AZRTOS-H7 3.4.0
2025-11-06 16:46:56,029 [INFO] ThirdParty:1030 - CMSIS Pack Vendor :STMicroelectronics X-CUBE-DISPLAY 3.0.0
2025-11-06 16:46:56,029 [INFO] ThirdParty:1030 - CMSIS Pack Vendor :wolfSSL I-CUBE-wolfSSH 1.4.20
2025-11-06 16:46:56,029 [INFO] ThirdParty:1030 - CMSIS Pack Vendor :STMicroelectronics X-CUBE-NFC7 2.0.0
2025-11-06 16:46:56,029 [INFO] ThirdParty:1030 - CMSIS Pack Vendor :STMicroelectronics X-CUBE-TCPP 4.2.0
2025-11-06 16:46:56,030 [INFO] ThirdParty:1030 - CMSIS Pack Vendor :RealThread X-CUBE-RT-Thread_Nano 4.1.1
2025-11-06 16:46:56,030 [INFO] ThirdParty:1030 - CMSIS Pack Vendor :STMicroelectronics FP-ATR-SIGFOX1 3.2.0
2025-11-06 16:46:56,030 [INFO] ThirdParty:1030 - CMSIS Pack Vendor :STMicroelectronics X-CUBE-NFC10 1.0.0
2025-11-06 16:46:56,030 [INFO] ThirdParty:1030 - CMSIS Pack Vendor :STMicroelectronics X-CUBE-FREERTOS 1.3.1
2025-11-06 16:46:56,030 [INFO] ThirdParty:1030 - CMSIS Pack Vendor :STMicroelectronics HAL Drivers 0.0.0
2025-11-06 16:46:56,030 [INFO] ThirdParty:1030 - CMSIS Pack Vendor :STMicroelectronics MBEDTLS 2.16.2
2025-11-06 16:46:56,030 [INFO] ThirdParty:1030 - CMSIS Pack Vendor :STMicroelectronics X-CUBE-ST60 1.1.0
2025-11-06 16:46:56,030 [INFO] ThirdParty:1030 - CMSIS Pack Vendor :STMicroelectronics X-CUBE-IPS 3.1.0
2025-11-06 16:46:56,030 [INFO] ThirdParty:1030 - CMSIS Pack Vendor :STMicroelectronics X-CUBE-ALS 1.0.2
2025-11-06 16:46:56,030 [INFO] ThirdParty:1030 - CMSIS Pack Vendor :emotas I-CUBE-CANOPEN 1.3.0
2025-11-06 16:46:56,030 [INFO] ThirdParty:1030 - CMSIS Pack Vendor :STMicroelectronics MBEDTLS 2.14.1
2025-11-06 16:46:56,030 [INFO] ThirdParty:1030 - CMSIS Pack Vendor :STMicroelectronics X-CUBE-GNSS1 7.1.0
2025-11-06 16:46:56,030 [INFO] ThirdParty:1030 - CMSIS Pack Vendor :ITTIA_DB I-CUBE-ITTIADB 8.9.0
2025-11-06 16:46:56,030 [INFO] ThirdParty:1030 - CMSIS Pack Vendor :STMicroelectronics X-CUBE-TOUCHGFX 4.26.0
2025-11-06 16:46:56,030 [INFO] ThirdParty:1030 - CMSIS Pack Vendor :STMicroelectronics X-CUBE-STSE01 1.0.0
2025-11-06 16:46:56,031 [INFO] ThirdParty:1030 - CMSIS Pack Vendor :portGmbH I-Cube-SoM-uGOAL 1.1.0
2025-11-06 16:46:56,031 [INFO] ThirdParty:1030 - CMSIS Pack Vendor :STMicroelectronics X-CUBE-ST67W61 1.0.0
2025-11-06 16:46:56,031 [INFO] ThirdParty:1030 - CMSIS Pack Vendor :STMicroelectronics X-CUBE-AI 10.2.0
2025-11-06 16:46:56,031 [INFO] ThirdParty:1030 - CMSIS Pack Vendor :STMicroelectronics FP-SNS-STAIOTCFT 1.0.0
2025-11-06 16:46:56,031 [INFO] ThirdParty:1030 - CMSIS Pack Vendor :STMicroelectronics ThreadX 1.0.0
2025-11-06 16:46:56,031 [INFO] ThirdParty:1030 - CMSIS Pack Vendor :STMicroelectronics FP-SNS-SMARTAG2 1.2.0
2025-11-06 16:46:56,031 [INFO] ThirdParty:1030 - CMSIS Pack Vendor :STMicroelectronics FP-SNS-FLIGHT1 5.1.0
2025-11-06 16:46:56,031 [INFO] ThirdParty:1030 - CMSIS Pack Vendor :STMicroelectronics X-CUBE-AZRTOS-WL 2.0.0
2025-11-06 16:46:56,031 [INFO] ThirdParty:1030 - CMSIS Pack Vendor :SEGGER I-CUBE-embOS 1.3.1
2025-11-06 16:46:56,031 [INFO] ThirdParty:1030 - CMSIS Pack Vendor :STMicroelectronics X-CUBE-ALGOBUILD 1.4.0
2025-11-06 16:46:56,031 [INFO] ThirdParty:1030 - CMSIS Pack Vendor :STMicroelectronics X-CUBE-DPower 1.3.0
2025-11-06 16:46:56,031 [INFO] ThirdParty:1030 - CMSIS Pack Vendor :STMicroelectronics X-CUBE-MEMS1 11.3.0
2025-11-06 16:46:56,031 [INFO] ThirdParty:1030 - CMSIS Pack Vendor :STMicroelectronics FP-SNS-MOTENV1 5.0.0
2025-11-06 16:46:56,031 [INFO] ThirdParty:1030 - CMSIS Pack Vendor :STMicroelectronics USB_DEVICE 1.0.0
2025-11-06 16:46:56,032 [INFO] ThirdParty:1030 - CMSIS Pack Vendor :STMicroelectronics X-CUBE-AZRTOS-L4 2.0.0
2025-11-06 16:46:56,032 [INFO] ThirdParty:1030 - CMSIS Pack Vendor :STMicroelectronics ThreadX 0.0.2
2025-11-06 16:46:56,032 [INFO] ThirdParty:1030 - CMSIS Pack Vendor :WES I-CUBE-Cesium 1.3.0
2025-11-06 16:46:56,032 [INFO] ThirdParty:1030 - CMSIS Pack Vendor :STMicroelectronics lwIP 2.1.2
2025-11-06 16:46:56,032 [INFO] ThirdParty:1030 - CMSIS Pack Vendor :STMicroelectronics X-CUBE-SFXS2LP1 4.0.0
2025-11-06 16:46:56,032 [INFO] ThirdParty:1030 - CMSIS Pack Vendor :STMicroelectronics X-CUBE-BLE2 3.3.0
2025-11-06 16:46:56,032 [INFO] ThirdParty:1030 - CMSIS Pack Vendor :STMicroelectronics X-CUBE-TOF1 3.4.3
2025-11-06 16:46:56,032 [INFO] ThirdParty:1030 - CMSIS Pack Vendor :STMicroelectronics PDM2PCM 3.2.0
2025-11-06 16:46:56,032 [INFO] ThirdParty:841 - exiting critical section [change project]
2025-11-06 16:46:56,497 [INFO] PinOutPanel:1589 - setPackage(No Configuration,No Configuration)
2025-11-06 16:46:56,498 [INFO] PinOutPanel:1589 - setPackage(STM32F411CEUx,UFQFPN48)
2025-11-06 16:46:56,916 [INFO] UtilMem:75 - Before build in PCC Used Memory: 611802640 Bytes (1073741824)
2025-11-06 16:46:57,660 [INFO] UtilMem:75 - After build in PCC Used Memory: 665279832 Bytes (1073741824)
2025-11-06 16:46:58,478 [WARN] IpParametersView:155 - Warning: This peripheral hasn't parameters
2025-11-06 16:46:58,801 [WARN] MainPanel:289 - <html><b><center>Warning: This peripheral has no parameters to be configured<br></b></html>
2025-11-06 16:46:58,848 [INFO] IPUIPlugin:80 - create IPUIPlugin
2025-11-06 16:46:58,849 [INFO] IPUIPlugin:80 - create IPUIPlugin
2025-11-06 16:46:58,849 [INFO] IPUIPlugin:80 - create IPUIPlugin
2025-11-06 16:46:58,849 [INFO] IPUIPlugin:80 - create IPUIPlugin
2025-11-06 16:46:58,850 [INFO] IPUIPlugin:80 - create IPUIPlugin
2025-11-06 16:46:58,850 [INFO] IPUIPlugin:80 - create IPUIPlugin
2025-11-06 16:46:58,850 [INFO] IPUIPlugin:80 - create IPUIPlugin
2025-11-06 16:46:58,850 [INFO] IPUIPlugin:80 - create IPUIPlugin
2025-11-06 16:46:58,850 [INFO] IPUIPlugin:80 - create IPUIPlugin
2025-11-06 16:46:58,850 [INFO] IPUIPlugin:80 - create IPUIPlugin
2025-11-06 16:46:58,851 [INFO] IPUIPlugin:80 - create IPUIPlugin
2025-11-06 16:46:58,851 [INFO] IPUIPlugin:80 - create IPUIPlugin
2025-11-06 16:46:58,851 [INFO] IPUIPlugin:80 - create IPUIPlugin
2025-11-06 16:46:58,851 [INFO] IPUIPlugin:80 - create IPUIPlugin
2025-11-06 16:46:58,851 [INFO] IPUIPlugin:80 - create IPUIPlugin
2025-11-06 16:46:58,851 [INFO] IPUIPlugin:80 - create IPUIPlugin
2025-11-06 16:46:58,852 [INFO] IPUIPlugin:80 - create IPUIPlugin
2025-11-06 16:46:58,852 [INFO] IPUIPlugin:80 - create IPUIPlugin
2025-11-06 16:46:58,852 [INFO] IPUIPlugin:80 - create IPUIPlugin
2025-11-06 16:46:58,852 [INFO] IPUIPlugin:80 - create IPUIPlugin
2025-11-06 16:46:58,853 [INFO] IPUIPlugin:80 - create IPUIPlugin
2025-11-06 16:46:58,853 [INFO] IPUIPlugin:80 - create IPUIPlugin
2025-11-06 16:46:58,853 [INFO] IPUIPlugin:80 - create IPUIPlugin
2025-11-06 16:46:58,854 [INFO] IPUIPlugin:80 - create IPUIPlugin
2025-11-06 16:46:58,854 [INFO] IPUIPlugin:80 - create IPUIPlugin
2025-11-06 16:46:58,854 [INFO] IPUIPlugin:80 - create IPUIPlugin
2025-11-06 16:46:58,854 [INFO] IPUIPlugin:80 - create IPUIPlugin
2025-11-06 16:46:58,855 [INFO] IPUIPlugin:80 - create IPUIPlugin
2025-11-06 16:46:58,855 [INFO] IPUIPlugin:80 - create IPUIPlugin
2025-11-06 16:46:58,855 [INFO] IPUIPlugin:80 - create IPUIPlugin
2025-11-06 16:46:58,856 [INFO] IPUIPlugin:80 - create IPUIPlugin
2025-11-06 16:46:58,856 [INFO] IPUIPlugin:80 - create IPUIPlugin
2025-11-06 16:46:58,857 [INFO] IPUIPlugin:80 - create IPUIPlugin
2025-11-06 16:46:58,857 [INFO] IPUIPlugin:80 - create IPUIPlugin
2025-11-06 16:46:58,857 [INFO] IPUIPlugin:80 - create IPUIPlugin
2025-11-06 16:46:58,858 [INFO] IPUIPlugin:80 - create IPUIPlugin
2025-11-06 16:46:58,858 [INFO] IPUIPlugin:80 - create IPUIPlugin
2025-11-06 16:46:58,858 [INFO] IPUIPlugin:80 - create IPUIPlugin
2025-11-06 16:46:58,859 [INFO] IPUIPlugin:80 - create IPUIPlugin
2025-11-06 16:46:58,859 [INFO] IPUIPlugin:80 - create IPUIPlugin
2025-11-06 16:46:58,860 [INFO] IPUIPlugin:80 - create IPUIPlugin
2025-11-06 16:46:58,861 [INFO] IPUIPlugin:80 - create IPUIPlugin
2025-11-06 16:46:58,861 [INFO] IPUIPlugin:80 - create IPUIPlugin
2025-11-06 16:46:59,538 [INFO] CADModel:165 - CPN selected for project levelSTM32F411CEU6
2025-11-06 16:46:59,538 [INFO] CADModel:114 - Register for checkConnection events
2025-11-06 16:46:59,608 [INFO] OpenFileManager:385 - Restore cursor
2025-11-06 16:47:00,187 [ERROR] LogOutputStream:75 - [STDERR_REDIRECT] Exception in thread "AWT-EventQueue-0" java.lang.NullPointerException: Cannot invoke "com.st.stm32cube.common.mx.oss.core.awtswtbridge.EmbeddedSwingComposite$AwtContext.setContentPane(java.awt.Container)" because "this.awtContext" is null
2025-11-06 16:47:00,191 [ERROR] LogOutputStream:75 - [STDERR_REDIRECT] 	at com.st.stm32cube.common.mx.oss.core.awtswtbridge.EmbeddedSwingComposite.doComponentCreation(EmbeddedSwingComposite.java:494)
2025-11-06 16:47:00,198 [ERROR] LogOutputStream:75 - [STDERR_REDIRECT] 	at com.st.stm32cube.common.mx.oss.core.awtswtbridge.EmbeddedSwingComposite$4.run(EmbeddedSwingComposite.java:291)
2025-11-06 16:47:00,201 [ERROR] LogOutputStream:75 - [STDERR_REDIRECT] 	at com.st.stm32cube.common.mx.oss.core.awtswtbridge.AwtEnvironment$2.run(AwtEnvironment.java:166)
2025-11-06 16:47:00,203 [ERROR] LogOutputStream:75 - [STDERR_REDIRECT] 	at java.desktop/java.awt.event.InvocationEvent.dispatch(InvocationEvent.java:318)
2025-11-06 16:47:00,205 [ERROR] LogOutputStream:75 - [STDERR_REDIRECT] 	at java.desktop/java.awt.EventQueue.dispatchEventImpl(EventQueue.java:773)
2025-11-06 16:47:00,206 [ERROR] LogOutputStream:75 - [STDERR_REDIRECT] 	at java.desktop/java.awt.EventQueue$4.run(EventQueue.java:720)
2025-11-06 16:47:00,208 [ERROR] LogOutputStream:75 - [STDERR_REDIRECT] 	at java.desktop/java.awt.EventQueue$4.run(EventQueue.java:714)
2025-11-06 16:47:00,211 [ERROR] LogOutputStream:75 - [STDERR_REDIRECT] 	at java.base/java.security.AccessController.doPrivileged(AccessController.java:400)
2025-11-06 16:47:00,214 [ERROR] LogOutputStream:75 - [STDERR_REDIRECT] 	at java.base/java.security.ProtectionDomain$JavaSecurityAccessImpl.doIntersectionPrivilege(ProtectionDomain.java:87)
2025-11-06 16:47:00,217 [ERROR] LogOutputStream:75 - [STDERR_REDIRECT] 	at java.desktop/java.awt.EventQueue.dispatchEvent(EventQueue.java:742)
2025-11-06 16:47:00,220 [ERROR] LogOutputStream:75 - [STDERR_REDIRECT] 	at java.desktop/java.awt.EventDispatchThread.pumpOneEventForFilters(EventDispatchThread.java:203)
2025-11-06 16:47:00,222 [ERROR] LogOutputStream:75 - [STDERR_REDIRECT] 	at java.desktop/java.awt.EventDispatchThread.pumpEventsForFilter(EventDispatchThread.java:124)
2025-11-06 16:47:00,225 [ERROR] LogOutputStream:75 - [STDERR_REDIRECT] 	at java.desktop/java.awt.EventDispatchThread.pumpEventsForHierarchy(EventDispatchThread.java:113)
2025-11-06 16:47:00,229 [ERROR] LogOutputStream:75 - [STDERR_REDIRECT] 	at java.desktop/java.awt.EventDispatchThread.pumpEvents(EventDispatchThread.java:109)
2025-11-06 16:47:00,232 [ERROR] LogOutputStream:75 - [STDERR_REDIRECT] 	at java.desktop/java.awt.EventDispatchThread.pumpEvents(EventDispatchThread.java:101)
2025-11-06 16:47:00,235 [ERROR] LogOutputStream:75 - [STDERR_REDIRECT] 	at java.desktop/java.awt.EventDispatchThread.run(EventDispatchThread.java:90)
2025-11-06 16:48:32,821 [INFO] MainUpdater:2872 - connection check result : 10
2025-11-06 16:48:32,821 [INFO] MainUpdater:2872 - connection check result : 10
2025-11-06 16:48:33,441 [INFO] MicroXplorer:468 - Change Database Path : 
2025-11-06 16:48:33,442 [INFO] MicroXplorer:498 - Change Database Version : DB.6.0.140
2025-11-06 16:48:33,457 [ERROR] ProjectManagerView:394 - 
java.lang.NullPointerException: Cannot invoke "javax.swing.JTextField.getText()" because the return value of "java.util.List.get(int)" is null
	at com.st.microxplorer.plugins.projectmanager.gui.ProjectChoiceTab$9.caretUpdate(ProjectChoiceTab.java:2678) ~[filemanager.jar:?]
	at javax.swing.text.JTextComponent.fireCaretUpdate(JTextComponent.java:408) ~[?:?]
	at javax.swing.text.JTextComponent$MutableCaretEvent.fire(JTextComponent.java:4484) ~[?:?]
	at javax.swing.text.JTextComponent$MutableCaretEvent.stateChanged(JTextComponent.java:4506) ~[?:?]
	at javax.swing.text.DefaultCaret.fireStateChanged(DefaultCaret.java:857) ~[?:?]
	at javax.swing.text.DefaultCaret.changeCaretPosition(DefaultCaret.java:1343) ~[?:?]
	at javax.swing.text.DefaultCaret.handleSetDot(DefaultCaret.java:1242) ~[?:?]
	at javax.swing.text.DefaultCaret.setDot(DefaultCaret.java:1223) ~[?:?]
	at javax.swing.text.DefaultCaret$Handler.insertUpdate(DefaultCaret.java:1819) ~[?:?]
	at javax.swing.text.AbstractDocument.fireInsertUpdate(AbstractDocument.java:227) ~[?:?]
	at javax.swing.text.AbstractDocument.handleInsertString(AbstractDocument.java:781) ~[?:?]
	at javax.swing.text.AbstractDocument.insertString(AbstractDocument.java:740) ~[?:?]
	at javax.swing.text.PlainDocument.insertString(PlainDocument.java:131) ~[?:?]
	at javax.swing.text.AbstractDocument.replace(AbstractDocument.java:699) ~[?:?]
	at javax.swing.text.JTextComponent.setText(JTextComponent.java:1725) ~[?:?]
	at com.st.microxplorer.plugins.projectmanager.gui.ProjectChoiceTab.createHeapStackFields(ProjectChoiceTab.java:979) ~[filemanager.jar:?]
	at com.st.microxplorer.plugins.projectmanager.gui.ProjectChoiceTab.buildLinkSettingsPanel(ProjectChoiceTab.java:3766) ~[filemanager.jar:?]
	at com.st.microxplorer.plugins.projectmanager.gui.ProjectChoiceTab.defineWindowsFields(ProjectChoiceTab.java:1962) ~[filemanager.jar:?]
	at com.st.microxplorer.plugins.projectmanager.gui.ProjectChoiceTab.updateSettings(ProjectChoiceTab.java:555) ~[filemanager.jar:?]
	at com.st.microxplorer.plugins.projectmanager.gui.ProjectSettingsPanel.UpdateDialog(ProjectSettingsPanel.java:245) ~[filemanager.jar:?]
	at com.st.microxplorer.plugins.projectmanager.ProjectManagerView.propertyChange(ProjectManagerView.java:391) ~[filemanager.jar:?]
	at java.beans.PropertyChangeSupport.fire(PropertyChangeSupport.java:343) ~[?:?]
	at java.beans.PropertyChangeSupport.firePropertyChange(PropertyChangeSupport.java:335) ~[?:?]
	at java.beans.PropertyChangeSupport.firePropertyChange(PropertyChangeSupport.java:268) ~[?:?]
	at com.st.microxplorer.util.MXPropertyChangeSupport.firePropertyChange(MXPropertyChangeSupport.java:54) ~[STM32CubeMX.jar:?]
	at com.st.microxplorer.mxsystem.MxSystem.closeConfig(MxSystem.java:899) ~[STM32CubeMX.jar:?]
	at com.st.microxplorer.maingui.MainPanel.closeConfig(MainPanel.java:789) ~[STM32CubeMX.jar:?]
	at com.st.microxplorer.plugins.filemanager.engine.OpenFileManager.loadConfigurationFile(OpenFileManager.java:287) ~[filemanager.jar:?]
	at com.st.microxplorer.plugins.filemanager.engine.MainFileManager.userLoadConfig(MainFileManager.java:341) ~[filemanager.jar:?]
	at com.st.microxplorer.plugins.filemanager.engine.MainFileManager.userLoadConfig(MainFileManager.java:319) ~[filemanager.jar:?]
	at com.st.microxplorer.plugins.filemanager.FileManagerView.getSpecificTask(FileManagerView.java:246) ~[filemanager.jar:?]
	at com.st.stm32cube.common.mx.editor.CubeMxEditor.getMxTabbedPaneInstance(CubeMxEditor.java:1198) ~[com.st.stm32cube.common.mx_6.14.0.202502271554/:?]
	at com.st.stm32cube.common.mx.editor.CubeMxEditor$12$1.createSwingComponent(CubeMxEditor.java:1068) ~[com.st.stm32cube.common.mx_6.14.0.202502271554/:?]
	at com.st.stm32cube.common.mx.oss.core.awtswtbridge.EmbeddedSwingComposite.doComponentCreation(EmbeddedSwingComposite.java:492) ~[com.st.stm32cube.common.mx.oss_6.14.0.202502271554/:?]
	at com.st.stm32cube.common.mx.oss.core.awtswtbridge.EmbeddedSwingComposite$4.run(EmbeddedSwingComposite.java:291) ~[com.st.stm32cube.common.mx.oss_6.14.0.202502271554/:?]
	at com.st.stm32cube.common.mx.oss.core.awtswtbridge.AwtEnvironment$2.run(AwtEnvironment.java:166) ~[com.st.stm32cube.common.mx.oss_6.14.0.202502271554/:?]
	at java.awt.event.InvocationEvent.dispatch(InvocationEvent.java:318) ~[?:?]
	at java.awt.EventQueue.dispatchEventImpl(EventQueue.java:773) ~[?:?]
	at java.awt.EventQueue$4.run(EventQueue.java:720) ~[?:?]
	at java.awt.EventQueue$4.run(EventQueue.java:714) ~[?:?]
	at java.security.AccessController.doPrivileged(AccessController.java:400) ~[?:?]
	at java.security.ProtectionDomain$JavaSecurityAccessImpl.doIntersectionPrivilege(ProtectionDomain.java:87) ~[?:?]
	at java.awt.EventQueue.dispatchEvent(EventQueue.java:742) ~[?:?]
	at java.awt.EventDispatchThread.pumpOneEventForFilters(EventDispatchThread.java:203) ~[?:?]
	at java.awt.EventDispatchThread.pumpEventsForFilter(EventDispatchThread.java:124) ~[?:?]
	at java.awt.EventDispatchThread.pumpEventsForHierarchy(EventDispatchThread.java:113) ~[?:?]
	at java.awt.EventDispatchThread.pumpEvents(EventDispatchThread.java:109) ~[?:?]
	at java.awt.EventDispatchThread.pumpEvents(EventDispatchThread.java:101) ~[?:?]
	at java.awt.EventDispatchThread.run(EventDispatchThread.java:90) ~[?:?]
2025-11-06 16:48:33,459 [WARN] ThirdParty:871 - waiting for thirdparty lock release [close project]
2025-11-06 16:48:33,459 [INFO] ThirdParty:873 - entering critical section [close project]
2025-11-06 16:48:33,459 [INFO] ThirdParty:883 - exiting critical section [close project]
2025-11-06 16:48:33,461 [INFO] PinOutPanel:1589 - setPackage(No Configuration,No Configuration)
2025-11-06 16:48:33,470 [WARN] IpParametersView:155 - Warning: This peripheral hasn't parameters
2025-11-06 16:48:33,476 [WARN] MainPanel:289 - <html><b><center>Warning: This peripheral has no parameters to be configured<br></b></html>
2025-11-06 16:48:33,485 [INFO] UtilMem:75 - Begin LoadConfig() Used Memory: 889716736 Bytes (1073741824)
2025-11-06 16:48:33,486 [INFO] MicroXplorer:468 - Change Database Path : 
2025-11-06 16:48:33,486 [INFO] MicroXplorer:498 - Change Database Version : DB.6.0.140
2025-11-06 16:48:33,486 [INFO] OpenFileManager:354 - Change cursor
2025-11-06 16:48:33,501 [INFO] Mcu:2011 - Initializing MCU STM32F411C(C-E)Ux STM32F411CEUx STM32F411CEU6
2025-11-06 16:48:34,940 [INFO] Context:756 - Trying to add GPIOservice into a context  which must be forbidden
2025-11-06 16:48:35,503 [INFO] ImportTextPane:218 - (OptionalMessage_ERROR) Pin7 (VP_RIF_VS_RIF1) cannot be retrieved for this MCU
2025-11-06 16:48:35,567 [INFO] RtosManager:558 - Registered RTOS mode: class=CMSIS, group=RTOS, mode=CMSIS_V1, owner=FREERTOS
2025-11-06 16:48:35,568 [INFO] RtosManager:558 - Registered RTOS mode: class=CMSIS, group=RTOS2, mode=CMSIS_V2, owner=FREERTOS
2025-11-06 16:48:35,568 [INFO] RtosManager:558 - Registered RTOS mode: class=RTOS, group=Core, mode=CMSIS_V1, owner=FREERTOS
2025-11-06 16:48:35,568 [INFO] RtosManager:558 - Registered RTOS mode: class=RTOS, group=Core, mode=CMSIS_V2, owner=FREERTOS
2025-11-06 16:48:35,568 [WARN] ModelIntegratedComponent:184 - Missing modes for component STMicroelectronics:FreeRTOS:0.0.1:STMicroelectronics:RTOS:FreeRTOS:Core:::10.2.0:
2025-11-06 16:48:35,585 [WARN] ModelIntegratedComponent:182 - Modes not found for component STMicroelectronics:USB_HOST:1.0.0:STMicroelectronics:USB::USB Host:Audio HS::1.0:USB_HOST_1_0_RESTRICTED_HS
2025-11-06 16:48:35,586 [WARN] ModelIntegratedComponent:188 - Modes not found for component STMicroelectronics:USB_HOST:1.0.0:STMicroelectronics:USB::USB Host:Audio HS::1.0:USB_HOST_1_0_RESTRICTED_HS
2025-11-06 16:48:35,586 [WARN] ModelIntegratedComponent:182 - Modes not found for component STMicroelectronics:USB_HOST:1.0.0:STMicroelectronics:USB::USB Host:CDC HS::1.0:USB_HOST_1_0_RESTRICTED_HS
2025-11-06 16:48:35,586 [WARN] ModelIntegratedComponent:188 - Modes not found for component STMicroelectronics:USB_HOST:1.0.0:STMicroelectronics:USB::USB Host:CDC HS::1.0:USB_HOST_1_0_RESTRICTED_HS
2025-11-06 16:48:35,586 [WARN] ModelIntegratedComponent:182 - Modes not found for component STMicroelectronics:USB_HOST:1.0.0:STMicroelectronics:USB::USB Host:MSC HS::1.0:USB_HOST_1_0_RESTRICTED_HS
2025-11-06 16:48:35,586 [WARN] ModelIntegratedComponent:188 - Modes not found for component STMicroelectronics:USB_HOST:1.0.0:STMicroelectronics:USB::USB Host:MSC HS::1.0:USB_HOST_1_0_RESTRICTED_HS
2025-11-06 16:48:35,586 [WARN] ModelIntegratedComponent:182 - Modes not found for component STMicroelectronics:USB_HOST:1.0.0:STMicroelectronics:USB::USB Host:HID HS::1.0:USB_HOST_1_0_RESTRICTED_HS
2025-11-06 16:48:35,586 [WARN] ModelIntegratedComponent:188 - Modes not found for component STMicroelectronics:USB_HOST:1.0.0:STMicroelectronics:USB::USB Host:HID HS::1.0:USB_HOST_1_0_RESTRICTED_HS
2025-11-06 16:48:35,586 [WARN] ModelIntegratedComponent:182 - Modes not found for component STMicroelectronics:USB_HOST:1.0.0:STMicroelectronics:USB::USB Host:MTP HS::1.0:USB_HOST_1_0_RESTRICTED_HS
2025-11-06 16:48:35,586 [WARN] ModelIntegratedComponent:188 - Modes not found for component STMicroelectronics:USB_HOST:1.0.0:STMicroelectronics:USB::USB Host:MTP HS::1.0:USB_HOST_1_0_RESTRICTED_HS
2025-11-06 16:48:35,605 [WARN] ModelIntegratedComponent:63 - No mode defined for component null
2025-11-06 16:48:35,605 [WARN] ModelIntegratedComponent:63 - No mode defined for component null
2025-11-06 16:48:35,606 [WARN] ModelIntegratedComponent:63 - No mode defined for component null
2025-11-06 16:48:35,606 [WARN] ModelIntegratedComponent:63 - No mode defined for component null
2025-11-06 16:48:35,606 [WARN] ModelIntegratedComponent:63 - No mode defined for component null
2025-11-06 16:48:35,606 [WARN] ModelIntegratedComponent:63 - No mode defined for component null
2025-11-06 16:48:35,606 [WARN] ModelIntegratedComponent:63 - No mode defined for component null
2025-11-06 16:48:35,606 [WARN] ModelIntegratedComponent:63 - No mode defined for component null
2025-11-06 16:48:35,606 [WARN] ModelIntegratedComponent:63 - No mode defined for component null
2025-11-06 16:48:35,606 [WARN] ModelIntegratedComponent:63 - No mode defined for component null
2025-11-06 16:48:35,606 [WARN] ModelIntegratedComponent:63 - No mode defined for component null
2025-11-06 16:48:35,606 [WARN] ModelIntegratedComponent:63 - No mode defined for component null
2025-11-06 16:48:35,606 [WARN] ModelIntegratedComponent:63 - No mode defined for component null
2025-11-06 16:48:35,606 [WARN] ModelIntegratedComponent:63 - No mode defined for component null
2025-11-06 16:48:35,606 [WARN] ModelIntegratedComponent:63 - No mode defined for component null
2025-11-06 16:48:35,607 [WARN] ModelIntegratedComponent:63 - No mode defined for component null
2025-11-06 16:48:35,607 [WARN] ModelIntegratedComponent:63 - No mode defined for component null
2025-11-06 16:48:35,607 [WARN] ModelIntegratedComponent:63 - No mode defined for component null
2025-11-06 16:48:35,607 [WARN] ModelIntegratedComponent:63 - No mode defined for component null
2025-11-06 16:48:35,607 [WARN] ModelIntegratedComponent:63 - No mode defined for component null
2025-11-06 16:48:35,607 [WARN] ModelIntegratedComponent:63 - No mode defined for component null
2025-11-06 16:48:35,607 [WARN] ModelIntegratedComponent:63 - No mode defined for component null
2025-11-06 16:48:35,607 [WARN] ModelIntegratedComponent:63 - No mode defined for component null
2025-11-06 16:48:35,607 [WARN] ModelIntegratedComponent:63 - No mode defined for component null
2025-11-06 16:48:35,607 [WARN] ModelIntegratedComponent:63 - No mode defined for component null
2025-11-06 16:48:35,607 [WARN] ModelIntegratedComponent:63 - No mode defined for component null
2025-11-06 16:48:35,607 [WARN] ModelIntegratedComponent:63 - No mode defined for component null
2025-11-06 16:48:35,607 [WARN] ModelIntegratedComponent:63 - No mode defined for component null
2025-11-06 16:48:35,607 [WARN] ModelIntegratedComponent:63 - No mode defined for component null
2025-11-06 16:48:35,607 [WARN] ModelIntegratedComponent:63 - No mode defined for component null
2025-11-06 16:48:35,608 [WARN] ModelIntegratedComponent:63 - No mode defined for component null
2025-11-06 16:48:35,608 [WARN] ModelIntegratedComponent:63 - No mode defined for component null
2025-11-06 16:48:35,608 [WARN] ModelIntegratedComponent:63 - No mode defined for component null
2025-11-06 16:48:35,608 [WARN] ModelIntegratedComponent:63 - No mode defined for component null
2025-11-06 16:48:35,608 [WARN] ModelIntegratedComponent:63 - No mode defined for component null
2025-11-06 16:48:35,608 [WARN] ModelPack:524 - Component already loaded: STMicroelectronics:HAL Drivers:0.0.0:STMicroelectronics:Device:STMicro_Driver:XSPI:HAL::0.0.1:HAL_XSPI
2025-11-06 16:48:35,818 [WARN] ModelIntegratedComponent:182 - Modes not found for component STMicroelectronics:USB_DEVICE:1.0.0:STMicroelectronics:USB::USB Device:Audio HS::1.0:USB_DEVICE_1_0_RESTRICTED_HS
2025-11-06 16:48:35,818 [WARN] ModelIntegratedComponent:188 - Modes not found for component STMicroelectronics:USB_DEVICE:1.0.0:STMicroelectronics:USB::USB Device:Audio HS::1.0:USB_DEVICE_1_0_RESTRICTED_HS
2025-11-06 16:48:35,818 [WARN] ModelIntegratedComponent:182 - Modes not found for component STMicroelectronics:USB_DEVICE:1.0.0:STMicroelectronics:USB::USB Device:CDC HS::1.0:USB_DEVICE_1_0_RESTRICTED_HS
2025-11-06 16:48:35,818 [WARN] ModelIntegratedComponent:188 - Modes not found for component STMicroelectronics:USB_DEVICE:1.0.0:STMicroelectronics:USB::USB Device:CDC HS::1.0:USB_DEVICE_1_0_RESTRICTED_HS
2025-11-06 16:48:35,818 [WARN] ModelIntegratedComponent:182 - Modes not found for component STMicroelectronics:USB_DEVICE:1.0.0:STMicroelectronics:USB::USB Device:DFU HS::1.0:USB_DEVICE_1_0_RESTRICTED_HS
2025-11-06 16:48:35,818 [WARN] ModelIntegratedComponent:188 - Modes not found for component STMicroelectronics:USB_DEVICE:1.0.0:STMicroelectronics:USB::USB Device:DFU HS::1.0:USB_DEVICE_1_0_RESTRICTED_HS
2025-11-06 16:48:35,818 [WARN] ModelIntegratedComponent:182 - Modes not found for component STMicroelectronics:USB_DEVICE:1.0.0:STMicroelectronics:USB::USB Device:HID HS::1.0:USB_DEVICE_1_0_RESTRICTED_HS
2025-11-06 16:48:35,818 [WARN] ModelIntegratedComponent:188 - Modes not found for component STMicroelectronics:USB_DEVICE:1.0.0:STMicroelectronics:USB::USB Device:HID HS::1.0:USB_DEVICE_1_0_RESTRICTED_HS
2025-11-06 16:48:35,818 [WARN] ModelIntegratedComponent:182 - Modes not found for component STMicroelectronics:USB_DEVICE:1.0.0:STMicroelectronics:USB::USB Device:Custom HID HS::1.0:USB_DEVICE_1_0_RESTRICTED_HS
2025-11-06 16:48:35,818 [WARN] ModelIntegratedComponent:188 - Modes not found for component STMicroelectronics:USB_DEVICE:1.0.0:STMicroelectronics:USB::USB Device:Custom HID HS::1.0:USB_DEVICE_1_0_RESTRICTED_HS
2025-11-06 16:48:35,818 [WARN] ModelIntegratedComponent:182 - Modes not found for component STMicroelectronics:USB_DEVICE:1.0.0:STMicroelectronics:USB::USB Device:MSC HS::1.0:USB_DEVICE_1_0_RESTRICTED_HS
2025-11-06 16:48:35,818 [WARN] ModelIntegratedComponent:188 - Modes not found for component STMicroelectronics:USB_DEVICE:1.0.0:STMicroelectronics:USB::USB Device:MSC HS::1.0:USB_DEVICE_1_0_RESTRICTED_HS
2025-11-06 16:48:35,835 [INFO] ThirdPartyModel:298 - Start build external matchings
2025-11-06 16:48:36,448 [INFO] ThirdPartyModel:316 - End build external matchings
2025-11-06 16:48:36,785 [INFO] UtilMem:75 - End LoadConfig() Used Memory: 994653552 Bytes (1073741824)
2025-11-06 16:48:37,063 [WARN] ThirdParty:833 - waiting for thirdparty lock release [change project]
2025-11-06 16:48:37,063 [INFO] ThirdParty:835 - entering critical section [change project]
2025-11-06 16:48:37,063 [INFO] ThirdParty:1030 - CMSIS Pack Vendor :STMicroelectronics X-CUBE-PM33A1 1.0.0
2025-11-06 16:48:37,063 [INFO] ThirdParty:1030 - CMSIS Pack Vendor :STMicroelectronics USBPD 4.1
2025-11-06 16:48:37,063 [INFO] ThirdParty:1030 - CMSIS Pack Vendor :STMicroelectronics X-CUBE-NFC9 1.0.0
2025-11-06 16:48:37,063 [INFO] ThirdParty:1030 - CMSIS Pack Vendor :STMicroelectronics USB_HOST 2.0.0
2025-11-06 16:48:37,063 [INFO] ThirdParty:1030 - CMSIS Pack Vendor :STMicroelectronics FP-SNS-MOTENVWB1 1.4.0
2025-11-06 16:48:37,063 [INFO] ThirdParty:1030 - CMSIS Pack Vendor :STMicroelectronics X-CUBE-AZRTOS-F4 1.1.0
2025-11-06 16:48:37,063 [INFO] ThirdParty:1030 - CMSIS Pack Vendor :STMicroelectronics LIBJPEG 8.0.0
2025-11-06 16:48:37,063 [INFO] ThirdParty:1030 - CMSIS Pack Vendor :STMicroelectronics FP-ATR-ASTRA1 2.0.2
2025-11-06 16:48:37,063 [INFO] ThirdParty:1030 - CMSIS Pack Vendor :wolfSSL I-CUBE-wolfSSL 5.8.2
2025-11-06 16:48:37,063 [INFO] ThirdParty:1030 - CMSIS Pack Vendor :STMicroelectronics X-CUBE-BLE1 7.1.0
2025-11-06 16:48:37,063 [INFO] ThirdParty:1030 - CMSIS Pack Vendor :STMicroelectronics X-CUBE-SMBUS 2.1.0
2025-11-06 16:48:37,063 [INFO] ThirdParty:1030 - CMSIS Pack Vendor :wolfSSL I-CUBE-wolfMQTT 1.19.2
2025-11-06 16:48:37,063 [INFO] ThirdParty:1030 - CMSIS Pack Vendor :STMicroelectronics USB_DEVICE 3.0.0
2025-11-06 16:48:37,063 [INFO] ThirdParty:1030 - CMSIS Pack Vendor :STMicroelectronics X-CUBE-ISPU 2.1.0
2025-11-06 16:48:37,063 [INFO] ThirdParty:1030 - CMSIS Pack Vendor :STMicroelectronics X-CUBE-EEPRMA1 5.2.0
2025-11-06 16:48:37,063 [INFO] ThirdParty:1030 - CMSIS Pack Vendor :STMicroelectronics X-CUBE-BLEMGR 4.1.0
2025-11-06 16:48:37,063 [INFO] ThirdParty:1030 - CMSIS Pack Vendor :STMicroelectronics X-CUBE-AZRTOS-WB 2.0.0
2025-11-06 16:48:37,063 [INFO] ThirdParty:1030 - CMSIS Pack Vendor :STMicroelectronics X-CUBE-ST60 1.0.0
2025-11-06 16:48:37,063 [INFO] ThirdParty:1030 - CMSIS Pack Vendor :STMicroelectronics X-CUBE-GNSS1 7.0.1
2025-11-06 16:48:37,063 [INFO] ThirdParty:1030 - CMSIS Pack Vendor :STMicroelectronics X-CUBE-NFC12 1.0.0
2025-11-06 16:48:37,064 [INFO] ThirdParty:1030 - CMSIS Pack Vendor :STMicroelectronics X-CUBE-AZRTOS-F7 1.1.0
2025-11-06 16:48:37,064 [INFO] ThirdParty:1030 - CMSIS Pack Vendor :STMicroelectronics X-CUBE-AZRTOS-L5 2.0.0
2025-11-06 16:48:37,064 [INFO] ThirdParty:1030 - CMSIS Pack Vendor :STMicroelectronics X-CUBE-TOUCHGFX 4.25.0
2025-11-06 16:48:37,064 [INFO] ThirdParty:1030 - CMSIS Pack Vendor :STMicroelectronics USB_DEVICE 2.0.0
2025-11-06 16:48:37,064 [INFO] ThirdParty:1030 - CMSIS Pack Vendor :STMicroelectronics X-CUBE-NFC6 3.1.0
2025-11-06 16:48:37,064 [INFO] ThirdParty:1030 - CMSIS Pack Vendor :STMicroelectronics X-CUBE-AI 10.1.0
2025-11-06 16:48:37,064 [INFO] ThirdParty:1030 - CMSIS Pack Vendor :STMicroelectronics FP-SNS-STBOX1 2.0.0
2025-11-06 16:48:37,064 [INFO] ThirdParty:1030 - CMSIS Pack Vendor :quantropi X-CUBE-qispace-sdk-base 2.1.0
2025-11-06 16:48:37,064 [INFO] ThirdParty:1030 - CMSIS Pack Vendor :STMicroelectronics FreeRTOS 0.0.1
2025-11-06 16:48:37,064 [INFO] ThirdParty:1030 - CMSIS Pack Vendor :STMicroelectronics X-CUBE-AZRTOS-G0 1.1.0
2025-11-06 16:48:37,064 [INFO] ThirdParty:1030 - CMSIS Pack Vendor :STMicroelectronics X-CUBE-SAFEA1 1.2.2
2025-11-06 16:48:37,064 [INFO] ThirdParty:1030 - CMSIS Pack Vendor :STMicroelectronics X-CUBE-NFC4 3.0.0
2025-11-06 16:48:37,064 [INFO] ThirdParty:1030 - CMSIS Pack Vendor :STMicroelectronics X-CUBE-SUBG2 5.0.0
2025-11-06 16:48:37,064 [INFO] ThirdParty:1030 - CMSIS Pack Vendor :STMicroelectronics X-CUBE-AZRTOS-H7RS 1.1.0
2025-11-06 16:48:37,065 [INFO] ThirdParty:1030 - CMSIS Pack Vendor :STMicroelectronics STM32_WPAN 1.0.0
2025-11-06 16:48:37,065 [INFO] ThirdParty:1030 - CMSIS Pack Vendor :EmbeddedOffice I-CUBE-FS-RTOS 1.0.1
2025-11-06 16:48:37,065 [INFO] ThirdParty:1030 - CMSIS Pack Vendor :STMicroelectronics lwIP 2.0.3
2025-11-06 16:48:37,065 [INFO] ThirdParty:1030 - CMSIS Pack Vendor :Cesanta I-CUBE-Mongoose 7.13.0
2025-11-06 16:48:37,065 [INFO] ThirdParty:1030 - CMSIS Pack Vendor :STMicroelectronics USB_HOST 1.0.0
2025-11-06 16:48:37,065 [INFO] ThirdParty:1030 - CMSIS Pack Vendor :Infineon AIROC-Wi-Fi-Bluetooth-STM32 1.7.1
2025-11-06 16:48:37,065 [INFO] ThirdParty:1030 - CMSIS Pack Vendor :STMicroelectronics X-CUBE-AZRTOS-G4 2.0.0
2025-11-06 16:48:37,065 [INFO] ThirdParty:1030 - CMSIS Pack Vendor :STMicroelectronics X-CUBE-WB05N 2.0.0
2025-11-06 16:48:37,065 [INFO] ThirdParty:1030 - CMSIS Pack Vendor :STMicroelectronics PDM2PCM 3.1.0
2025-11-06 16:48:37,065 [INFO] ThirdParty:1030 - CMSIS Pack Vendor :STMicroelectronics PDM2PCM 3.3.0
2025-11-06 16:48:37,065 [INFO] ThirdParty:1030 - CMSIS Pack Vendor :wolfSSL I-CUBE-wolfTPM 3.8.0
2025-11-06 16:48:37,065 [INFO] ThirdParty:1030 - CMSIS Pack Vendor :STMicroelectronics X-CUBE-AZRTOS-H7 3.4.0
2025-11-06 16:48:37,065 [INFO] ThirdParty:1030 - CMSIS Pack Vendor :STMicroelectronics X-CUBE-DISPLAY 3.0.0
2025-11-06 16:48:37,065 [INFO] ThirdParty:1030 - CMSIS Pack Vendor :wolfSSL I-CUBE-wolfSSH 1.4.20
2025-11-06 16:48:37,065 [INFO] ThirdParty:1030 - CMSIS Pack Vendor :STMicroelectronics X-CUBE-NFC7 2.0.0
2025-11-06 16:48:37,065 [INFO] ThirdParty:1030 - CMSIS Pack Vendor :STMicroelectronics X-CUBE-TCPP 4.2.0
2025-11-06 16:48:37,065 [INFO] ThirdParty:1030 - CMSIS Pack Vendor :RealThread X-CUBE-RT-Thread_Nano 4.1.1
2025-11-06 16:48:37,065 [INFO] ThirdParty:1030 - CMSIS Pack Vendor :STMicroelectronics FP-ATR-SIGFOX1 3.2.0
2025-11-06 16:48:37,065 [INFO] ThirdParty:1030 - CMSIS Pack Vendor :STMicroelectronics X-CUBE-NFC10 1.0.0
2025-11-06 16:48:37,066 [INFO] ThirdParty:1030 - CMSIS Pack Vendor :STMicroelectronics X-CUBE-FREERTOS 1.3.1
2025-11-06 16:48:37,066 [INFO] ThirdParty:1030 - CMSIS Pack Vendor :STMicroelectronics HAL Drivers 0.0.0
2025-11-06 16:48:37,066 [INFO] ThirdParty:1030 - CMSIS Pack Vendor :STMicroelectronics MBEDTLS 2.16.2
2025-11-06 16:48:37,066 [INFO] ThirdParty:1030 - CMSIS Pack Vendor :STMicroelectronics X-CUBE-ST60 1.1.0
2025-11-06 16:48:37,066 [INFO] ThirdParty:1030 - CMSIS Pack Vendor :STMicroelectronics X-CUBE-IPS 3.1.0
2025-11-06 16:48:37,066 [INFO] ThirdParty:1030 - CMSIS Pack Vendor :STMicroelectronics X-CUBE-ALS 1.0.2
2025-11-06 16:48:37,066 [INFO] ThirdParty:1030 - CMSIS Pack Vendor :emotas I-CUBE-CANOPEN 1.3.0
2025-11-06 16:48:37,066 [INFO] ThirdParty:1030 - CMSIS Pack Vendor :STMicroelectronics MBEDTLS 2.14.1
2025-11-06 16:48:37,066 [INFO] ThirdParty:1030 - CMSIS Pack Vendor :STMicroelectronics X-CUBE-GNSS1 7.1.0
2025-11-06 16:48:37,066 [INFO] ThirdParty:1030 - CMSIS Pack Vendor :ITTIA_DB I-CUBE-ITTIADB 8.9.0
2025-11-06 16:48:37,066 [INFO] ThirdParty:1030 - CMSIS Pack Vendor :STMicroelectronics X-CUBE-TOUCHGFX 4.26.0
2025-11-06 16:48:37,066 [INFO] ThirdParty:1030 - CMSIS Pack Vendor :STMicroelectronics X-CUBE-STSE01 1.0.0
2025-11-06 16:48:37,066 [INFO] ThirdParty:1030 - CMSIS Pack Vendor :portGmbH I-Cube-SoM-uGOAL 1.1.0
2025-11-06 16:48:37,066 [INFO] ThirdParty:1030 - CMSIS Pack Vendor :STMicroelectronics X-CUBE-ST67W61 1.0.0
2025-11-06 16:48:37,066 [INFO] ThirdParty:1030 - CMSIS Pack Vendor :STMicroelectronics X-CUBE-AI 10.2.0
2025-11-06 16:48:37,066 [INFO] ThirdParty:1030 - CMSIS Pack Vendor :STMicroelectronics FP-SNS-STAIOTCFT 1.0.0
2025-11-06 16:48:37,066 [INFO] ThirdParty:1030 - CMSIS Pack Vendor :STMicroelectronics ThreadX 1.0.0
2025-11-06 16:48:37,066 [INFO] ThirdParty:1030 - CMSIS Pack Vendor :STMicroelectronics FP-SNS-SMARTAG2 1.2.0
2025-11-06 16:48:37,066 [INFO] ThirdParty:1030 - CMSIS Pack Vendor :STMicroelectronics FP-SNS-FLIGHT1 5.1.0
2025-11-06 16:48:37,066 [INFO] ThirdParty:1030 - CMSIS Pack Vendor :STMicroelectronics X-CUBE-AZRTOS-WL 2.0.0
2025-11-06 16:48:37,066 [INFO] ThirdParty:1030 - CMSIS Pack Vendor :SEGGER I-CUBE-embOS 1.3.1
2025-11-06 16:48:37,066 [INFO] ThirdParty:1030 - CMSIS Pack Vendor :STMicroelectronics X-CUBE-ALGOBUILD 1.4.0
2025-11-06 16:48:37,066 [INFO] ThirdParty:1030 - CMSIS Pack Vendor :STMicroelectronics X-CUBE-DPower 1.3.0
2025-11-06 16:48:37,066 [INFO] ThirdParty:1030 - CMSIS Pack Vendor :STMicroelectronics X-CUBE-MEMS1 11.3.0
2025-11-06 16:48:37,066 [INFO] ThirdParty:1030 - CMSIS Pack Vendor :STMicroelectronics FP-SNS-MOTENV1 5.0.0
2025-11-06 16:48:37,067 [INFO] ThirdParty:1030 - CMSIS Pack Vendor :STMicroelectronics USB_DEVICE 1.0.0
2025-11-06 16:48:37,067 [INFO] ThirdParty:1030 - CMSIS Pack Vendor :STMicroelectronics X-CUBE-AZRTOS-L4 2.0.0
2025-11-06 16:48:37,067 [INFO] ThirdParty:1030 - CMSIS Pack Vendor :STMicroelectronics ThreadX 0.0.2
2025-11-06 16:48:37,067 [INFO] ThirdParty:1030 - CMSIS Pack Vendor :WES I-CUBE-Cesium 1.3.0
2025-11-06 16:48:37,067 [INFO] ThirdParty:1030 - CMSIS Pack Vendor :STMicroelectronics lwIP 2.1.2
2025-11-06 16:48:37,067 [INFO] ThirdParty:1030 - CMSIS Pack Vendor :STMicroelectronics X-CUBE-SFXS2LP1 4.0.0
2025-11-06 16:48:37,067 [INFO] ThirdParty:1030 - CMSIS Pack Vendor :STMicroelectronics X-CUBE-BLE2 3.3.0
2025-11-06 16:48:37,067 [INFO] ThirdParty:1030 - CMSIS Pack Vendor :STMicroelectronics X-CUBE-TOF1 3.4.3
2025-11-06 16:48:37,067 [INFO] ThirdParty:1030 - CMSIS Pack Vendor :STMicroelectronics PDM2PCM 3.2.0
2025-11-06 16:48:37,067 [INFO] ThirdParty:841 - exiting critical section [change project]
2025-11-06 16:48:37,474 [INFO] PinOutPanel:1589 - setPackage(No Configuration,No Configuration)
2025-11-06 16:48:37,475 [INFO] PinOutPanel:1589 - setPackage(STM32F411CEUx,UFQFPN48)
2025-11-06 16:48:37,801 [INFO] UtilMem:75 - Before build in PCC Used Memory: 711292472 Bytes (1073741824)
2025-11-06 16:48:38,346 [INFO] UtilMem:75 - After build in PCC Used Memory: 765721264 Bytes (1073741824)
2025-11-06 16:48:38,476 [INFO] IPUIPlugin:80 - create IPUIPlugin
2025-11-06 16:48:38,477 [INFO] IPUIPlugin:80 - create IPUIPlugin
2025-11-06 16:48:38,477 [INFO] IPUIPlugin:80 - create IPUIPlugin
2025-11-06 16:48:38,477 [INFO] IPUIPlugin:80 - create IPUIPlugin
2025-11-06 16:48:38,478 [INFO] IPUIPlugin:80 - create IPUIPlugin
2025-11-06 16:48:38,478 [INFO] IPUIPlugin:80 - create IPUIPlugin
2025-11-06 16:48:38,478 [INFO] IPUIPlugin:80 - create IPUIPlugin
2025-11-06 16:48:38,478 [INFO] IPUIPlugin:80 - create IPUIPlugin
2025-11-06 16:48:38,479 [INFO] IPUIPlugin:80 - create IPUIPlugin
2025-11-06 16:48:38,479 [INFO] IPUIPlugin:80 - create IPUIPlugin
2025-11-06 16:48:38,479 [INFO] IPUIPlugin:80 - create IPUIPlugin
2025-11-06 16:48:38,479 [INFO] IPUIPlugin:80 - create IPUIPlugin
2025-11-06 16:48:38,479 [INFO] IPUIPlugin:80 - create IPUIPlugin
2025-11-06 16:48:38,479 [INFO] IPUIPlugin:80 - create IPUIPlugin
2025-11-06 16:48:38,480 [INFO] IPUIPlugin:80 - create IPUIPlugin
2025-11-06 16:48:38,480 [INFO] IPUIPlugin:80 - create IPUIPlugin
2025-11-06 16:48:38,480 [INFO] IPUIPlugin:80 - create IPUIPlugin
2025-11-06 16:48:38,481 [INFO] IPUIPlugin:80 - create IPUIPlugin
2025-11-06 16:48:38,481 [INFO] IPUIPlugin:80 - create IPUIPlugin
2025-11-06 16:48:38,481 [INFO] IPUIPlugin:80 - create IPUIPlugin
2025-11-06 16:48:38,481 [INFO] IPUIPlugin:80 - create IPUIPlugin
2025-11-06 16:48:38,482 [INFO] IPUIPlugin:80 - create IPUIPlugin
2025-11-06 16:48:38,482 [INFO] IPUIPlugin:80 - create IPUIPlugin
2025-11-06 16:48:38,482 [INFO] IPUIPlugin:80 - create IPUIPlugin
2025-11-06 16:48:38,483 [INFO] IPUIPlugin:80 - create IPUIPlugin
2025-11-06 16:48:38,483 [INFO] IPUIPlugin:80 - create IPUIPlugin
2025-11-06 16:48:38,483 [INFO] IPUIPlugin:80 - create IPUIPlugin
2025-11-06 16:48:38,483 [INFO] IPUIPlugin:80 - create IPUIPlugin
2025-11-06 16:48:38,484 [INFO] IPUIPlugin:80 - create IPUIPlugin
2025-11-06 16:48:38,484 [INFO] IPUIPlugin:80 - create IPUIPlugin
2025-11-06 16:48:38,484 [INFO] IPUIPlugin:80 - create IPUIPlugin
2025-11-06 16:48:38,485 [INFO] IPUIPlugin:80 - create IPUIPlugin
2025-11-06 16:48:38,485 [INFO] IPUIPlugin:80 - create IPUIPlugin
2025-11-06 16:48:38,485 [INFO] IPUIPlugin:80 - create IPUIPlugin
2025-11-06 16:48:38,485 [INFO] IPUIPlugin:80 - create IPUIPlugin
2025-11-06 16:48:38,486 [INFO] IPUIPlugin:80 - create IPUIPlugin
2025-11-06 16:48:38,486 [INFO] IPUIPlugin:80 - create IPUIPlugin
2025-11-06 16:48:38,487 [INFO] IPUIPlugin:80 - create IPUIPlugin
2025-11-06 16:48:38,487 [INFO] IPUIPlugin:80 - create IPUIPlugin
2025-11-06 16:48:38,487 [INFO] IPUIPlugin:80 - create IPUIPlugin
2025-11-06 16:48:38,488 [INFO] IPUIPlugin:80 - create IPUIPlugin
2025-11-06 16:48:38,488 [INFO] IPUIPlugin:80 - create IPUIPlugin
2025-11-06 16:48:38,489 [INFO] IPUIPlugin:80 - create IPUIPlugin
2025-11-06 16:48:38,493 [INFO] ApiDbMcu:508 - Load IP Config File for PDM2PCM
2025-11-06 16:48:38,582 [INFO] CADModel:165 - CPN selected for project levelSTM32F411CEU6
2025-11-06 16:48:38,582 [INFO] CADModel:114 - Register for checkConnection events
2025-11-06 16:48:38,649 [INFO] OpenFileManager:385 - Restore cursor
2025-11-06 16:49:21,357 [INFO] MainUpdater:2872 - connection check result : 10
2025-11-06 16:49:21,358 [INFO] MainUpdater:2872 - connection check result : 10
2025-11-06 16:49:21,509 [INFO] MicroXplorer:468 - Change Database Path : 
2025-11-06 16:49:21,509 [INFO] MicroXplorer:498 - Change Database Version : DB.6.0.140
2025-11-06 16:49:21,531 [ERROR] ProjectManagerView:394 - 
java.lang.NullPointerException: Cannot invoke "javax.swing.JTextField.getText()" because the return value of "java.util.List.get(int)" is null
	at com.st.microxplorer.plugins.projectmanager.gui.ProjectChoiceTab$9.caretUpdate(ProjectChoiceTab.java:2678) ~[filemanager.jar:?]
	at javax.swing.text.JTextComponent.fireCaretUpdate(JTextComponent.java:408) ~[?:?]
	at javax.swing.text.JTextComponent$MutableCaretEvent.fire(JTextComponent.java:4484) ~[?:?]
	at javax.swing.text.JTextComponent$MutableCaretEvent.stateChanged(JTextComponent.java:4506) ~[?:?]
	at javax.swing.text.DefaultCaret.fireStateChanged(DefaultCaret.java:857) ~[?:?]
	at javax.swing.text.DefaultCaret.changeCaretPosition(DefaultCaret.java:1343) ~[?:?]
	at javax.swing.text.DefaultCaret.handleSetDot(DefaultCaret.java:1242) ~[?:?]
	at javax.swing.text.DefaultCaret.setDot(DefaultCaret.java:1223) ~[?:?]
	at javax.swing.text.DefaultCaret$Handler.insertUpdate(DefaultCaret.java:1819) ~[?:?]
	at javax.swing.text.AbstractDocument.fireInsertUpdate(AbstractDocument.java:227) ~[?:?]
	at javax.swing.text.AbstractDocument.handleInsertString(AbstractDocument.java:781) ~[?:?]
	at javax.swing.text.AbstractDocument.insertString(AbstractDocument.java:740) ~[?:?]
	at javax.swing.text.PlainDocument.insertString(PlainDocument.java:131) ~[?:?]
	at javax.swing.text.AbstractDocument.replace(AbstractDocument.java:699) ~[?:?]
	at javax.swing.text.JTextComponent.setText(JTextComponent.java:1725) ~[?:?]
	at com.st.microxplorer.plugins.projectmanager.gui.ProjectChoiceTab.createHeapStackFields(ProjectChoiceTab.java:979) ~[filemanager.jar:?]
	at com.st.microxplorer.plugins.projectmanager.gui.ProjectChoiceTab.buildLinkSettingsPanel(ProjectChoiceTab.java:3766) ~[filemanager.jar:?]
	at com.st.microxplorer.plugins.projectmanager.gui.ProjectChoiceTab.defineWindowsFields(ProjectChoiceTab.java:1962) ~[filemanager.jar:?]
	at com.st.microxplorer.plugins.projectmanager.gui.ProjectChoiceTab.updateSettings(ProjectChoiceTab.java:555) ~[filemanager.jar:?]
	at com.st.microxplorer.plugins.projectmanager.gui.ProjectSettingsPanel.UpdateDialog(ProjectSettingsPanel.java:245) ~[filemanager.jar:?]
	at com.st.microxplorer.plugins.projectmanager.ProjectManagerView.propertyChange(ProjectManagerView.java:391) ~[filemanager.jar:?]
	at java.beans.PropertyChangeSupport.fire(PropertyChangeSupport.java:343) ~[?:?]
	at java.beans.PropertyChangeSupport.firePropertyChange(PropertyChangeSupport.java:335) ~[?:?]
	at java.beans.PropertyChangeSupport.firePropertyChange(PropertyChangeSupport.java:268) ~[?:?]
	at com.st.microxplorer.util.MXPropertyChangeSupport.firePropertyChange(MXPropertyChangeSupport.java:54) ~[STM32CubeMX.jar:?]
	at com.st.microxplorer.mxsystem.MxSystem.closeConfig(MxSystem.java:899) ~[STM32CubeMX.jar:?]
	at com.st.microxplorer.maingui.MainPanel.closeConfig(MainPanel.java:789) ~[STM32CubeMX.jar:?]
	at com.st.microxplorer.plugins.filemanager.engine.OpenFileManager.loadConfigurationFile(OpenFileManager.java:287) ~[filemanager.jar:?]
	at com.st.microxplorer.plugins.filemanager.engine.MainFileManager.userLoadConfig(MainFileManager.java:341) ~[filemanager.jar:?]
	at com.st.microxplorer.plugins.filemanager.engine.MainFileManager.userLoadConfig(MainFileManager.java:319) ~[filemanager.jar:?]
	at com.st.microxplorer.plugins.filemanager.FileManagerView.getSpecificTask(FileManagerView.java:246) ~[filemanager.jar:?]
	at com.st.stm32cube.common.mx.editor.CubeMxEditor.getMxTabbedPaneInstance(CubeMxEditor.java:1198) ~[com.st.stm32cube.common.mx_6.14.0.202502271554/:?]
	at com.st.stm32cube.common.mx.editor.CubeMxEditor$12$1.createSwingComponent(CubeMxEditor.java:1068) ~[com.st.stm32cube.common.mx_6.14.0.202502271554/:?]
	at com.st.stm32cube.common.mx.oss.core.awtswtbridge.EmbeddedSwingComposite.doComponentCreation(EmbeddedSwingComposite.java:492) ~[com.st.stm32cube.common.mx.oss_6.14.0.202502271554/:?]
	at com.st.stm32cube.common.mx.oss.core.awtswtbridge.EmbeddedSwingComposite$4.run(EmbeddedSwingComposite.java:291) ~[com.st.stm32cube.common.mx.oss_6.14.0.202502271554/:?]
	at com.st.stm32cube.common.mx.oss.core.awtswtbridge.AwtEnvironment$2.run(AwtEnvironment.java:166) ~[com.st.stm32cube.common.mx.oss_6.14.0.202502271554/:?]
	at java.awt.event.InvocationEvent.dispatch(InvocationEvent.java:318) ~[?:?]
	at java.awt.EventQueue.dispatchEventImpl(EventQueue.java:773) ~[?:?]
	at java.awt.EventQueue$4.run(EventQueue.java:720) ~[?:?]
	at java.awt.EventQueue$4.run(EventQueue.java:714) ~[?:?]
	at java.security.AccessController.doPrivileged(AccessController.java:400) ~[?:?]
	at java.security.ProtectionDomain$JavaSecurityAccessImpl.doIntersectionPrivilege(ProtectionDomain.java:87) ~[?:?]
	at java.awt.EventQueue.dispatchEvent(EventQueue.java:742) ~[?:?]
	at java.awt.EventDispatchThread.pumpOneEventForFilters(EventDispatchThread.java:203) ~[?:?]
	at java.awt.EventDispatchThread.pumpEventsForFilter(EventDispatchThread.java:124) ~[?:?]
	at java.awt.EventDispatchThread.pumpEventsForHierarchy(EventDispatchThread.java:113) ~[?:?]
	at java.awt.EventDispatchThread.pumpEvents(EventDispatchThread.java:109) ~[?:?]
	at java.awt.EventDispatchThread.pumpEvents(EventDispatchThread.java:101) ~[?:?]
	at java.awt.EventDispatchThread.run(EventDispatchThread.java:90) ~[?:?]
2025-11-06 16:49:21,532 [WARN] ThirdParty:871 - waiting for thirdparty lock release [close project]
2025-11-06 16:49:21,532 [INFO] ThirdParty:873 - entering critical section [close project]
2025-11-06 16:49:21,532 [INFO] ThirdParty:883 - exiting critical section [close project]
2025-11-06 16:49:21,534 [INFO] PinOutPanel:1589 - setPackage(No Configuration,No Configuration)
2025-11-06 16:49:21,545 [WARN] IpParametersView:155 - Warning: This peripheral hasn't parameters
2025-11-06 16:49:21,555 [WARN] MainPanel:289 - <html><b><center>Warning: This peripheral has no parameters to be configured<br></b></html>
2025-11-06 16:49:21,561 [INFO] UtilMem:75 - Begin LoadConfig() Used Memory: 750923336 Bytes (1073741824)
2025-11-06 16:49:21,563 [INFO] MicroXplorer:468 - Change Database Path : 
2025-11-06 16:49:21,564 [INFO] MicroXplorer:498 - Change Database Version : DB.6.0.140
2025-11-06 16:49:21,565 [INFO] OpenFileManager:354 - Change cursor
2025-11-06 16:49:21,592 [INFO] Mcu:2011 - Initializing MCU STM32F411C(C-E)Ux STM32F411CEUx STM32F411CEU6
2025-11-06 16:49:22,717 [INFO] Context:756 - Trying to add GPIOservice into a context  which must be forbidden
2025-11-06 16:49:23,107 [INFO] ImportTextPane:218 - (OptionalMessage_ERROR) Pin5 (VP_RIF_VS_RIF1) cannot be retrieved for this MCU
2025-11-06 16:49:23,146 [INFO] RtosManager:558 - Registered RTOS mode: class=CMSIS, group=RTOS, mode=CMSIS_V1, owner=FREERTOS
2025-11-06 16:49:23,146 [INFO] RtosManager:558 - Registered RTOS mode: class=CMSIS, group=RTOS2, mode=CMSIS_V2, owner=FREERTOS
2025-11-06 16:49:23,146 [INFO] RtosManager:558 - Registered RTOS mode: class=RTOS, group=Core, mode=CMSIS_V1, owner=FREERTOS
2025-11-06 16:49:23,146 [INFO] RtosManager:558 - Registered RTOS mode: class=RTOS, group=Core, mode=CMSIS_V2, owner=FREERTOS
2025-11-06 16:49:23,146 [WARN] ModelIntegratedComponent:184 - Missing modes for component STMicroelectronics:FreeRTOS:0.0.1:STMicroelectronics:RTOS:FreeRTOS:Core:::10.2.0:
2025-11-06 16:49:23,153 [WARN] ModelIntegratedComponent:182 - Modes not found for component STMicroelectronics:USB_HOST:1.0.0:STMicroelectronics:USB::USB Host:Audio HS::1.0:USB_HOST_1_0_RESTRICTED_HS
2025-11-06 16:49:23,153 [WARN] ModelIntegratedComponent:188 - Modes not found for component STMicroelectronics:USB_HOST:1.0.0:STMicroelectronics:USB::USB Host:Audio HS::1.0:USB_HOST_1_0_RESTRICTED_HS
2025-11-06 16:49:23,153 [WARN] ModelIntegratedComponent:182 - Modes not found for component STMicroelectronics:USB_HOST:1.0.0:STMicroelectronics:USB::USB Host:CDC HS::1.0:USB_HOST_1_0_RESTRICTED_HS
2025-11-06 16:49:23,153 [WARN] ModelIntegratedComponent:188 - Modes not found for component STMicroelectronics:USB_HOST:1.0.0:STMicroelectronics:USB::USB Host:CDC HS::1.0:USB_HOST_1_0_RESTRICTED_HS
2025-11-06 16:49:23,153 [WARN] ModelIntegratedComponent:182 - Modes not found for component STMicroelectronics:USB_HOST:1.0.0:STMicroelectronics:USB::USB Host:MSC HS::1.0:USB_HOST_1_0_RESTRICTED_HS
2025-11-06 16:49:23,153 [WARN] ModelIntegratedComponent:188 - Modes not found for component STMicroelectronics:USB_HOST:1.0.0:STMicroelectronics:USB::USB Host:MSC HS::1.0:USB_HOST_1_0_RESTRICTED_HS
2025-11-06 16:49:23,153 [WARN] ModelIntegratedComponent:182 - Modes not found for component STMicroelectronics:USB_HOST:1.0.0:STMicroelectronics:USB::USB Host:HID HS::1.0:USB_HOST_1_0_RESTRICTED_HS
2025-11-06 16:49:23,153 [WARN] ModelIntegratedComponent:188 - Modes not found for component STMicroelectronics:USB_HOST:1.0.0:STMicroelectronics:USB::USB Host:HID HS::1.0:USB_HOST_1_0_RESTRICTED_HS
2025-11-06 16:49:23,153 [WARN] ModelIntegratedComponent:182 - Modes not found for component STMicroelectronics:USB_HOST:1.0.0:STMicroelectronics:USB::USB Host:MTP HS::1.0:USB_HOST_1_0_RESTRICTED_HS
2025-11-06 16:49:23,153 [WARN] ModelIntegratedComponent:188 - Modes not found for component STMicroelectronics:USB_HOST:1.0.0:STMicroelectronics:USB::USB Host:MTP HS::1.0:USB_HOST_1_0_RESTRICTED_HS
2025-11-06 16:49:23,170 [WARN] ModelIntegratedComponent:63 - No mode defined for component null
2025-11-06 16:49:23,170 [WARN] ModelIntegratedComponent:63 - No mode defined for component null
2025-11-06 16:49:23,170 [WARN] ModelIntegratedComponent:63 - No mode defined for component null
2025-11-06 16:49:23,170 [WARN] ModelIntegratedComponent:63 - No mode defined for component null
2025-11-06 16:49:23,170 [WARN] ModelIntegratedComponent:63 - No mode defined for component null
2025-11-06 16:49:23,170 [WARN] ModelIntegratedComponent:63 - No mode defined for component null
2025-11-06 16:49:23,170 [WARN] ModelIntegratedComponent:63 - No mode defined for component null
2025-11-06 16:49:23,170 [WARN] ModelIntegratedComponent:63 - No mode defined for component null
2025-11-06 16:49:23,170 [WARN] ModelIntegratedComponent:63 - No mode defined for component null
2025-11-06 16:49:23,170 [WARN] ModelIntegratedComponent:63 - No mode defined for component null
2025-11-06 16:49:23,170 [WARN] ModelIntegratedComponent:63 - No mode defined for component null
2025-11-06 16:49:23,170 [WARN] ModelIntegratedComponent:63 - No mode defined for component null
2025-11-06 16:49:23,170 [WARN] ModelIntegratedComponent:63 - No mode defined for component null
2025-11-06 16:49:23,170 [WARN] ModelIntegratedComponent:63 - No mode defined for component null
2025-11-06 16:49:23,170 [WARN] ModelIntegratedComponent:63 - No mode defined for component null
2025-11-06 16:49:23,170 [WARN] ModelIntegratedComponent:63 - No mode defined for component null
2025-11-06 16:49:23,170 [WARN] ModelIntegratedComponent:63 - No mode defined for component null
2025-11-06 16:49:23,170 [WARN] ModelIntegratedComponent:63 - No mode defined for component null
2025-11-06 16:49:23,170 [WARN] ModelIntegratedComponent:63 - No mode defined for component null
2025-11-06 16:49:23,170 [WARN] ModelIntegratedComponent:63 - No mode defined for component null
2025-11-06 16:49:23,171 [WARN] ModelIntegratedComponent:63 - No mode defined for component null
2025-11-06 16:49:23,171 [WARN] ModelIntegratedComponent:63 - No mode defined for component null
2025-11-06 16:49:23,171 [WARN] ModelIntegratedComponent:63 - No mode defined for component null
2025-11-06 16:49:23,171 [WARN] ModelIntegratedComponent:63 - No mode defined for component null
2025-11-06 16:49:23,171 [WARN] ModelIntegratedComponent:63 - No mode defined for component null
2025-11-06 16:49:23,171 [WARN] ModelIntegratedComponent:63 - No mode defined for component null
2025-11-06 16:49:23,171 [WARN] ModelIntegratedComponent:63 - No mode defined for component null
2025-11-06 16:49:23,171 [WARN] ModelIntegratedComponent:63 - No mode defined for component null
2025-11-06 16:49:23,171 [WARN] ModelIntegratedComponent:63 - No mode defined for component null
2025-11-06 16:49:23,171 [WARN] ModelIntegratedComponent:63 - No mode defined for component null
2025-11-06 16:49:23,171 [WARN] ModelIntegratedComponent:63 - No mode defined for component null
2025-11-06 16:49:23,171 [WARN] ModelIntegratedComponent:63 - No mode defined for component null
2025-11-06 16:49:23,171 [WARN] ModelIntegratedComponent:63 - No mode defined for component null
2025-11-06 16:49:23,171 [WARN] ModelIntegratedComponent:63 - No mode defined for component null
2025-11-06 16:49:23,171 [WARN] ModelIntegratedComponent:63 - No mode defined for component null
2025-11-06 16:49:23,171 [WARN] ModelPack:524 - Component already loaded: STMicroelectronics:HAL Drivers:0.0.0:STMicroelectronics:Device:STMicro_Driver:XSPI:HAL::0.0.1:HAL_XSPI
2025-11-06 16:49:23,311 [WARN] ModelIntegratedComponent:182 - Modes not found for component STMicroelectronics:USB_DEVICE:1.0.0:STMicroelectronics:USB::USB Device:Audio HS::1.0:USB_DEVICE_1_0_RESTRICTED_HS
2025-11-06 16:49:23,311 [WARN] ModelIntegratedComponent:188 - Modes not found for component STMicroelectronics:USB_DEVICE:1.0.0:STMicroelectronics:USB::USB Device:Audio HS::1.0:USB_DEVICE_1_0_RESTRICTED_HS
2025-11-06 16:49:23,311 [WARN] ModelIntegratedComponent:182 - Modes not found for component STMicroelectronics:USB_DEVICE:1.0.0:STMicroelectronics:USB::USB Device:CDC HS::1.0:USB_DEVICE_1_0_RESTRICTED_HS
2025-11-06 16:49:23,311 [WARN] ModelIntegratedComponent:188 - Modes not found for component STMicroelectronics:USB_DEVICE:1.0.0:STMicroelectronics:USB::USB Device:CDC HS::1.0:USB_DEVICE_1_0_RESTRICTED_HS
2025-11-06 16:49:23,311 [WARN] ModelIntegratedComponent:182 - Modes not found for component STMicroelectronics:USB_DEVICE:1.0.0:STMicroelectronics:USB::USB Device:DFU HS::1.0:USB_DEVICE_1_0_RESTRICTED_HS
2025-11-06 16:49:23,311 [WARN] ModelIntegratedComponent:188 - Modes not found for component STMicroelectronics:USB_DEVICE:1.0.0:STMicroelectronics:USB::USB Device:DFU HS::1.0:USB_DEVICE_1_0_RESTRICTED_HS
2025-11-06 16:49:23,311 [WARN] ModelIntegratedComponent:182 - Modes not found for component STMicroelectronics:USB_DEVICE:1.0.0:STMicroelectronics:USB::USB Device:HID HS::1.0:USB_DEVICE_1_0_RESTRICTED_HS
2025-11-06 16:49:23,311 [WARN] ModelIntegratedComponent:188 - Modes not found for component STMicroelectronics:USB_DEVICE:1.0.0:STMicroelectronics:USB::USB Device:HID HS::1.0:USB_DEVICE_1_0_RESTRICTED_HS
2025-11-06 16:49:23,311 [WARN] ModelIntegratedComponent:182 - Modes not found for component STMicroelectronics:USB_DEVICE:1.0.0:STMicroelectronics:USB::USB Device:Custom HID HS::1.0:USB_DEVICE_1_0_RESTRICTED_HS
2025-11-06 16:49:23,311 [WARN] ModelIntegratedComponent:188 - Modes not found for component STMicroelectronics:USB_DEVICE:1.0.0:STMicroelectronics:USB::USB Device:Custom HID HS::1.0:USB_DEVICE_1_0_RESTRICTED_HS
2025-11-06 16:49:23,311 [WARN] ModelIntegratedComponent:182 - Modes not found for component STMicroelectronics:USB_DEVICE:1.0.0:STMicroelectronics:USB::USB Device:MSC HS::1.0:USB_DEVICE_1_0_RESTRICTED_HS
2025-11-06 16:49:23,311 [WARN] ModelIntegratedComponent:188 - Modes not found for component STMicroelectronics:USB_DEVICE:1.0.0:STMicroelectronics:USB::USB Device:MSC HS::1.0:USB_DEVICE_1_0_RESTRICTED_HS
2025-11-06 16:49:23,326 [INFO] ThirdPartyModel:298 - Start build external matchings
2025-11-06 16:49:23,936 [INFO] ThirdPartyModel:316 - End build external matchings
2025-11-06 16:49:24,211 [INFO] UtilMem:75 - End LoadConfig() Used Memory: 874389248 Bytes (1073741824)
2025-11-06 16:49:24,320 [WARN] ThirdParty:833 - waiting for thirdparty lock release [change project]
2025-11-06 16:49:24,321 [INFO] ThirdParty:835 - entering critical section [change project]
2025-11-06 16:49:24,321 [INFO] ThirdParty:1030 - CMSIS Pack Vendor :STMicroelectronics X-CUBE-PM33A1 1.0.0
2025-11-06 16:49:24,321 [INFO] ThirdParty:1030 - CMSIS Pack Vendor :STMicroelectronics USBPD 4.1
2025-11-06 16:49:24,321 [INFO] ThirdParty:1030 - CMSIS Pack Vendor :STMicroelectronics X-CUBE-NFC9 1.0.0
2025-11-06 16:49:24,321 [INFO] ThirdParty:1030 - CMSIS Pack Vendor :STMicroelectronics USB_HOST 2.0.0
2025-11-06 16:49:24,321 [INFO] ThirdParty:1030 - CMSIS Pack Vendor :STMicroelectronics FP-SNS-MOTENVWB1 1.4.0
2025-11-06 16:49:24,321 [INFO] ThirdParty:1030 - CMSIS Pack Vendor :STMicroelectronics X-CUBE-AZRTOS-F4 1.1.0
2025-11-06 16:49:24,321 [INFO] ThirdParty:1030 - CMSIS Pack Vendor :STMicroelectronics LIBJPEG 8.0.0
2025-11-06 16:49:24,322 [INFO] ThirdParty:1030 - CMSIS Pack Vendor :STMicroelectronics FP-ATR-ASTRA1 2.0.2
2025-11-06 16:49:24,322 [INFO] ThirdParty:1030 - CMSIS Pack Vendor :wolfSSL I-CUBE-wolfSSL 5.8.2
2025-11-06 16:49:24,322 [INFO] ThirdParty:1030 - CMSIS Pack Vendor :STMicroelectronics X-CUBE-BLE1 7.1.0
2025-11-06 16:49:24,322 [INFO] ThirdParty:1030 - CMSIS Pack Vendor :STMicroelectronics X-CUBE-SMBUS 2.1.0
2025-11-06 16:49:24,322 [INFO] ThirdParty:1030 - CMSIS Pack Vendor :wolfSSL I-CUBE-wolfMQTT 1.19.2
2025-11-06 16:49:24,322 [INFO] ThirdParty:1030 - CMSIS Pack Vendor :STMicroelectronics USB_DEVICE 3.0.0
2025-11-06 16:49:24,322 [INFO] ThirdParty:1030 - CMSIS Pack Vendor :STMicroelectronics X-CUBE-ISPU 2.1.0
2025-11-06 16:49:24,322 [INFO] ThirdParty:1030 - CMSIS Pack Vendor :STMicroelectronics X-CUBE-EEPRMA1 5.2.0
2025-11-06 16:49:24,322 [INFO] ThirdParty:1030 - CMSIS Pack Vendor :STMicroelectronics X-CUBE-BLEMGR 4.1.0
2025-11-06 16:49:24,322 [INFO] ThirdParty:1030 - CMSIS Pack Vendor :STMicroelectronics X-CUBE-AZRTOS-WB 2.0.0
2025-11-06 16:49:24,322 [INFO] ThirdParty:1030 - CMSIS Pack Vendor :STMicroelectronics X-CUBE-ST60 1.0.0
2025-11-06 16:49:24,322 [INFO] ThirdParty:1030 - CMSIS Pack Vendor :STMicroelectronics X-CUBE-GNSS1 7.0.1
2025-11-06 16:49:24,322 [INFO] ThirdParty:1030 - CMSIS Pack Vendor :STMicroelectronics X-CUBE-NFC12 1.0.0
2025-11-06 16:49:24,322 [INFO] ThirdParty:1030 - CMSIS Pack Vendor :STMicroelectronics X-CUBE-AZRTOS-F7 1.1.0
2025-11-06 16:49:24,322 [INFO] ThirdParty:1030 - CMSIS Pack Vendor :STMicroelectronics X-CUBE-AZRTOS-L5 2.0.0
2025-11-06 16:49:24,322 [INFO] ThirdParty:1030 - CMSIS Pack Vendor :STMicroelectronics X-CUBE-TOUCHGFX 4.25.0
2025-11-06 16:49:24,322 [INFO] ThirdParty:1030 - CMSIS Pack Vendor :STMicroelectronics USB_DEVICE 2.0.0
2025-11-06 16:49:24,322 [INFO] ThirdParty:1030 - CMSIS Pack Vendor :STMicroelectronics X-CUBE-NFC6 3.1.0
2025-11-06 16:49:24,322 [INFO] ThirdParty:1030 - CMSIS Pack Vendor :STMicroelectronics X-CUBE-AI 10.1.0
2025-11-06 16:49:24,322 [INFO] ThirdParty:1030 - CMSIS Pack Vendor :STMicroelectronics FP-SNS-STBOX1 2.0.0
2025-11-06 16:49:24,322 [INFO] ThirdParty:1030 - CMSIS Pack Vendor :quantropi X-CUBE-qispace-sdk-base 2.1.0
2025-11-06 16:49:24,322 [INFO] ThirdParty:1030 - CMSIS Pack Vendor :STMicroelectronics FreeRTOS 0.0.1
2025-11-06 16:49:24,322 [INFO] ThirdParty:1030 - CMSIS Pack Vendor :STMicroelectronics X-CUBE-AZRTOS-G0 1.1.0
2025-11-06 16:49:24,322 [INFO] ThirdParty:1030 - CMSIS Pack Vendor :STMicroelectronics X-CUBE-SAFEA1 1.2.2
2025-11-06 16:49:24,322 [INFO] ThirdParty:1030 - CMSIS Pack Vendor :STMicroelectronics X-CUBE-NFC4 3.0.0
2025-11-06 16:49:24,322 [INFO] ThirdParty:1030 - CMSIS Pack Vendor :STMicroelectronics X-CUBE-SUBG2 5.0.0
2025-11-06 16:49:24,323 [INFO] ThirdParty:1030 - CMSIS Pack Vendor :STMicroelectronics X-CUBE-AZRTOS-H7RS 1.1.0
2025-11-06 16:49:24,323 [INFO] ThirdParty:1030 - CMSIS Pack Vendor :STMicroelectronics STM32_WPAN 1.0.0
2025-11-06 16:49:24,323 [INFO] ThirdParty:1030 - CMSIS Pack Vendor :EmbeddedOffice I-CUBE-FS-RTOS 1.0.1
2025-11-06 16:49:24,323 [INFO] ThirdParty:1030 - CMSIS Pack Vendor :STMicroelectronics lwIP 2.0.3
2025-11-06 16:49:24,323 [INFO] ThirdParty:1030 - CMSIS Pack Vendor :Cesanta I-CUBE-Mongoose 7.13.0
2025-11-06 16:49:24,323 [INFO] ThirdParty:1030 - CMSIS Pack Vendor :STMicroelectronics USB_HOST 1.0.0
2025-11-06 16:49:24,323 [INFO] ThirdParty:1030 - CMSIS Pack Vendor :Infineon AIROC-Wi-Fi-Bluetooth-STM32 1.7.1
2025-11-06 16:49:24,323 [INFO] ThirdParty:1030 - CMSIS Pack Vendor :STMicroelectronics X-CUBE-AZRTOS-G4 2.0.0
2025-11-06 16:49:24,323 [INFO] ThirdParty:1030 - CMSIS Pack Vendor :STMicroelectronics X-CUBE-WB05N 2.0.0
2025-11-06 16:49:24,323 [INFO] ThirdParty:1030 - CMSIS Pack Vendor :STMicroelectronics PDM2PCM 3.1.0
2025-11-06 16:49:24,323 [INFO] ThirdParty:1030 - CMSIS Pack Vendor :STMicroelectronics PDM2PCM 3.3.0
2025-11-06 16:49:24,323 [INFO] ThirdParty:1030 - CMSIS Pack Vendor :wolfSSL I-CUBE-wolfTPM 3.8.0
2025-11-06 16:49:24,323 [INFO] ThirdParty:1030 - CMSIS Pack Vendor :STMicroelectronics X-CUBE-AZRTOS-H7 3.4.0
2025-11-06 16:49:24,323 [INFO] ThirdParty:1030 - CMSIS Pack Vendor :STMicroelectronics X-CUBE-DISPLAY 3.0.0
2025-11-06 16:49:24,323 [INFO] ThirdParty:1030 - CMSIS Pack Vendor :wolfSSL I-CUBE-wolfSSH 1.4.20
2025-11-06 16:49:24,323 [INFO] ThirdParty:1030 - CMSIS Pack Vendor :STMicroelectronics X-CUBE-NFC7 2.0.0
2025-11-06 16:49:24,323 [INFO] ThirdParty:1030 - CMSIS Pack Vendor :STMicroelectronics X-CUBE-TCPP 4.2.0
2025-11-06 16:49:24,323 [INFO] ThirdParty:1030 - CMSIS Pack Vendor :RealThread X-CUBE-RT-Thread_Nano 4.1.1
2025-11-06 16:49:24,323 [INFO] ThirdParty:1030 - CMSIS Pack Vendor :STMicroelectronics FP-ATR-SIGFOX1 3.2.0
2025-11-06 16:49:24,323 [INFO] ThirdParty:1030 - CMSIS Pack Vendor :STMicroelectronics X-CUBE-NFC10 1.0.0
2025-11-06 16:49:24,323 [INFO] ThirdParty:1030 - CMSIS Pack Vendor :STMicroelectronics X-CUBE-FREERTOS 1.3.1
2025-11-06 16:49:24,323 [INFO] ThirdParty:1030 - CMSIS Pack Vendor :STMicroelectronics HAL Drivers 0.0.0
2025-11-06 16:49:24,323 [INFO] ThirdParty:1030 - CMSIS Pack Vendor :STMicroelectronics MBEDTLS 2.16.2
2025-11-06 16:49:24,323 [INFO] ThirdParty:1030 - CMSIS Pack Vendor :STMicroelectronics X-CUBE-ST60 1.1.0
2025-11-06 16:49:24,323 [INFO] ThirdParty:1030 - CMSIS Pack Vendor :STMicroelectronics X-CUBE-IPS 3.1.0
2025-11-06 16:49:24,323 [INFO] ThirdParty:1030 - CMSIS Pack Vendor :STMicroelectronics X-CUBE-ALS 1.0.2
2025-11-06 16:49:24,323 [INFO] ThirdParty:1030 - CMSIS Pack Vendor :emotas I-CUBE-CANOPEN 1.3.0
2025-11-06 16:49:24,323 [INFO] ThirdParty:1030 - CMSIS Pack Vendor :STMicroelectronics MBEDTLS 2.14.1
2025-11-06 16:49:24,323 [INFO] ThirdParty:1030 - CMSIS Pack Vendor :STMicroelectronics X-CUBE-GNSS1 7.1.0
2025-11-06 16:49:24,323 [INFO] ThirdParty:1030 - CMSIS Pack Vendor :ITTIA_DB I-CUBE-ITTIADB 8.9.0
2025-11-06 16:49:24,323 [INFO] ThirdParty:1030 - CMSIS Pack Vendor :STMicroelectronics X-CUBE-TOUCHGFX 4.26.0
2025-11-06 16:49:24,324 [INFO] ThirdParty:1030 - CMSIS Pack Vendor :STMicroelectronics X-CUBE-STSE01 1.0.0
2025-11-06 16:49:24,324 [INFO] ThirdParty:1030 - CMSIS Pack Vendor :portGmbH I-Cube-SoM-uGOAL 1.1.0
2025-11-06 16:49:24,324 [INFO] ThirdParty:1030 - CMSIS Pack Vendor :STMicroelectronics X-CUBE-ST67W61 1.0.0
2025-11-06 16:49:24,324 [INFO] ThirdParty:1030 - CMSIS Pack Vendor :STMicroelectronics X-CUBE-AI 10.2.0
2025-11-06 16:49:24,324 [INFO] ThirdParty:1030 - CMSIS Pack Vendor :STMicroelectronics FP-SNS-STAIOTCFT 1.0.0
2025-11-06 16:49:24,324 [INFO] ThirdParty:1030 - CMSIS Pack Vendor :STMicroelectronics ThreadX 1.0.0
2025-11-06 16:49:24,324 [INFO] ThirdParty:1030 - CMSIS Pack Vendor :STMicroelectronics FP-SNS-SMARTAG2 1.2.0
2025-11-06 16:49:24,324 [INFO] ThirdParty:1030 - CMSIS Pack Vendor :STMicroelectronics FP-SNS-FLIGHT1 5.1.0
2025-11-06 16:49:24,324 [INFO] ThirdParty:1030 - CMSIS Pack Vendor :STMicroelectronics X-CUBE-AZRTOS-WL 2.0.0
2025-11-06 16:49:24,324 [INFO] ThirdParty:1030 - CMSIS Pack Vendor :SEGGER I-CUBE-embOS 1.3.1
2025-11-06 16:49:24,324 [INFO] ThirdParty:1030 - CMSIS Pack Vendor :STMicroelectronics X-CUBE-ALGOBUILD 1.4.0
2025-11-06 16:49:24,324 [INFO] ThirdParty:1030 - CMSIS Pack Vendor :STMicroelectronics X-CUBE-DPower 1.3.0
2025-11-06 16:49:24,324 [INFO] ThirdParty:1030 - CMSIS Pack Vendor :STMicroelectronics X-CUBE-MEMS1 11.3.0
2025-11-06 16:49:24,326 [INFO] ThirdParty:1030 - CMSIS Pack Vendor :STMicroelectronics FP-SNS-MOTENV1 5.0.0
2025-11-06 16:49:24,326 [INFO] ThirdParty:1030 - CMSIS Pack Vendor :STMicroelectronics USB_DEVICE 1.0.0
2025-11-06 16:49:24,326 [INFO] ThirdParty:1030 - CMSIS Pack Vendor :STMicroelectronics X-CUBE-AZRTOS-L4 2.0.0
2025-11-06 16:49:24,326 [INFO] ThirdParty:1030 - CMSIS Pack Vendor :STMicroelectronics ThreadX 0.0.2
2025-11-06 16:49:24,326 [INFO] ThirdParty:1030 - CMSIS Pack Vendor :WES I-CUBE-Cesium 1.3.0
2025-11-06 16:49:24,326 [INFO] ThirdParty:1030 - CMSIS Pack Vendor :STMicroelectronics lwIP 2.1.2
2025-11-06 16:49:24,326 [INFO] ThirdParty:1030 - CMSIS Pack Vendor :STMicroelectronics X-CUBE-SFXS2LP1 4.0.0
2025-11-06 16:49:24,326 [INFO] ThirdParty:1030 - CMSIS Pack Vendor :STMicroelectronics X-CUBE-BLE2 3.3.0
2025-11-06 16:49:24,326 [INFO] ThirdParty:1030 - CMSIS Pack Vendor :STMicroelectronics X-CUBE-TOF1 3.4.3
2025-11-06 16:49:24,326 [INFO] ThirdParty:1030 - CMSIS Pack Vendor :STMicroelectronics PDM2PCM 3.2.0
2025-11-06 16:49:24,326 [INFO] ThirdParty:841 - exiting critical section [change project]
2025-11-06 16:49:24,618 [INFO] PinOutPanel:1589 - setPackage(No Configuration,No Configuration)
2025-11-06 16:49:24,619 [INFO] PinOutPanel:1589 - setPackage(STM32F411CEUx,UFQFPN48)
2025-11-06 16:49:24,854 [INFO] UtilMem:75 - Before build in PCC Used Memory: 617120944 Bytes (1073741824)
2025-11-06 16:49:25,258 [INFO] UtilMem:75 - After build in PCC Used Memory: 660443424 Bytes (1073741824)
2025-11-06 16:49:25,300 [INFO] IPUIPlugin:80 - create IPUIPlugin
2025-11-06 16:49:25,300 [INFO] IPUIPlugin:80 - create IPUIPlugin
2025-11-06 16:49:25,300 [INFO] IPUIPlugin:80 - create IPUIPlugin
2025-11-06 16:49:25,300 [INFO] IPUIPlugin:80 - create IPUIPlugin
2025-11-06 16:49:25,300 [INFO] IPUIPlugin:80 - create IPUIPlugin
2025-11-06 16:49:25,300 [INFO] IPUIPlugin:80 - create IPUIPlugin
2025-11-06 16:49:25,300 [INFO] IPUIPlugin:80 - create IPUIPlugin
2025-11-06 16:49:25,301 [INFO] IPUIPlugin:80 - create IPUIPlugin
2025-11-06 16:49:25,301 [INFO] IPUIPlugin:80 - create IPUIPlugin
2025-11-06 16:49:25,301 [INFO] IPUIPlugin:80 - create IPUIPlugin
2025-11-06 16:49:25,301 [INFO] IPUIPlugin:80 - create IPUIPlugin
2025-11-06 16:49:25,301 [INFO] IPUIPlugin:80 - create IPUIPlugin
2025-11-06 16:49:25,302 [INFO] IPUIPlugin:80 - create IPUIPlugin
2025-11-06 16:49:25,302 [INFO] IPUIPlugin:80 - create IPUIPlugin
2025-11-06 16:49:25,303 [INFO] IPUIPlugin:80 - create IPUIPlugin
2025-11-06 16:49:25,303 [INFO] IPUIPlugin:80 - create IPUIPlugin
2025-11-06 16:49:25,304 [INFO] IPUIPlugin:80 - create IPUIPlugin
2025-11-06 16:49:25,304 [INFO] IPUIPlugin:80 - create IPUIPlugin
2025-11-06 16:49:25,305 [INFO] IPUIPlugin:80 - create IPUIPlugin
2025-11-06 16:49:25,305 [INFO] IPUIPlugin:80 - create IPUIPlugin
2025-11-06 16:49:25,305 [INFO] IPUIPlugin:80 - create IPUIPlugin
2025-11-06 16:49:25,306 [INFO] IPUIPlugin:80 - create IPUIPlugin
2025-11-06 16:49:25,306 [INFO] IPUIPlugin:80 - create IPUIPlugin
2025-11-06 16:49:25,306 [INFO] IPUIPlugin:80 - create IPUIPlugin
2025-11-06 16:49:25,307 [INFO] IPUIPlugin:80 - create IPUIPlugin
2025-11-06 16:49:25,307 [INFO] IPUIPlugin:80 - create IPUIPlugin
2025-11-06 16:49:25,307 [INFO] IPUIPlugin:80 - create IPUIPlugin
2025-11-06 16:49:25,307 [INFO] IPUIPlugin:80 - create IPUIPlugin
2025-11-06 16:49:25,308 [INFO] IPUIPlugin:80 - create IPUIPlugin
2025-11-06 16:49:25,308 [INFO] IPUIPlugin:80 - create IPUIPlugin
2025-11-06 16:49:25,308 [INFO] IPUIPlugin:80 - create IPUIPlugin
2025-11-06 16:49:25,309 [INFO] IPUIPlugin:80 - create IPUIPlugin
2025-11-06 16:49:25,309 [INFO] IPUIPlugin:80 - create IPUIPlugin
2025-11-06 16:49:25,309 [INFO] IPUIPlugin:80 - create IPUIPlugin
2025-11-06 16:49:25,310 [INFO] IPUIPlugin:80 - create IPUIPlugin
2025-11-06 16:49:25,310 [INFO] IPUIPlugin:80 - create IPUIPlugin
2025-11-06 16:49:25,311 [INFO] IPUIPlugin:80 - create IPUIPlugin
2025-11-06 16:49:25,311 [INFO] IPUIPlugin:80 - create IPUIPlugin
2025-11-06 16:49:25,312 [INFO] IPUIPlugin:80 - create IPUIPlugin
2025-11-06 16:49:25,313 [INFO] IPUIPlugin:80 - create IPUIPlugin
2025-11-06 16:49:25,314 [INFO] IPUIPlugin:80 - create IPUIPlugin
2025-11-06 16:49:25,314 [INFO] IPUIPlugin:80 - create IPUIPlugin
2025-11-06 16:49:25,315 [INFO] IPUIPlugin:80 - create IPUIPlugin
2025-11-06 16:49:25,317 [INFO] ApiDbMcu:508 - Load IP Config File for PDM2PCM
2025-11-06 16:49:25,392 [INFO] CADModel:165 - CPN selected for project levelSTM32F411CEU6
2025-11-06 16:49:25,392 [INFO] CADModel:114 - Register for checkConnection events
2025-11-06 16:49:25,465 [INFO] OpenFileManager:385 - Restore cursor
2025-11-06 17:02:55,072 [INFO] WebApp:194 - Connection lost
2025-11-06 17:02:55,413 [INFO] WebApp:191 - Connection restablished
2025-11-06 17:02:57,199 [INFO] WebApp:194 - Connection lost
2025-11-06 17:02:57,407 [INFO] WebApp:191 - Connection restablished
